-- phpMyAdmin SQL Dump
-- version 4.7.4
-- https://www.phpmyadmin.net/
--
-- Host: 127.0.0.1:3306
-- Generation Time: Apr 01, 2018 at 04:31 PM
-- Server version: 5.7.19
-- PHP Version: 5.6.31

SET SQL_MODE = "NO_AUTO_VALUE_ON_ZERO";
SET AUTOCOMMIT = 0;
START TRANSACTION;
SET time_zone = "+00:00";


/*!40101 SET @OLD_CHARACTER_SET_CLIENT=@@CHARACTER_SET_CLIENT */;
/*!40101 SET @OLD_CHARACTER_SET_RESULTS=@@CHARACTER_SET_RESULTS */;
/*!40101 SET @OLD_COLLATION_CONNECTION=@@COLLATION_CONNECTION */;
/*!40101 SET NAMES utf8mb4 */;

--
-- Database: `goldust`
--

-- --------------------------------------------------------

--
-- Table structure for table `appointments`
--

DROP TABLE IF EXISTS `appointments`;
CREATE TABLE IF NOT EXISTS `appointments` (
  `appointmentID` int(7) UNSIGNED ZEROFILL NOT NULL AUTO_INCREMENT,
  `eventID` int(7) UNSIGNED ZEROFILL DEFAULT NULL,
  `transactionID` int(7) UNSIGNED ZEROFILL DEFAULT NULL,
  `date` date DEFAULT NULL,
  `time` time NOT NULL,
  `agenda` varchar(45) NOT NULL,
  `employeeID` int(4) UNSIGNED ZEROFILL NOT NULL,
  `status` enum('finished','cancelled','ongoing','') NOT NULL,
  PRIMARY KEY (`appointmentID`),
  UNIQUE KEY `appointmentID_UNIQUE` (`appointmentID`),
  KEY `eventID` (`eventID`),
  KEY `employeeID` (`employeeID`),
  KEY `fk_app_transactionID` (`transactionID`)
) ENGINE=InnoDB AUTO_INCREMENT=29 DEFAULT CHARSET=latin1;

--
-- Dumping data for table `appointments`
--

INSERT INTO `appointments` (`appointmentID`, `eventID`, `transactionID`, `date`, `time`, `agenda`, `employeeID`, `status`) VALUES
(0000001, 0000002, NULL, '2018-08-22', '08:30:00', 'Final Fitting', 0002, 'ongoing'),
(0000002, 0000014, NULL, '2018-12-20', '11:00:00', 'Final Fitting', 0002, 'finished'),
(0000003, 0000001, NULL, '2018-03-31', '10:00:00', 'Final Fitting', 0001, 'finished'),
(0000004, 0000006, NULL, '2017-09-11', '18:00:00', 'Final Fitting', 0003, 'finished'),
(0000005, 0000003, NULL, '2017-12-20', '09:00:00', 'Ocular', 0001, 'finished'),
(0000006, 0000006, NULL, '2017-09-12', '18:30:00', 'Ocular', 0003, 'finished'),
(0000007, 0000005, NULL, '2017-11-01', '10:00:00', 'Gown Fitting', 0005, 'finished'),
(0000008, 0000001, NULL, '2018-02-28', '17:00:00', 'Ocular', 0001, 'finished'),
(0000009, 0000004, NULL, '2018-01-01', '02:00:00', 'Ocular', 0005, 'finished'),
(0000010, 0000005, NULL, '2017-10-28', '13:00:00', 'Ocular', 0005, 'finished'),
(0000011, 0000010, NULL, '2018-01-16', '08:30:00', 'Ocular', 0009, 'finished'),
(0000012, 0000005, NULL, '2017-11-01', '10:00:00', 'Final Fitting', 0005, 'finished'),
(0000014, 0000011, NULL, '2017-12-27', '16:00:00', 'Final Fitting', 0003, 'finished'),
(0000015, 0000007, NULL, '2018-02-10', '13:00:00', 'Ocular', 0010, 'finished'),
(0000016, 0000012, NULL, '2018-01-07', '13:30:00', 'Ocular', 0001, 'finished'),
(0000017, 0000001, NULL, '2017-12-02', '08:00:00', 'Gown Fitting', 0001, 'finished'),
(0000018, 0000001, NULL, '2018-03-01', '13:00:00', 'Cake Tasting', 0001, 'finished'),
(0000019, 0000001, NULL, '2018-03-02', '13:00:00', 'Dessert Tasting', 0001, 'finished'),
(0000020, 0000001, NULL, '2018-02-13', '08:00:00', 'Floral Selection', 0001, 'finished');

-- --------------------------------------------------------

--
-- Table structure for table `clients`
--

DROP TABLE IF EXISTS `clients`;
CREATE TABLE IF NOT EXISTS `clients` (
  `clientID` int(7) UNSIGNED ZEROFILL NOT NULL AUTO_INCREMENT,
  `firstName` varchar(25) NOT NULL,
  `middleName` varchar(25) NOT NULL,
  `lastName` varchar(25) NOT NULL,
  `registrationDate` datetime NOT NULL DEFAULT CURRENT_TIMESTAMP,
  `contactNumber` varchar(11) NOT NULL,
  PRIMARY KEY (`clientID`)
) ENGINE=InnoDB AUTO_INCREMENT=34 DEFAULT CHARSET=latin1;

--
-- Dumping data for table `clients`
--

INSERT INTO `clients` (`clientID`, `firstName`, `middleName`, `lastName`, `registrationDate`, `contactNumber`) VALUES
(0000001, 'Touma', 'Santos', 'Kazusa', '2011-01-10 02:30:30', '09010101010'),
(0000002, 'Rin', 'Valdez', 'Tohsaka', '2005-04-05 01:35:24', '09010101011'),
(0000003, 'Taylor', 'Valdez', 'Swift', '2010-05-09 01:01:01', '09010101012'),
(0000004, 'Arturia', 'Pen', 'Dragon', '2013-09-11 05:24:24', '09010101013'),
(0000005, 'Azuma', 'Ka', 'Zuma', '2015-12-12 12:30:50', '09010101014'),
(0000006, 'Olive', 'Squid', 'Stewart', '2017-08-22 12:25:00', '09874552227'),
(0000007, 'Danial', 'Mount', 'Hill', '2017-04-11 08:28:00', '09127654253'),
(0000008, 'John', 'Wick', 'Ross', '2018-02-05 15:27:00', '09877776654'),
(0000009, 'Spencer', 'Santos', 'Saunders', '2018-02-04 08:28:00', '09332345678'),
(0000010, 'Francesca', 'Berg', 'Matthews', '2018-01-09 14:34:00', '09991238765'),
(0000011, 'Kalle', 'Uy', 'Alaja', '2018-02-02 12:48:00', '09653452349'),
(0000012, 'Josefiina', 'Dy', 'Ahonen', '2018-02-12 13:32:00', '09873451287'),
(0000013, 'Emarie ', 'Ancheta', 'Cayabyab', '2018-02-07 05:14:00', '09059213080'),
(0000014, 'Holly', 'Sy', 'Welch', '2012-05-11 05:00:00', '09899887678'),
(0000015, 'Alyssa', 'Uy', 'Isaac', '2013-12-21 08:30:00', '09344432356'),
(0000016, 'Sofia', 'Dy', 'Stuckey', '2016-03-23 09:45:00', '09876777789'),
(0000017, 'Jaxon', 'Co', 'Kean', '2016-07-22 10:40:00', '09899988990'),
(0000018, 'Dominic', 'Gomez', 'Tufnell', '2017-01-16 14:00:00', '09899988990'),
(0000019, 'Abigail', 'Stanfeild', 'Sternberg', '2018-01-13 09:30:00', '09087655674'),
(0000020, 'Bailey ', 'Gin', 'Scott', '2017-11-18 17:10:00', '09034561298'),
(0000021, 'Laura ', 'Scheele', 'O\'Keefe', '2017-09-03 15:15:00', '09064561896'),
(0000022, 'Jorja ', 'Stain', 'Stanford', '2017-06-04 09:20:00', '09784563876'),
(0000023, 'Grace ', 'Co', 'Levvy', '2017-08-24 07:50:00', '09694579542'),
(0000024, 'Luan', 'Oliveira', 'Gomes', '2018-02-01 09:10:00', '09045679876'),
(0000025, 'Luiz  ', 'Fernandes', 'Alves', '2018-02-10 10:45:00', '09834589654'),
(0000026, 'Emily', 'Ramos', 'Dias', '2017-08-09 10:00:00', '09563418754'),
(0000027, 'Igor', 'Ana', 'Rocha', '2017-08-09 11:35:00', '09896784562'),
(0000028, 'Evelyn', 'Martins ', 'Santos', '2017-01-29 09:55:00', '09681524357'),
(0000029, 'Ichigo', 'Kuro', 'Saki', '2015-03-03 10:00:00', '09123498765'),
(0000030, 'Anko', 'Kure', 'Nai', '2015-04-04 16:00:00', '09987654321'),
(0000031, 'Gon ', 'Sy', 'Freecs', '2015-05-05 15:00:00', '09564738932'),
(0000032, 'Rangiku ', 'Matsu', 'Moto', '2016-06-06 06:00:00', '09253475864'),
(0000033, 'Cris ', 'Macario', 'Macrio', '2018-03-19 00:00:00', '09260878700');

-- --------------------------------------------------------

--
-- Table structure for table `decors`
--

DROP TABLE IF EXISTS `decors`;
CREATE TABLE IF NOT EXISTS `decors` (
  `decorsID` int(7) UNSIGNED ZEROFILL NOT NULL AUTO_INCREMENT,
  `decorName` varchar(20) NOT NULL,
  `color` varchar(10) NOT NULL,
  `decorType` enum('utensils','furnishing','trinkets') NOT NULL,
  PRIMARY KEY (`decorsID`)
) ENGINE=InnoDB AUTO_INCREMENT=37 DEFAULT CHARSET=latin1;

--
-- Dumping data for table `decors`
--

INSERT INTO `decors` (`decorsID`, `decorName`, `color`, `decorType`) VALUES
(0000001, 'Chair Covers', 'black', 'trinkets'),
(0000002, 'Drapes', 'maroon', 'trinkets'),
(0000003, 'Columns', 'white', 'furnishing'),
(0000004, 'Chair Covers', 'blue', 'trinkets'),
(0000005, 'Garlands', 'green', 'trinkets'),
(0000006, 'Table Runner', 'red', 'trinkets'),
(0000007, 'Tapestry', 'aqua', 'utensils'),
(0000008, 'Tapestry', 'yellow', 'trinkets'),
(0000009, 'Aisle Runner', 'red', 'trinkets'),
(0000010, 'Foil Fringe Curtain', 'yellow', 'trinkets'),
(0000011, 'Aisle Runner', 'blue', 'trinkets'),
(0000012, 'Foil Fringe Curtain', 'violet', 'trinkets'),
(0000013, 'Starburst Decoration', 'gold', 'trinkets'),
(0000014, 'Starburst Decoration', 'silver', 'trinkets'),
(0000015, 'Tea Light Candles', 'white', 'trinkets'),
(0000016, 'Foil Fringe Curtain', 'silver', 'trinkets'),
(0000017, 'Balloons', 'Aqua', 'trinkets'),
(0000018, 'Balloons', 'Red', 'trinkets'),
(0000019, 'Led String Light', 'Yellow', 'trinkets'),
(0000020, 'Wine glass', 'White', 'utensils'),
(0000021, 'Spoon And Fork', 'Gold', 'utensils'),
(0000022, 'Spoon And Fork', 'Silver', 'utensils'),
(0000025, 'Mono Block Table', 'Green', 'furnishing'),
(0000026, 'Mono Block Table', 'White', 'furnishing'),
(0000027, 'Mono Block Chair', 'White', 'furnishing'),
(0000028, 'Mono Block Chair', 'Black', 'furnishing'),
(0000029, 'Table Cloth', 'Gray', 'trinkets'),
(0000030, 'Table Cloth', 'Cream', 'trinkets'),
(0000031, 'halu', 'white', 'trinkets'),
(0000032, 'hii', 'black', 'furnishing'),
(0000033, 'Sakamoto', 'blek', 'trinkets'),
(0000034, 'ferrero', 'brown/gold', 'trinkets'),
(0000035, 'da flor', 'brown', 'furnishing'),
(0000036, 'chuku', 'brown', 'utensils');

-- --------------------------------------------------------

--
-- Table structure for table `designs`
--

DROP TABLE IF EXISTS `designs`;
CREATE TABLE IF NOT EXISTS `designs` (
  `designID` int(7) UNSIGNED ZEROFILL NOT NULL AUTO_INCREMENT,
  `designName` varchar(35) NOT NULL,
  `color` varchar(20) NOT NULL,
  `designType` enum('suit','gown','costume','accesory') NOT NULL,
  PRIMARY KEY (`designID`)
) ENGINE=InnoDB AUTO_INCREMENT=71 DEFAULT CHARSET=latin1;

--
-- Dumping data for table `designs`
--

INSERT INTO `designs` (`designID`, `designName`, `color`, `designType`) VALUES
(0000001, 'Soiree Gown #1', 'Magenta', 'gown'),
(0000002, 'Soiree Gown #2', 'Magnolia', 'gown'),
(0000003, 'JS Prom Dress #1', 'Gold', 'gown'),
(0000004, 'JS Prom Dress #2', 'White', 'gown'),
(0000005, 'Wedding Dress #1', 'Black and white', 'gown'),
(0000007, 'Wedding Dress #2', 'Ultra Black', 'gown'),
(0000008, 'Wedding Dress #3', 'Black Hole', 'gown'),
(0000009, 'Soiree Gown #3', 'Dark Blue', 'gown'),
(0000010, 'JS Prom Dress #3', 'Black w/ Blue', 'gown'),
(0000011, 'Men Tuxedo #1', 'Black and white', 'suit'),
(0000012, 'Men Tuxedo #2', 'Blue and whie', 'suit'),
(0000013, 'Barong Tagalog', 'Purple', 'suit'),
(0000014, 'Slacks', 'Gray', 'suit'),
(0000015, 'Ball Wedding Gown', 'Pink', 'gown'),
(0000016, 'Ball Gown Cap Sleeves', 'Dark Blue', 'gown'),
(0000017, 'Silk Bow Tie', 'Black', 'accesory'),
(0000018, 'Silk Bow Tie', 'Red', 'accesory'),
(0000019, 'Checkered Bow Tie', 'Blue', 'accesory'),
(0000020, 'Silk Neck Tie', 'Black', 'accesory'),
(0000021, 'Silk Neck Tie', 'Blue', 'accesory'),
(0000022, 'Slim Fit Formal Shirt', 'Blue', 'suit'),
(0000023, 'Full Sleeve Polo', 'Light Blue', 'suit'),
(0000024, 'Full Sleeve Polo', 'Black', 'suit'),
(0000025, 'Dotted Voilwe Veil', 'White', 'accesory'),
(0000026, 'Wedding Veil', 'White', 'accesory'),
(0000027, 'Floral Bridal Hair Accessory', 'White', 'accesory'),
(0000028, 'Beaded Comb', 'White', 'accesory'),
(0000029, 'Diamond Crown', 'White', 'accesory'),
(0000030, 'full suit spider man', 'red and blue', 'costume'),
(0000031, 'furry cloak', 'cream', 'costume'),
(0000032, 'Mexican cloak', 'red and blue', 'costume'),
(0000033, 'full suit vampire', 'red and black', 'costume'),
(0000034, 'silky cloak', 'red', 'costume'),
(0000035, 'Full suit Snow White', 'yellow and blue', 'costume'),
(0000036, 'kekeke', 'white', 'gown'),
(0000037, 'kekeke', 'white', 'gown'),
(0000038, 'uhuehueh', 'black/white', 'costume'),
(0000039, 'lasoasldao', 'red', 'gown'),
(0000040, 'sishihs', 'shit', 'accesory'),
(0000041, 'rwby', 'rwby', 'costume'),
(0000042, 'erza', 'red', 'accesory'),
(0000043, 'erza', 'red', 'accesory'),
(0000044, 'popop', 'blek', 'gown'),
(0000045, 'Gow', 'white', 'costume'),
(0000046, 'Gow', 'white', 'costume'),
(0000047, 'Gow', 'white', 'costume'),
(0000048, 'Gow', 'white', 'costume'),
(0000049, 'Gow', 'white', 'costume'),
(0000050, 'Gow', 'white', 'costume'),
(0000051, 'Gow', 'white', 'costume'),
(0000052, 'Gow', 'white', 'costume'),
(0000053, 'Gow', 'white', 'costume'),
(0000054, 'Gow', 'white', 'costume'),
(0000055, 'Gow', 'white', 'costume'),
(0000056, 'Gow', 'white', 'costume'),
(0000057, 'Gow', 'white', 'costume'),
(0000058, 'Gow', 'white', 'costume'),
(0000059, 'Gow', 'white', 'costume'),
(0000060, 'Gow', 'white', 'costume'),
(0000061, 'Gow', 'white', 'costume'),
(0000062, 'Gow', 'white', 'costume'),
(0000063, 'Gow', 'white', 'costume'),
(0000064, 'labs', 'white/blue', 'costume'),
(0000065, 'labs', 'white/blue', 'costume'),
(0000066, 'labs', 'red/black', 'costume'),
(0000067, 'labs', 'red/black', 'costume'),
(0000068, 'labs 2', 'white/blue', 'costume'),
(0000069, 'hart hart', 'white/brown', 'accesory'),
(0000070, 'hart hart', 'white/brown', 'accesory');

-- --------------------------------------------------------

--
-- Table structure for table `employees`
--

DROP TABLE IF EXISTS `employees`;
CREATE TABLE IF NOT EXISTS `employees` (
  `employeeID` int(4) UNSIGNED ZEROFILL NOT NULL AUTO_INCREMENT,
  `firstName` varchar(30) NOT NULL,
  `midName` varchar(30) NOT NULL,
  `lastName` varchar(30) NOT NULL,
  `address` varchar(50) NOT NULL,
  `email` varchar(25) NOT NULL,
  `photo` mediumblob,
  `username` varchar(45) DEFAULT NULL,
  `password` varchar(50) DEFAULT NULL,
  `contactNumber` varchar(11) NOT NULL,
  `role` enum('handler','admin','staff','on-call staff') NOT NULL DEFAULT 'handler',
  `status` enum('active','inactive') NOT NULL DEFAULT 'active',
  PRIMARY KEY (`employeeID`)
) ENGINE=InnoDB AUTO_INCREMENT=27 DEFAULT CHARSET=latin1;

--
-- Dumping data for table `employees`
--

INSERT INTO `employees` (`employeeID`, `firstName`, `midName`, `lastName`, `address`, `email`, `photo`, `username`, `password`, `contactNumber`, `role`, `status`) VALUES
(0001, 'Cristoforo', 'Santos', 'Eryn', '#1 ABC Street Baguio City', 'eryn@yahoo.com', 0xffd8ffe000104a46494600010100000100010000ffed006c50686f746f73686f7020332e30003842494d040400000000004f1c0228004a46424d443066303030373537303130303030333230333030303066623035303030303530303630303030633730363030303037313038303030303736306230303030633330623030303000ffdb0043000b08080a08070b0a090a0d0c0b0d111c12110f0f1122191a141c29242b2a282427272d3240372d303d302727384c393d43454849482b364f554e465440474845ffdb0043010c0d0d110f1121121221452e272e4545454545454545454545454545454545454545454545454545454545454545454545454545454545454545454545454545ffc20011080096009603012200021101031101ffc4001c0000010501010100000000000000000000030001020607040508ffc4001801000301010000000000000000000000000001020304ffda000c03010002100310000000bdc872ac94a2ec76660979fc59027a5c33212ad9ec3f3d6882d063176a528b820c8086490cb21caa64f190300f9fa29fd3e2e838f4f3f817ef2b2df3d680fa79364b262fb1383c44c128c5c26a482121cea6728481b14da70b54d71e2efe7e953e714df975fb71af3a4ec98fe8ba636f97392a4b31940a926b948935398d04b1ad8b204fdcf6f28d139fae1d5cf3cf71938044d5b43cd75fe9e4ee373745498a12125514d46412b534c85c38eebb922bf22d555bbe5b7a287e473f4f454ac359d339ebf8f68fb73590fce7a0f314c92a82a4c40cc448352d80a04219e8f77a3dd235b1f0fa42e6e9f129374a36d8374f1bed8ea366c36e6d689201092a82a488228abd967a1e62a88fa82aa1a0d0ae71a5bd74f2e1bd02adeef87b6119b974cd9d982ef79c4f6127b10d522f97e95251464c357d5023040a3106ca4ae5b71de8f43bb5274ca7268d4a82884eff009fd885a4a02a9eecd74ac611ce39c551d4186461183a37cf9ff5ed232df27d8f2f3a4cec0c130073f4bce986b684aa7d7c51248634959e490a25483ab574ae729e04a69324880521cdd20d492553ffc4002f100001030401030303020701000000000001000203040510111213144120213106224230331523243234355161ffda0008010100010701f5d4d6c348cd8fa92979a7fd494e0aa3bc52d59e3ea27f42e77165040aa2792a2532703ac0f6566bcef54de827f4269994f0be5acab7d6543a5a4a4e7f7f6bb0ab69fa5efb5c959abfbda4c6d6d1391819fa96aff6e99bf7154ecd35a033d95753f5a22d782c790acf59da5730ed6d6f210f4de27eb5c65342d63aa5a84b1b9c8cfc57790f15511b2a7723985a57fedbeabb9a18a4de421919937fc45ea9e8e18aa78764d05d18a00c792fa16d5b259a3a7ee2069143a25f50c31c9c6c3feb90c8c0380737b8b85d675493f7348c90f0919a34f0c9285256c619a8842e7973991720aacf2a97ab33385bd88208218f95a4337d773b8b9cc95f1a8a76cf0b5f1f59aa40f5fce2aa661044e7301924022688d81a10c0c8cd4c82288baba474f397ab783d9074328213cc6a59800a795d2caa2f67b546ee4d042087aea4bf8955ef6ba7720ad23fa2d4b4e0a962784d8bcbbf75c81d156da96cb006b50f40cb8e82bb5c5836c32171282b57f8e88d84f8812a601ad29c7ee25413985e0d0dca095800f40cdf2acc0ce9fce6cffd857128b4ab80e953927215bef3d063626b83da1d818bb5c8d0c6d12c8f99e5e463c2b346de8ec8c5e67e72018d218b156fbf6ab6820ae153dd56c92e34bc2b24cd2c3080a7f66155f149d6e680f74ff6d63ca8e47452b6486613c2c93682bad476d6e94aff00982bf12a9e7304cd9219048c6b8fbabbb34c07ca6fca795e179c58a7dd33e2da0bea397f6222bf207fe2f0b5ec56bd95abab1ea94534e55fdfc276c057c7ba017938b2c9c6b75bc5f5fcae24637b47c227430ca89239d93472738c3ae4fe570a9211c05f962824e95644eda1f2a67be499ee5e505e5390f85d27f0e7472cb2daa993e95f3564ec1f1e8f386bb8bc1da09c46d785f92190bb97f43a163fbacb02af1c2e15432579c78513b7130fffc4001e11000103050101000000000000000000000100023003112021311012ffda0008010201013f00c2f0d429a4880a71b95a4d75b486453c5b6ba876d994fe794a0a9cf29081c34be53790fc94d16859133b97ffc4001e11000201050101010000000000000000000001020311202131103012ffda0008010301013f00f523f25be14a3b26934587947a45346c946fb1aca3d212b889687944a7d13655be6910e88aaf25e41ecb93efc5491277f5f8b0964b0965ffc4003410000102020705070305010000000000000100021121031012203141513042526171132232627281b104a1d1336392a2c1f1ffda0008010100083f01bf4cf0d507c13185c83ac3f85db7c691de16aa57173ca82357d51f43ff00c3b5a4306b42a4cf01a04fbaff00d5a391da0f5bae0c7246556e3fbaedabc803156df2e169429297dda51a56c74283bfaa8559c207aecf3b67150b5ddcf5425deb41a330acc11f4b3d93ff00e2383667f0898af39d9eb02b7986cb95200e1cd0a1161a670561c39415891cf02809f58ad16b3d9f2804c71138c1377930b21cd768dfe29e5a1bc946780eaa3371c53706cb64f324e696f5a86a56750c53b7725cf6620df338e09849e673ab995828a2b9d5198f8d95b0f7f08c02d71ab9df34b65de73b0b7de76e8a85d39caefd408b460e09a62d3306ed143b67fd82a471738e66e6a85595e7f567e2eeec60de974e2275bc4065799e269884cc1c235ef3bb83def0c5a9a620cc55a5fe032afabcdf7c0be6590fb85621eeb8445d7f89a457c0d02fdb717d1f84928191115ad2bbe6ff00385748eb4e2666fd83638a1254427d9811281987b844dfd0d623efae77e567ef08c57abe57eebbe761e50bffc40024100100020202020203010101000000000001001121311041516171812091a1b1c1f0ffda0008010100011e102bf0b972e572aeaf6c65129a9c3077bd4497161c2f1307825cbe2e189bef86ac33ed111a8bf68afd4c6e1c5f02f03c1ce665ccdd761d1d1885bd12b4d43412ada98dd4dac8d42ba3dfe2f83c0b87e05f187d382a4835ba251278eeebdc382de1ea115d6aaf8de762e10452e1c771ba31a2039bbcbb89c1bc1950307574c99a8462ea66247c23462e158eea521165b6fdda619bfc021c2e5e6337e0814d3a0c2ce553a815b85c2ac0841656dab634e6414ee90f3ca292eac6ebf5fc77b4295e5ee2a115061c4e019f54c12c81e231fb08da80af94a96be388494d822ee5794717ce3aef5d2b9819a8e2dc68587512dedb2f9154180463ae1f24682d95ce93f01336302a70a44cf03f4c22864ecab0b76af920b4a639ecc18dabf2c3bd2315ed87f5150e7385c18a5cb95cd30ae8e8153ccefe92ab2d0e987cd1288ad688b058487844b8d96806e92e3e61970cc38588c50de243b0b7ee8d25c1eee8858da2d9bca891bf6b99ef0dc3de3fdb088e0c1971419732d50b1e8f341a573bbb62ff00637eae1dcf1a16203e7b2e016d0725d47dde1e30c1831418af504ab9e31d11b56b17a8ac4ba312cc6e88e8f2e91dbc040c5573d6f843be5a1d9065c5065ed6dabcc98e1dad96566a557cc4a9197b241ba840887ebc3985608e228dfcff00d4782e0f777f0f5d0de224c332a712ef5f641a96a3f11a928d5a554c120a41a9770ea50da68ab9f5c8a0e07ed87610c2bdc7534a26a8f1375e5a793ba4a3b3c90e9035f57f6cdfacf3c1baf041ab32edcbd4b6f77fc185a2997d7fe03ca05c9b9608ad94c8f5ac76198673f322665ce1fcb3c086ff005896660cd7033f5fd6661046ff00def71843fa475f08064ac43da31454a8bdf09327de23eac06d993e88ea691da1986e8a6a379c70ad22a45ec9dd4311e51ed12a702afee881a05a3515897f979dcdb3ba55706a3c711e0985b3d31e48e4b575d3c2085ae1aa896c153a5c557502df347f733a340fd5e0e38628c99bf53b7b9ed94fe4ffc4002310000103020603010000000000000000000100112130402031415071811051a191ffda00080101001f3f10c7166d640c4761965a2852d5d916f4ee17011e1dfa4176c9ab1fa3064b3d8234b3364fa519d2893645b620f3f1f10b49348b31c59cf827f0cd2e9ddb187e69ff00ffd9, 'CrisErv', 'pwd', '09128623549', 'handler', 'active'),
(0002, 'Aina', 'Yu', 'Andreasson', '#98 BNM Subd., Baguio City', 'aiii@yahoo.com', 0xffd8ffe000104a46494600010200000100010000ffdb0043000503040404030504040405050506070c08070707070f0a0b090c110f1212110f111013161c1713141a1510111821181a1c1d1f1f1f13172224221e241c1e1f1effdb0043010505050706070e08080e1e1411141e1e1e1e1e1e1e1e1e1e1e1e1e1e1e1e1e1e1e1e1e1e1e1e1e1e1e1e1e1e1e1e1e1e1e1e1e1e1e1e1e1e1e1e1e1e1e1e1e1effc000110800c800c803012200021101031101ffc4001f0000010501010101010100000000000000000102030405060708090a0bffc400b5100002010303020403050504040000017d01020300041105122131410613516107227114328191a1082342b1c11552d1f02433627282090a161718191a25262728292a3435363738393a434445464748494a535455565758595a636465666768696a737475767778797a838485868788898a92939495969798999aa2a3a4a5a6a7a8a9aab2b3b4b5b6b7b8b9bac2c3c4c5c6c7c8c9cad2d3d4d5d6d7d8d9dae1e2e3e4e5e6e7e8e9eaf1f2f3f4f5f6f7f8f9faffc4001f0100030101010101010101010000000000000102030405060708090a0bffc400b51100020102040403040705040400010277000102031104052131061241510761711322328108144291a1b1c109233352f0156272d10a162434e125f11718191a262728292a35363738393a434445464748494a535455565758595a636465666768696a737475767778797a82838485868788898a92939495969798999aa2a3a4a5a6a7a8a9aab2b3b4b5b6b7b8b9bac2c3c4c5c6c7c8c9cad2d3d4d5d6d7d8d9dae2e3e4e5e6e7e8e9eaf2f3f4f5f6f7f8f9faffda000c03010002110311003f00eb074a78a60cd381ae5351e3a53877a68e94a280241d29475a6a9a75003852834d5a7500396969a2941a2e3141a5a68a5cfb52016945252f6a005a2939e6814f501d9c7068a4a5a2e0277a5fe1a4a3b5200a28a43d2801290d29a4ef40011d714520a2988ce5cd3c74a62d3c1a0070a70a68e29d400e5a7138a68a56ed4021e297bd0296801474a51482824633c5031c318aa7ab6a9a7e956e6e351bc82da21d0c9205cfd3d6b89f1efc418b49925d3347d93df2712ca7e6480fa7bb7b76efe95e31acead75a8de9babfba96e256eb24ad93f87603d87148a51ee7d056de3cf0c5d4c22835485d8e71ce3f9d43278ef44898fda2ee38d558ab0ce4820d7cf1737fe4a6100949e9cd55b8bc790888b107f88f4e6ab942c8fab745d7b48d613769f7d05c772a8c0b0fc2b4c7e55f20da5dea3a55cc57f65772432c4d9578c9054fbfa8afa07e12f8f63f16d9b595e6d8b56b75cc88385957206f51dba8c8ff001a2c0d763be3477a28a9ea481a3b5141e94300a4340a3e94009de8f4a290d00c41de8a4ed453119eb4e14d5e69e29b01c3a53a983a629e2900e1d69dde9a3e94a280b8f5a70a68a51400be9835c07c60f18b68560ba5e9f285d42e94e581e614fef7d4f207e27b73dbea377058584f7b72fb61823691cfa00335f29f8a75ab9d73c4175a85c310f73216c672117b28f6006051b971ee2b4f24a9b22242f259cf393dff001cff003a2da07e5999147ab11fccd4da1da4ba85e43690a9dd236001e9edfe3eb5efde0bf859a47d9a3b8d520171395e87955fa5454aaa99d7430d2aaae78259e8f14fac40ae731c840386ce73e951789ec574cd625858ed0a7036ae78edd7f3afa92fbe17e8b34005b5a2c45795655c1a8dbe1969371195d4ed6395cf1e615c1fc6b35898daecdde09ec8f957ccb6986c8672cdfdd61ffd6a4f0feab75e1cf115b6a76a7125bbee0a780cbd190fb11c57adfc4ff83f69a7d9c9a8e8f2346f1fcdb17a57905f40f2e9aceeb8b981b6b1c6323b1fd6b584d4968ce6a94250d1a3eb9d1afe0d534bb6d42d9f7c571189148f422add7947ecebe20fb6e8571a2caff3dab7990827f81ba8fc0ff315eac7a551cad585cd07a52519c8a2e20fad21a3341346c025368279a4268b8013c514d3d28a04ca2a69e0f19a8c53d7a5301c0d3c1a8c53d6900f0714ea8cf4f7a78e40a0078c528a68c528c77e9401e7bf1e358fb0784fec113912de385207f7473fcf15f3c273704291c01b78ea7fc9cfe15e95f1eb546bbf164562ae4c76910f97b063c93f96dfcabce6ca092e3508ada100c923ac6b8e7e62714933651d123db3e00f8584e4eb9729f26764391d877fe75f43e9512220000e95c2782ce97a368d65a6fdaa08fca8c29cb815dd6993413461a2b88a41d728c0d79955b9caecfa0a118d3828a66bc2a14e7f4a74d146f92475ef8a588295c820e78a1c75008cfa52b685fa1ccf886c61b882481f95231cd7cb7f133441a16af710ecda931dca738afacf515ebe60e2bc03f695b402cadf50503e57dac7d01fff0055561e4d4ec678a8f353b9e6bf077543a378ead4b1511cac6093fdd7e3ff00420b5f506770c8c62be38b199a0ba86e23255d5d769f423a7f4afae340bafb7689657817689a049319e9900d7a47cf4917f3484f1c5276a4078a640b9a46381d6933d69ac78a0052dcd216e29848cd213eb400e24514ccd1408aa29cbcd301a729aa01e29c3a53075a70a403fad385301a752024148ff748c81480d54d66736fa55dce3398e17718f604d0c68f987c697c750f15ea5784fcad70db7fddc9c7e82adfc30d39352f175a79ea5a38f74ce01c670303f5ae6afe576b895db04b393fd3fad7b47eceda14371a75edfca80b33889188ec064fea6b19cb96373b6853e79d8dcd4fc49a359a4b147a07da62b77114b280142360f1b891e99ebc77ab9e0cbb8c489aa69ad345131242170c180eb823208f704fe1c67a74f045acb339f2622b238720b1504fb8e87f1ad15d022b5b4f27398d7242ee6c2e7ae06703afa564ea5270f33b952acaa791d3e837c6e6c84e0e54aeeeb595adf8824b769043833638f407b54fe1a64b7d3e68147dc5e38ac89b464d4e391c82cccc7703c8391d08ee3dab961672d4ec9f328e873f67ab6a3a8dc309fc590ae0fcd12aee2b9f5f4ae33e38477e3c257315d482ea1003c7301ce41ce0feb5bcff000c62b3966682f2449e4560bbe0c184f1ca15c60f1d7269fe2ed0ee4780afaceea43338b465de782c71d71dabaa5c9192699c6954941a923e67881fb2330fbcb823f0afa73e0fde1bbf00e9eccfb9903273d806381f957ccf0a656488f500902bdcff00673bd337862f2d09e61b8c8fa30e3f91ae9ea79535a1ea4c69a4f1c50c69b9e2a8c45cfad231e29a4f14d26800279a4cd349a426801d9e28a6668a044029eb51034f5355601e09cd3c1c0a8c1e69c0d202453cd3aa3079a783480783591e369843e12d5242718b571d7d548ad515ca7c5d94c5f0fb5460704a2818ff00787f4cd0f62a3b9f33484b1c6323a9fc4fff005abe84f8072ac5e12b754e0b49231ffbe8d7cff226158f7dc07e55ee5f05d9a2f0cd9baf767ffd08d73565789e8e11da773def4f3198c03d3bd51f11ddc30c4a13192d80beb54a0b990440260332e73d80f5aa1a85a4d7e008e570e33f383ce6b8544f69caeb436b41123db5c49b720a7cc7b54be1cb881259ada460181e3dc57316ba7f892ce292dad9c6d753ba4918ff009353e9ba75cdbc01ae2eda4bc5c90f8da0fb63d29b8a5b093b9db5e7968a769ce7d6b82f1edd470e8f76d2300be5367f2adeb6d5164b5fde7c8ebc303d8d792fc6fd77c8f0ddf10c550aec247fb442ff005a2945b919e22a4630678146ff00e94b2374248eb8e33fe06bd57f6739da3d6755b2618063040ff758ff008d791c172974bba3185503af7ebcd7a37c12b9f2be20c0327173048a41f50b9ffd96bd37a33c1959c59f41934d278a4279a4278c559cc04d358d216a631e280b8a4d2669a4d373408713453334500460f34f535102334e06ac4c9475a78a881a729a4c64aa4e69c3d6a3069d9a90245ae03e3c5c987c18b002419ee141c7a004d77a0d7947c7eb9dff00d9364a37b348d215f6181fd4d296c5d35791e4a916530dd3713c7d0d7b07c169d24f0f7d8d5bf796d33039eb8273fd6bca24189180fe1ce71f435a7e1df1237853c670c9312b677281271d9792037e1d3e84d6324e4ac775392a6d33eab16d05de8de597789de3281d0e0a9f51f9d61683612dab1b6bebcd424646204f1480e476254f7fa55cf0fea10dd5ac6564055b04106b663b2476e4f3d410704571c25c8eccf5e294d7f90fb88e358a4117882e76ee1e5eeb7058a9c641240f7ae6562d72f354892c2fdc428c0ca6e604c1181c0da720e4fe95d51d3a62adbee2764eb82fc1a8a3885b06c2ed19aa9d48db62946dd5b296b36515a40f317cb30fcf8c66be70fda0f5358ec6df4d56fde5c4dbdc7a2af4fd48af78f18eae046719776212341fc47b015f2efc5b90dd78d248de5121b68d56420e406ea71f9e3f0ad3091f7aecf3b1d3f72c8e77444dc366380307f1aeefe13b8b7f1ee94ee7044ad1ff00df4a40fe75c6e810b35c88f1cbe71f80aecbc176efff00097e9e07060bc8b77b80e0ff008d755497bc70538feecfa3b3eb48c78a463de9a4e4559cd702698c78a4269ac6810a5a9a4f34d2dcd349e6801f9a2a3ddef4530101a729a6039a703d6ac4c901a70a8c1e29ca78a919229a78351a9e69e0d201e0f7af13f8bf722e3c671a97f96d2dfaf5c1cf00d7b4bb6d8d89ec2be7df1bdc2de7883529cfcaad71e564f60871fcc56751e86d417bc60b281146fc8666f9b3f51fe26a9f8fe1ff004882418f9a1dc3f0639fd4d5891b746a436323a7e35078bb261d3e41cfc8dcf7e715307ef237a9f0b3d6fe18eb172be1ed3a6525d0c6032e7b8e0e2bd7741f11d95c22b3b032a8f994f5af04f83b7067f0e1853ef5b4aca463d4eefeb5dccc8b2e0852b27f794e0d73d482e667a142aca314d1eb52ebd66d0f2c131ef5c8f89bc63021fb1d99f3ee1bf8179c0f7f4ae3a1d0aeafa5c3dedcedf4f30d57d7aef4df0a27d9ad9526d4641939e4463fbcc7d7d0564e08da559b5a8be29d6df4bd35eed984baa4a856107eec208ebf97e75e0f748f2ddcb24ced23b316766392c49e7f5cd763e27d6ddd59ae642f7321e17ab1f73e9ec3fc8e52de27941623ef360574d14e2aecf3aabf69a2347c2b003ab4195e0eee7b0e09fe95df78374f2de27b4bc44f925753c7190149cfe95c3e944c73ec8cfcf37ee908e700fde38f615e99e18d4f4883c4f656b737515be10ac0ac700bf0a173d33d7f4a4db94d24269420d9ea34d278a09c1a631e2bacf3809e6a366a18d318d20026909a693484d003b345333453b00a3b53d7ad44a7d69e0d52132414aa69829ca6819229a78e6a206b94f8abe2c3e15f0d99ad8a7dbee5bcbb60c3214f7723be07ea45095dd909bb1afe28f13687a0423fb57518a1661958b9676fa28e7f1e95e0baddec576f2dca64473ceec01ebcb923f98ae2ef2f6eafaedeeeeee249e791b73c9236e663ea49ae82331cba4c5229276b383f5c9c7f4a55e972a4cd30f3bb6301ca310dc02471ea3ffd752f8891a4d16d2e6353b54edfd38ffd06ab58126dee06411b8ed04773dff415ad696e353f0ddcdaa60bc49e744377391e9f867f3ae7968d33ae3ef45a3a4fd9de4136bf7fa79e5268d6503d30707f98af6c9f478a1949e82bc07f66f9cc3f14ed616ca89e391083d3a67fa57d4fab5a40f66d731307edc1ac6bbb4cebc22bd3d4e0bc43aa41a0e9735e152eea02c483ab393851f9e2bc6751bd9a6bd99da41717d2926593aec27afe38e83b7e95d6fc6dbdbcb4b28648dd111a60369e71c1f981eddfb579ed9a99ed49812e4331dc5e3da3764f3c9229436bb3abeaf2ab19493d2254d46cae0e2531b60900b739cf7249a90442dad53711bb1fcfbd2eb5247a7c0be65c3873d3e7dc73f80c7f9eb5c9dfdeccec18bb12c78cf5ade109545a1c15ab429fba8e806a6967299958348010b8fe11edef5937b7535d4de74ae49ea07a7a7f4aa16e2495f736401eb568af1c577d0c3a83e667955b10e6ac7ae7c2bf896d118f45f11dc6e8b85b7bb73ca7fb2e7d3d0f6efea3d8c3ab282a41047047435f1f0e1b26bd27e17fc439f49961d275695a5d3d8854727260cffecbeddbb7a1bab46faa3284eda33dd58d309a038750ca41046410739a631e2b8cd809e69a4d25266801c0d14de68a007034fc8a8d4fbd3856826480d381e2a31d29e0d48c7ad7ce9f1c75b6d5bc6d35b2b0fb3e9ebf674c1272dd5c9f439e3e8a2be82d46ee3b1d3ae2f66388e089a563eca327f957c8fa8dccb797d3ddcc7324d2348e7dc9c9fe75b515adccea3d0aea3bf18fad6be9b7ea9179321c4678e075f4ac7c700f4a5e42d6d3873ab32213707746ede7996b12ce9f340cc37329cfe7f9715a7e1abd6d3ee85ca8df0e76328fee93d3f98fd6b1fc2d6d79a9deff00655b12de6a92413c600cf35a173a5ea7a448b15f5ac9121e3206777d3b1af3aac793dd67bb9750589bcae6b6ade1abd1ad2df787e731b4b868cab14383c751d3a91d6bdde0d68787fc1fa7da6a97488c912a39c96f9b1ce3a93dff00c8af0bd1bc41fd9ba8065f39adc0fdda4d8251b03201eb8cfe98fc1de6eb1ab192ed679a798297904c72a4740467815c93bbd19f4580c8e4e6eef424f185c5edd6a57a2e263a8c174ecf0344e59064fc83d8818e057212ea7750d92dbdbcaebcf63800577df0e62b689eff0056d689fecfd3a22eeaf9da58f4519e849e31ea6b80d6af16ff0054b9bd4823b759a42cb146005407a281f4aedc2d1e77aec8e0ceb1ab0f7a704b99ab5ccb91249a5324f23b9ee58d39224ce4819eded4f3f5e9dfde9cbfdeaf4d412d8f8d726f56394000014aefb38e09a4071ec4d371b9b8154c9114863962334f53ed405c0e6976f3401ebbf043c517334cfe1ebfb8695163325ab39c9503aa67d30723d39af56635f2be937f73a66a36fa859bec9ede412211edd8fb1e87d89afa774fbb8efb4eb6bd8b3e5dc44b2afd1803fd6b8abc395dcde9caeac582692933f5a4cd60683a8a6e68a007834f06a106a407a568492034f0735153d4d2651c7fc69d416c3e1f5ea990ac974c96f1e3b92c0b0ffbe15abe6cc65b1ef5eeff00b4649b7c25609eb7c0fe48ff00e35e1310cca49ed5d3457ba633dc715a50b4e3d4134e1c0cd6e6573d3ff67dd245c6a9a86a2f1e562884484fab1c9fd147e75e97e22f06db6b822594ba18c928e87079ebfd2a87c04d2becde078ee0a9df7533ca7e9c28ff00d06bd1ede3d8d96c903b57cfe2aa3755b47d465f174a9c64b46792bfc2ce3c99b5091f04952b10041edfd2acf87be18ac13bb6a57ef344000b1444a0eb9e6bd3c83239382bcf033c5717f173c563c2fe1a78ed9b6ea17aa63b7c755fef3fe03f523deb2a6e7524a28f4ab6635a106e536796fc67f13c3777e3c3ba5144d3ac1b6c9e5f02490718f70bc8fae6bcdfae4d3a66258fcc58b1c927a9a418edd2be8a95354e2a28f8baf5a55a6e721ad80868e37041d00a5900c0fad301f99c9f5c56a643ba9a7a9f4e95086c29e793c548bf77141248319a5e3f4a68eb4e1ed40c4fa57bcfc1cd546a1e0c86dd9b32d9318587b7553f91c7e15e0a7ad779f04f56365e297d3ddf115f46463b6f5c953f96e1f8d615e3cd12e9bb33dc09a4fad2134dcd709d03e8a66ea280241d29e2a214f079abb924829eb51669eb4ae51e6dfb45c79f08d8c9fddbe03f38dffc2bc3201c135efbf1fa509e0308620e64bb8d4311f738639ffc771f8d781c1c443debaa86c615371e0ff3a7c6aceeaa8392400314c193d2ba2f871a69d5bc6fa4d8f66b9566efc2fcc47e43f5ada72e58b64c23cd248faa3c0da50d37c37a7d904004302213ea71cfeb5ab768a90b48782064f15a5676c44606380318acef1566db4c76c1181ce3bd7cb4a5cd23eb23eea48c37bf8a1b696ee7912386252cecc70140e4926be60f883e259fc4fe2396fc9616ebfbbb7463caa0271f89c926bd0be367899edb4887c3b6b21596e53ccb82a7911f61f89fd07bd78de4e739fa57b197d0e55ed19e2e6389e67ecd74003273e94bd28038c1eb41e4d7a6796364ec08e735136436dee49fe752c9daabb9fde39fc28b8d0f5c3367b0e073532f1c9e950c4302a4ce4e3b0a092404e3eb4edd81da98294e78039a7b0c303039abfe1fbe3a6ebb61a82ffcb09d1dbdd41e7f4cd516a45621aa5ad016e7d539cf3c73ef499ae7be1e6b0bacf84ecee79f3225f225c9c9dea00cfe2307f1ae809af35e8ec75ad50668a4ce79a295c76245a703c51455103c74a78a28a0a38ef8d512c9f0e351665dc62689d4fa1f31467f227f3af9de3fbaa31da8a2baa86c615371e3b9af74fd8d342b4d57c7fa8dfdec22586cac085e3eec8ec0039edc06fce8a2b4abf03260ed247d64742b30488eeb68f46c1ff0ae77c6fa0e936fa05f6a9ab6acd0d959c2d34a63419daa324727af14515e6c30f4dbd8f45e2eaa8ee7c19e22d465d5f5bbbd465c869e42c0139dabfc2b9f6181f855038c8ef4515eaa492b23cd936ddd8e3d7eb49f9d14550864845579400ff53fd28a2a58d1293b5428ea7a53970a31fad145021e3a64f4a747c9cf634514c056e4d33a51450c0f7bf8496bf65f035a33218de767948618272d807fef902baca28af326ef2675c760a28a2a467fffd9, 'AinaAnd', 'pwd', '09167724356', 'admin', 'active'),
(0003, 'Alexsandra', 'Co', 'Nordin', '#123 DEF St., Baguio CIty', 'nordin@yahoo.com', NULL, 'AlexNor', 'pwd', '09993456789', 'handler', 'inactive'),
(0004, 'Mia', 'Sue', 'Johansen', '#76 Pico, La Trinidad, Benguet', 'miamia@yahoo.com', NULL, 'MiaJoh', 'pwd', '09782567268', 'staff', 'inactive'),
(0005, 'Bo', 'Kong', 'Kangas', '#544 TYU St., Baguio CIty', 'kangas@yahoo.com', NULL, 'BoKan', 'pwd', '09876697567', 'handler', 'active'),
(0006, 'Daniella', 'Yu', 'Mattsson', '#98 BGR St., La Trinidad, Benguet', 'danmat@yahoo.com', NULL, 'DaniMat', 'pwd', '09877789082', 'handler', 'active'),
(0007, 'Fehim', 'Mo', 'Lidia', '#56 Km 3, La Trinidad, Benguet', 'fehim@yahoo.com', NULL, 'FehiLid', 'pwd', '09834562349', 'staff', 'active'),
(0008, 'Aloisa', 'Berg', 'Piccio', '#22 KJY Subd., Baguio City', 'allo@yahoo.com', NULL, 'AloiPic', 'pwd', '09987765560', 'handler', 'inactive'),
(0009, 'Jordan', 'Lim', 'Holmgren', '78 Sanitary Camp, Baguio City', 'jord@yahoo.com', NULL, 'JordHol', 'pwd', '09876127567', 'staff', 'active'),
(0010, 'Frida', 'Lee', 'Eadwig', '#67 RTH Subd., PLF St., Baguio City', 'eadwig@yahoo.com', NULL, 'FridEad', 'pwd', '09982765760', 'handler', 'active'),
(0011, 'Abellona', 'Li', 'Schou', '#841 TYU St., Baguio CIty', 'abe@yahoo.com', NULL, 'AbelSch', 'pwd', '09872394287', 'staff', 'active'),
(0012, 'Karita', 'Ki', 'Kemppi', '#34 GYW Subd., PLK St., Baguio City', 'karita@yahoo.com', NULL, 'KariKem', 'pwd', '09581165564', 'handler', 'inactive'),
(0013, 'Sly', 'Co', 'Stallone', '13th Stallone Street, Baguio City', 'StalloneSly@gmail.com', NULL, NULL, NULL, '09273397854', 'staff', 'active'),
(0014, 'Craig', 'Masungit', 'Mabait', 'MabaitAko 5th street, Baguio City', 'MabaitCraig@gmail.com', NULL, NULL, NULL, '09227788999', 'staff', 'inactive'),
(0015, 'Denise', 'Malungkot', 'Masaya', '1st Masaya Street, La Trinidad', 'Masaya@yathoo.com', NULL, NULL, NULL, '09119933445', 'staff', 'active'),
(0016, 'Manga', 'Mengge', 'Mango', '4th Mango Street, La Trinidad', 'Mango@Manga.com', NULL, NULL, NULL, '09000000001', 'staff', 'active'),
(0017, 'Ali', 'Suy', 'Mango', '60th Mango Street, La Trinidad', 'AliMango@manga.com', NULL, NULL, NULL, '09000000060', 'staff', 'inactive'),
(0018, 'You', 'Uy', 'Tube', '1st Youtube Avenue, Baguio City', 'YouTube@Youtube.com', NULL, NULL, NULL, '09111111100', 'staff', 'active'),
(0019, 'Chi', 'Uy', 'Pee', 'Chippy Boulevard, Tagaytay', 'ChippyGreen@gmail.com', NULL, NULL, NULL, '09111111101', 'staff', 'active'),
(0020, 'Apple', 'Pi', 'Ply', 'ApplePiePly@gmail.om', 'ApplePly@gmail.com', NULL, NULL, NULL, '09111111102', 'staff', 'inactive'),
(0021, 'House', 'Sy', 'Home', 'HomeHouse street', 'HouseHome@gmail.com', NULL, NULL, NULL, '09221312310', 'staff', 'active'),
(0022, 'Blade', 'Holy', 'Trinity', 'Holy street', 'BladeTrinity@gmail.com', NULL, NULL, NULL, '09231415120', 'staff', 'inactive'),
(0023, 'pee', 'Ki', 'wee', '6 jack n\' jill street', 'peewee@yahoo.com', NULL, NULL, NULL, '09458631825', 'on-call staff', 'active'),
(0024, 'piczhaz', 'Pee', 'pie', '3 towns pizza city', 'pie12365Z@gmail.com', NULL, NULL, NULL, '09561236548', 'on-call staff', 'active'),
(0025, 'pee', 'Uy', 'La', '6 bakakeng', 'peeL@yahoo.com', NULL, NULL, NULL, '09458631826', 'on-call staff', 'active'),
(0026, 'pitsa', 'Li', 'pie', '4 towns pizza city', 'p12365Z@gmail.com', NULL, NULL, '09561231423', '', 'on-call staff', 'active');

-- --------------------------------------------------------

--
-- Table structure for table `entourage`
--

DROP TABLE IF EXISTS `entourage`;
CREATE TABLE IF NOT EXISTS `entourage` (
  `entourageID` int(7) UNSIGNED ZEROFILL NOT NULL AUTO_INCREMENT,
  `eventID` int(7) UNSIGNED ZEROFILL NOT NULL,
  `entourageName` varchar(25) DEFAULT NULL,
  `role` varchar(25) DEFAULT NULL,
  `shoulder` tinyint(3) UNSIGNED DEFAULT NULL,
  `chest` tinyint(3) UNSIGNED DEFAULT NULL,
  `stomach` tinyint(3) UNSIGNED DEFAULT NULL,
  `waist` tinyint(3) UNSIGNED DEFAULT NULL,
  `armLength` tinyint(3) UNSIGNED DEFAULT NULL,
  `armHole` tinyint(3) UNSIGNED DEFAULT NULL,
  `muscle` tinyint(3) UNSIGNED DEFAULT NULL,
  `pantsLength` tinyint(3) UNSIGNED DEFAULT NULL,
  `baston` tinyint(3) UNSIGNED DEFAULT NULL,
  `status` enum('done','not-done') NOT NULL DEFAULT 'not-done',
  PRIMARY KEY (`entourageID`,`eventID`),
  KEY `eventID` (`eventID`)
) ENGINE=InnoDB AUTO_INCREMENT=49 DEFAULT CHARSET=latin1;

--
-- Dumping data for table `entourage`
--

INSERT INTO `entourage` (`entourageID`, `eventID`, `entourageName`, `role`, `shoulder`, `chest`, `stomach`, `waist`, `armLength`, `armHole`, `muscle`, `pantsLength`, `baston`, `status`) VALUES
(0000001, 0000001, 'Kyon Kyon', 'Bestman', 15, 45, 30, 33, 40, 25, 28, 50, 15, 'done'),
(0000002, 0000001, 'Haruhi Suzumiya', 'Brides Maid', 10, 35, 20, 25, 36, 22, 24, 35, 15, 'done'),
(0000003, 0000001, 'Amy Lee', 'Brides Maid', 11, 33, 24, 27, 36, 22, 25, 37, 15, 'done'),
(0000004, 0000001, 'Chester Bennington', 'Bestman', 16, 42, 28, 33, 42, 24, 26, 55, 18, 'done'),
(0000005, 0000004, 'Chito Miranda', 'Groomsmen', 17, 42, 34, 33, 35, 24, 26, 42, 14, 'done'),
(0000006, 0000004, 'Mikuru Asahina', 'Usher', 10, 37, 24, 26, 36, 20, 22, 32, 10, 'done'),
(0000007, 0000006, 'Taylor Carino', 'Brides Maid', 10, 30, 26, 28, 33, 20, 21, 50, 10, 'done'),
(0000008, 0000006, 'Nia Swift', 'Brides Maid', 9, 28, 25, 24, 24, 15, 15, 20, 8, 'done'),
(0000009, 0000005, 'Anne Gi', '18 Candles', 10, 40, 20, 21, 30, 23, 26, 43, NULL, 'done'),
(0000010, 0000005, 'Gi Anne', '18 Candles', 10, 40, 20, 21, 30, 23, 26, 43, NULL, 'done'),
(0000011, 0000005, 'Louise Sam', '18 Candles', 10, 50, 25, 25, 33, 25, 30, 46, NULL, 'done'),
(0000012, 0000005, 'Samantha Lou', '18 Candles', 11, 48, 26, 23, 35, 23, 28, 49, NULL, 'done'),
(0000013, 0000005, 'April June', '18 Candles', 12, 45, 30, 28, 30, 26, 26, 41, NULL, 'done'),
(0000014, 0000005, 'July April', '18 Candles', 13, 40, 28, 26, 28, 25, 22, 38, NULL, 'done'),
(0000015, 0000005, 'Aerith Gainsborough', '18 Candles', 10, 35, 32, 28, 26, 25, 18, 40, NULL, 'done'),
(0000016, 0000005, 'Melina MeLana', '18 Candles', 15, 60, 31, 29, 31, 27, 30, 50, NULL, 'done'),
(0000017, 0000005, 'Elizabeth Anne Pelayo', '18 Candles', 15, 70, 35, 30, 30, 27, 30, 35, NULL, 'done'),
(0000018, 0000005, 'Denise Milani', '18 Candles', 15, 65, 33, 30, 33, 28, 30, 39, NULL, 'done'),
(0000019, 0000005, 'Nicki Minaj', '18 Candles', 16, 60, 35, 33, 34, 31, 34, 41, NULL, 'done'),
(0000020, 0000005, 'Ashley Lashley', '18 Candles', 12, 45, 33, 31, 36, 28, 27, 33, NULL, 'done'),
(0000021, 0000005, 'Tig O. Bitties', '18 Candles', 12, 75, 36, 38, 39, 30, 39, 39, NULL, 'done'),
(0000022, 0000005, 'Christina Hendricks', '18 Candles', 13, 68, 35, 33, 38, 30, 36, 40, NULL, 'done'),
(0000023, 0000005, 'Mary Heights', '18 Candles', 5, 29, 24, 21, 27, 25, 20, 29, NULL, 'done'),
(0000024, 0000005, 'Ba Ka Keng', '18 Candles', 1, 2, 3, 4, 5, 6, 7, 8, NULL, 'done'),
(0000025, 0000005, 'Girl S. Moo', '18 Candles', 25, 90, 40, 45, 50, 45, 35, 100, NULL, 'done'),
(0000026, 0000005, 'Boy S. Moo', '18 Roses', 35, 60, 45, 45, 51, 75, 85, 110, 13, 'done'),
(0000027, 0000005, 'Ong O. Back', '18 Roses', 28, 35, 35, 35, 40, 40, 43, 60, 13, 'done'),
(0000028, 0000005, 'Mar I. Cris', '18 Roses', 30, 30, 30, 30, 30, 30, 30, 30, 11, 'done'),
(0000029, 0000005, 'Emm A. Rie', '18 Roses', 31, 31, 31, 31, 31, 31, 31, 31, 14, 'done'),
(0000030, 0000005, 'Jay S. On', '18 Roses', 32, 32, 32, 32, 32, 32, 32, 32, 14, 'done'),
(0000031, 0000005, 'Re U. El', '18 Roses', 33, 33, 33, 33, 33, 33, 33, 33, 14, 'done'),
(0000032, 0000005, 'Jann M. Gaye', '18 Roses', 34, 34, 34, 34, 34, 34, 34, 34, 14, 'done'),
(0000033, 0000005, 'Ah R. Ah', '18 Roses', 35, 35, 35, 35, 35, 35, 35, 35, 12, 'done'),
(0000034, 0000005, 'Mark O. Polo', '18 Roses', 36, 36, 36, 36, 36, 36, 36, 36, 13, 'done'),
(0000035, 0000005, 'Ferrari E. Lambo', '18 Roses', 30, 34, 35, 36, 37, 38, 39, 40, 12, 'done'),
(0000036, 0000005, 'Kurt C. Obain', '18 Roses', 31, 33, 32, 33, 34, 33, 35, 38, 12, 'done'),
(0000037, 0000005, 'John C. Ena', '18 Roses', 39, 60, 40, 41, 38, 36, 39, 45, 15, 'done'),
(0000038, 0000005, 'John Morrison', '18 Roses', 38, 55, 38, 39, 37, 35, 38, 43, 14, 'done'),
(0000039, 0000005, 'Kobe E. Bryant', '18 Roses', 39, 50, 40, 38, 50, 38, 41, 75, 12, 'done'),
(0000040, 0000005, 'Lebronkey S. Donkey', '18 Roses', 41, 55, 40, 40, 52, 40, 43, 79, 15, 'done'),
(0000041, 0000005, 'Giannis G. Antetekounpo', '18 Roses', 42, 56, 42, 42, 50, 41, 45, 76, 14, 'done'),
(0000042, 0000005, 'Bruce E. Lee', '18 Roses', 34, 36, 35, 36, 39, 36, 36, 49, 13, 'done'),
(0000043, 0000005, 'Leonardo Dicaprio', '18 Roses', 38, 44, 40, 41, 45, 44, 40, 55, 16, 'done'),
(0000044, 0000021, 'Ed Sheeran', '18 Candles', NULL, NULL, NULL, NULL, NULL, NULL, NULL, NULL, NULL, 'not-done'),
(0000045, 0000072, 'Joanna Gomes', 'BridesMaid', NULL, NULL, NULL, NULL, NULL, NULL, NULL, NULL, NULL, 'not-done'),
(0000046, 0000031, 'Nia Carino', 'Flower Girl', NULL, NULL, NULL, NULL, NULL, NULL, NULL, NULL, NULL, 'not-done'),
(0000047, 0000031, 'Ian Carino', 'Ring Bearer', NULL, NULL, NULL, NULL, NULL, NULL, NULL, NULL, NULL, 'not-done'),
(0000048, 0000031, 'Melat Sirje', 'Flower Girl', NULL, NULL, NULL, NULL, NULL, NULL, NULL, NULL, NULL, 'not-done');

-- --------------------------------------------------------

--
-- Table structure for table `entouragedetails`
--

DROP TABLE IF EXISTS `entouragedetails`;
CREATE TABLE IF NOT EXISTS `entouragedetails` (
  `entourageID` int(10) UNSIGNED ZEROFILL NOT NULL,
  `designID` int(10) UNSIGNED ZEROFILL NOT NULL,
  PRIMARY KEY (`entourageID`,`designID`),
  KEY `fk_etd_designID_idx` (`designID`)
) ENGINE=InnoDB DEFAULT CHARSET=latin1;

--
-- Dumping data for table `entouragedetails`
--

INSERT INTO `entouragedetails` (`entourageID`, `designID`) VALUES
(0000000002, 0000000002),
(0000000003, 0000000002),
(0000000006, 0000000009),
(0000000001, 0000000011),
(0000000004, 0000000011),
(0000000005, 0000000011),
(0000000007, 0000000012);

-- --------------------------------------------------------

--
-- Table structure for table `eventdecors`
--

DROP TABLE IF EXISTS `eventdecors`;
CREATE TABLE IF NOT EXISTS `eventdecors` (
  `eventID` int(7) UNSIGNED ZEROFILL NOT NULL,
  `decorID` int(7) UNSIGNED ZEROFILL NOT NULL,
  `quantity` int(5) UNSIGNED NOT NULL,
  PRIMARY KEY (`eventID`,`decorID`),
  KEY `eventID` (`eventID`),
  KEY `decorID` (`decorID`)
) ENGINE=InnoDB DEFAULT CHARSET=latin1;

--
-- Dumping data for table `eventdecors`
--

INSERT INTO `eventdecors` (`eventID`, `decorID`, `quantity`) VALUES
(0000001, 0000002, 10),
(0000001, 0000003, 6),
(0000001, 0000004, 40),
(0000001, 0000006, 10),
(0000001, 0000009, 2),
(0000001, 0000014, 15),
(0000001, 0000015, 150),
(0000001, 0000017, 50),
(0000001, 0000020, 75),
(0000001, 0000021, 75),
(0000001, 0000026, 10),
(0000001, 0000027, 40),
(0000001, 0000030, 10),
(0000002, 0000005, 50),
(0000002, 0000006, 20),
(0000004, 0000001, 30),
(0000004, 0000009, 1),
(0000004, 0000015, 100),
(0000004, 0000016, 10),
(0000004, 0000018, 50),
(0000005, 0000006, 60),
(0000005, 0000013, 50);

-- --------------------------------------------------------

--
-- Table structure for table `eventdesigns`
--

DROP TABLE IF EXISTS `eventdesigns`;
CREATE TABLE IF NOT EXISTS `eventdesigns` (
  `eventID` int(7) UNSIGNED ZEROFILL NOT NULL,
  `designID` int(7) UNSIGNED ZEROFILL NOT NULL,
  `quantity` int(5) UNSIGNED NOT NULL,
  PRIMARY KEY (`eventID`,`designID`),
  KEY `eventID` (`eventID`),
  KEY `designID` (`designID`)
) ENGINE=InnoDB DEFAULT CHARSET=latin1;

--
-- Dumping data for table `eventdesigns`
--

INSERT INTO `eventdesigns` (`eventID`, `designID`, `quantity`) VALUES
(0000001, 0000002, 2),
(0000001, 0000011, 2),
(0000002, 0000005, 2),
(0000006, 0000011, 6),
(0000006, 0000013, 10),
(0000006, 0000014, 10),
(0000021, 0000004, 1);

-- --------------------------------------------------------

--
-- Table structure for table `events`
--

DROP TABLE IF EXISTS `events`;
CREATE TABLE IF NOT EXISTS `events` (
  `eventID` int(7) UNSIGNED ZEROFILL NOT NULL AUTO_INCREMENT,
  `eventName` varchar(45) DEFAULT NULL,
  `clientID` int(7) UNSIGNED ZEROFILL NOT NULL,
  `celebrantName` varchar(30) DEFAULT NULL,
  `eventDate` date DEFAULT NULL,
  `eventLocation` varchar(40) DEFAULT NULL,
  `eventType` varchar(15) DEFAULT NULL,
  `eventTime` time DEFAULT NULL,
  `motif` varchar(15) DEFAULT NULL,
  `employeeID` int(4) UNSIGNED ZEROFILL DEFAULT NULL,
  `totalAmount` int(11) DEFAULT NULL,
  `eventStatus` enum('on-going','finished','cancelled','new') DEFAULT 'new',
  `packageType` enum('full-package','semi-package') DEFAULT NULL,
  `dateAssisted` date DEFAULT NULL,
  `refundedAmount` decimal(10,2) DEFAULT NULL,
  `refundedDate` date DEFAULT NULL,
  `cancelledDate` date DEFAULT NULL,
  `resumeDate` date DEFAULT NULL,
  `finishedDate` date DEFAULT NULL,
  PRIMARY KEY (`eventID`),
  KEY `clientID` (`clientID`),
  KEY `employeeID` (`employeeID`)
) ENGINE=InnoDB AUTO_INCREMENT=82 DEFAULT CHARSET=latin1;

--
-- Dumping data for table `events`
--

INSERT INTO `events` (`eventID`, `eventName`, `clientID`, `celebrantName`, `eventDate`, `eventLocation`, `eventType`, `eventTime`, `motif`, `employeeID`, `totalAmount`, `eventStatus`, `packageType`, `dateAssisted`, `refundedAmount`, `refundedDate`, `cancelledDate`, `resumeDate`, `finishedDate`) VALUES
(0000001, 'Nagato-Nagato Nuptial', 0000001, 'Yuuki Nagato', '2018-04-08', 'Yamashita Forest', 'Wedding', '12:00:00', 'red', 0001, 500000, 'on-going', 'semi-package', '2017-12-05', '0.00', NULL, NULL, NULL, NULL),
(0000002, 'Emiya Shorou Birthday', 0000002, 'Emiya Shirou', '2018-09-02', 'Shinto Temple', 'Birthday', '18:00:00', 'white', 0002, 50000, 'on-going', NULL, '2017-08-15', '0.00', NULL, NULL, NULL, NULL),
(0000003, 'Wake ', 0000003, 'Sly Carino', '2018-01-07', 'Antelope, California', 'Wake', '20:00:00', 'Black', 0001, 1000000000, 'cancelled', 'full-package', '2018-01-07', '90000000.00', '2018-01-08', '2018-01-07', NULL, NULL),
(0000004, 'Holy Grail War', 0000004, 'Arturia Pendragon', '2018-02-02', 'Osaka, Japan', 'Holy Grail War', '00:00:00', 'Gold', 0005, 5000, 'cancelled', NULL, '2017-01-01', '0.00', NULL, '2018-12-01', NULL, NULL),
(0000005, 'Jane Ross\' Debut', 0000008, 'Jane Ross', '2018-11-06', 'Aurora Hill, Baguio ', 'Debut', '13:00:00', 'red', 0002, 23000, 'finished', 'semi-package', '2018-10-01', '0.00', NULL, NULL, NULL, NULL),
(0000006, 'Matthews-Smith Nuptial', 0000010, 'Francesca and Francis Matthews', '2018-10-07', 'Cathedral, Baguio City', 'Wedding', '09:00:00', 'sky blue', 0005, 500000, 'finished', 'semi-package', '2018-01-25', '0.00', NULL, NULL, NULL, NULL),
(0000007, 'Sally Alaja Birthday', 0000011, 'Sally Alaja', '2018-02-20', '#56 Blk 5 BNH Baguio City ', 'Birthday', '11:30:00', 'gold', 0003, 12000, 'on-going', NULL, '2018-01-15', '0.00', NULL, NULL, NULL, NULL),
(0000008, 'Batch \'98 Reunion', 0000012, 'Josefiina Ahonen', '2018-02-15', 'PB Gym, SLU, Baguio City', 'Reunion', '08:30:00', 'cream', 0010, 20000, 'on-going', NULL, '2017-11-25', '0.00', NULL, NULL, NULL, NULL),
(0000009, 'Aqua Water Birthday', 0000005, 'Aqua Water', '2018-01-02', 'Spira, Bevel', 'Birthday', '10:10:00', 'blue', 0008, 15000, 'finished', NULL, '2017-12-15', '0.00', NULL, NULL, NULL, NULL),
(0000010, 'Pinach-Paquiao Nuptial', 0000006, 'Popeye S. Pinach', '2018-01-05', 'Boardwalk Avenue, Sacramento', 'Wedding', '12:00:00', 'red and white', 0009, 24000, 'finished', NULL, '2017-07-05', '0.00', NULL, NULL, NULL, NULL),
(0000011, 'Andoks Reunion', 0000007, 'Chicken P. Wings', '2018-01-04', 'Andoks, Chooks St,', 'Reunion', '14:05:00', 'yellow and blue', 0003, 20000, 'finished', NULL, '2017-11-29', '0.00', NULL, NULL, NULL, NULL),
(0000012, 'Alexandria Mormont\'s Christening', 0000009, 'Alexandria Mormont', '2018-01-15', 'Mormont St, Baguio City', 'Christening', '09:00:00', 'pink', 0001, 10000, 'finished', NULL, '2017-10-13', '0.00', NULL, NULL, NULL, NULL),
(0000013, 'Olivia Stuckey\'s Birthday', 0000016, 'Olivia Stuckey', '2018-09-11', '#34 Camdas Subd., Baguio City', 'Birthday', '10:00:00', 'yellow', 0009, 15000, 'on-going', NULL, '2018-08-06', '0.00', NULL, NULL, NULL, NULL),
(0000014, 'Kean-Yan Nuptial', 0000017, 'Janna and Jaxon Kean', '2018-12-31', '#87 Subdivision Subd., Baguio City', 'Wedding', '01:00:00', 'Blue', 0011, 1000000, 'on-going', 'full-package', '2018-02-14', '0.00', NULL, NULL, NULL, NULL),
(0000015, 'Batch 2014 Reunion', 0000020, 'Magsaysay Nat\'l High School', '2018-12-31', 'Easter College Gym, Baguio City', 'Reunion', '08:30:00', '', 0007, 20000, 'on-going', NULL, '2018-06-02', '0.00', NULL, NULL, NULL, NULL),
(0000016, 'Chris Stapleton Birthday', 0000021, 'Chris Stapleton', '2018-03-01', 'Easter College Gym, Baguio City', 'Birthday', '10:30:00', '', 0004, 35000, 'on-going', NULL, '2018-02-06', '0.00', NULL, NULL, NULL, NULL),
(0000017, 'Web Design Seminar', 0000023, 'Grace Levvy', '2018-05-05', 'BBCCCC, Baguio City', 'Seminar', '10:30:00', '', 0006, 5000, 'on-going', NULL, '2018-04-25', '0.00', NULL, NULL, NULL, NULL),
(0000018, 'Grace & Gary Levvy\'s Anniversary', 0000024, 'Grace and Gary Levvy', '2018-05-05', '#98 HUY St., Baguio City', 'Anniversary', '01:00:00', 'yellow', 0012, 15000, 'on-going', NULL, '2018-03-25', '0.00', NULL, NULL, NULL, NULL),
(0000019, 'Emily Dias\' Birthday', 0000026, 'Emily Dias', '2018-04-28', '#23 TAR St., Tomay, La Trinidad, Benguet', 'Birthday', '12:00:00', 'red', 0003, 20000, 'on-going', NULL, '2018-03-15', '0.00', NULL, NULL, NULL, NULL),
(0000020, 'Rocha-Ferrero Nuptial', 0000027, 'Ino and Igor Rocha', '2018-04-28', '#54 KM6, La Trinidad, Benguet', 'Wedding', '01:00:00', 'white', 0004, 1020000, 'on-going', 'full-package', '2017-09-15', '0.00', NULL, NULL, NULL, NULL),
(0000021, 'swift debut', 0000003, 'Taylor Swift', '2018-04-01', 'Prince Plaza Hotel', 'Birthday', '19:00:00', 'Red', 0001, 200000, 'on-going', 'semi-package', '2018-03-01', '0.00', NULL, NULL, NULL, NULL),
(0000022, 'emily birthday', 0000026, 'Emily Dias', '2018-03-03', 'Burnham Park', 'Birthday', '17:00:00', 'black', 0001, 10000, 'on-going', NULL, '2018-02-05', '0.00', NULL, NULL, NULL, NULL),
(0000023, 'Welch Nuptial', 0000014, 'Holly Welch', '2018-06-15', 'Paladin Hotel', 'wedding', '08:00:00', 'peach', 0001, 1500000, 'on-going', 'full-package', '2017-12-27', '0.00', NULL, NULL, NULL, NULL),
(0000026, 'Blessing of the Hiromi Household', 0000002, 'Taka Hiromi', '2018-05-17', '3111 Alibaba Street, Mexico', 'House Blessing', '11:00:00', 'DarkerthanBlack', 0001, 7500, 'on-going', 'semi-package', '2018-04-10', '0.00', NULL, NULL, NULL, NULL),
(0000027, 'Blessing of the Carino Household', 0000003, 'Sylvester and Taylor Carino', '2018-02-22', '7724 Paradise Boulevard, Los Angeles', 'House Blessing', '09:00:00', 'White', 0001, 1000000, 'on-going', 'full-package', '2018-02-15', '0.00', NULL, NULL, NULL, NULL),
(0000028, 'Blessing of the Kazusa Household', 0000001, 'Touma and Ej Kazusa', '2018-02-20', '90 Takanori Gomi Street, Kobe', 'House Blessing', '11:00:00', 'Tortoise', 0001, 12000, 'on-going', 'semi-package', '2018-01-15', '0.00', NULL, NULL, NULL, NULL),
(0000029, 'Blessing of the Azuma Household', 0000005, 'Kazuma and Aqua Azuma', '2018-05-25', '8080 Http not found street, WWW', 'House Blessing', '19:00:00', 'Cerulean', 0001, 5000, 'on-going', 'semi-package', '2018-03-13', '0.00', NULL, NULL, NULL, NULL),
(0000030, 'Blessing of the EmaEma Household', 0000013, 'Emarie and Emaroo EmaEma', '2018-01-10', '100 EmaSt Street, Emaguio City', 'House Blessing', '15:00:00', 'Bright Pink', 0001, 5000, 'on-going', 'semi-package', '2018-01-03', '0.00', NULL, NULL, NULL, NULL),
(0000031, 'Carino Anniversary', 0000003, 'Carino Family', '2018-11-01', '7724 Paradise Boulevard, Los Angeles', 'Anniversary', '18:00:00', 'White', 0001, 25000, 'on-going', 'semi-package', '2018-05-01', '0.00', NULL, NULL, NULL, NULL),
(0000032, 'Kazusa Anniversary', 0000001, 'Touma and Ej Kazusa', '2018-09-19', 'Ceazar\'s Palace Hotel, PH', 'Anniversary', '20:00:00', 'Golden Gold', 0001, 700000, 'on-going', 'full-package', '2018-07-15', '0.00', NULL, NULL, NULL, NULL),
(0000033, 'Azuma Anniversary', 0000005, 'Kazuma and Aqua Azuma', '2018-12-18', 'Carino Hotel and Resort', 'Anniversary', '19:00:00', 'Tortoise', 0001, 110000, 'on-going', 'full-package', '2018-09-08', '0.00', NULL, NULL, NULL, NULL),
(0000034, 'EmaEma Anniversary', 0000013, 'Emarie and Emaroo EmaEma', '2018-06-07', 'Emansion Mansion', 'Anniversary', '11:00:00', 'Pink', 0001, 50000, 'on-going', 'semi-package', '2018-04-03', '0.00', NULL, NULL, NULL, NULL),
(0000035, 'Hiromi Anniversary:', 0000002, 'Take and Rin Hiromi ', '2018-02-14', 'MGM Grand', 'Anniversary', '15:00:00', 'VelveteenViolet', 0001, 900000, 'on-going', 'full-package', '2018-01-05', '0.00', NULL, NULL, NULL, NULL),
(0000036, 'Ej Birthday', 0000001, 'Ej Kazusa', '2018-09-02', '90 Takanori Gomi Street, Kobe', 'Birthday', '15:00:00', 'Dark Blue', 0001, 8000, 'on-going', 'semi-package', '2018-08-06', '0.00', NULL, NULL, NULL, NULL),
(0000037, 'Wake of Alexandria Mormont', 0000009, 'Alexandria Mormont', '2018-01-16', 'Mormont St. Baguio City', 'Wake', '06:00:00', 'Green', 0001, 9500, 'finished', 'semi-package', '2018-01-16', '0.00', NULL, NULL, NULL, NULL),
(0000038, 'Hitsugaya Toshiro Debut', 0000032, 'Hitsugaya Toshiro', '2018-05-15', '15th SS Street, Soul Society', 'Debut', '12:00:00', 'Light Blue', 0001, 7500, 'finished', 'semi-package', '2018-03-25', '0.00', NULL, NULL, NULL, NULL),
(0000039, 'Killua Zoldyck Debut', 0000031, 'Killua Zoldyck', '2018-06-06', '19th ManVolley Street, Greed Island', 'Debut', '17:00:00', 'Purple', 0001, 6500, 'finished', 'semi-package', '2018-05-08', '0.00', NULL, NULL, NULL, NULL),
(0000040, 'Rukia Kuchiki Debut', 0000029, 'Rukia Kuchiki', '2018-06-16', '7th SS Street, Soul Society', 'Debut', '18:00:00', 'Black', 0001, 9500, 'finished', 'semi-package', '2018-03-14', '0.00', NULL, NULL, NULL, NULL),
(0000041, 'Konohamaru Satobe Debut', 0000030, 'Konohamaru Satobe Debut', '2018-07-17', '17th Ichiraku Street, Konoha', 'Debut', '15:00:00', 'Leaf Green', 0001, 15000, 'finished', 'semi-package', '2018-04-19', '0.00', NULL, NULL, NULL, NULL),
(0000042, 'Orhime Inoue Debut', 0000029, 'Orhime Inoue', '2018-10-11', '5th Dimension, Hueco Mundo', 'Debut', '06:00:00', 'Orange', 0001, 7500, 'finished', 'semi-package', '2018-08-15', '0.00', NULL, NULL, NULL, NULL),
(0000043, 'Gotei 13 Reunion', 0000029, 'Gotei 13', '2018-08-18', 'Soul Society HeadQuarters', 'Reunion', '14:00:00', 'Black and White', 0001, 13000, 'finished', 'semi-package', '2015-06-03', '0.00', NULL, NULL, NULL, NULL),
(0000044, '99th Genin Class Reunion', 0000030, '99th Genin Class', '2018-09-06', 'Ichiraku Plaza', 'Reunion', '15:00:00', 'Leaf Green', 0001, 15000, 'finished', 'semi-package', '2018-07-03', '0.00', NULL, NULL, NULL, NULL),
(0000045, '15th Hunter Class Reunion', 0000031, '15th Hunter Class', '2018-06-18', 'Azu Hotel', 'Reunion', '20:00:00', 'Red', 0001, 25000, 'finished', 'full-package', '2018-04-03', '0.00', NULL, NULL, NULL, NULL),
(0000046, '170th Kawabara High School Reunion', 0000032, '170th Kawabara High School', '2018-05-18', 'Kawabara High School', 'Reunion', '14:00:00', 'Gray', 0001, 50000, 'finished', 'semi-package', '2018-04-30', '0.00', NULL, NULL, NULL, NULL),
(0000047, 'Servant Road Map Seminar', 0000004, 'Arturia Pendragon', '2018-09-11', 'Shinto Grand Hotel', 'Seminar', '16:00:00', 'Yellow', 0001, 75000, 'finished', 'semi-package', '2018-09-01', '0.00', NULL, NULL, NULL, NULL),
(0000048, 'IT Project 2 Reunion', 0000013, 'Emarie Cayabyab', '2018-01-03', 'Toledo Dormitories', 'Reunion', '11:28:00', 'Black', 0001, 1000, 'finished', 'semi-package', '2017-12-01', '0.00', NULL, NULL, NULL, NULL),
(0000049, 'How To Succeed in Projects Seminar', 0000006, 'Olive Stewart', '2018-09-11', 'Stewart Cooperative Grand Hall', 'Seminar', '11:30:00', 'Blue', 0001, 14000, 'finished', 'semi-package', '2018-07-30', '0.00', NULL, NULL, NULL, NULL),
(0000050, 'The Russian Way Is Da Wae Seminar', 0000027, 'Igor Rocha ', '2018-11-19', 'Bearonaunicycle Russian Great Hall', 'Seminar', '23:00:00', 'Red and Yellow', 0001, 55000, 'finished', 'semi-package', '2018-11-01', '0.00', NULL, NULL, NULL, NULL),
(0000052, 'Dominic Graduation', 0000018, 'Dominic Tufnell', '2018-12-16', 'Quezon Hill, Baguio City', 'Graduation', '18:00:00', 'Blue', 0001, 500000, 'cancelled', 'semi-package', '2018-06-15', '45000.00', '2018-06-15', '2018-06-16', NULL, NULL),
(0000053, 'Alumni Homecoming', 0000014, 'Holly Welch', '2018-01-30', '', 'Alumni party', '10:00:00', 'Cream', 0001, 2500000, 'cancelled', 'semi-package', '2017-12-01', '0.00', NULL, '2017-12-03', NULL, NULL),
(0000054, 'NBA Victory Party', 0000025, 'Luiz Alves', '2018-07-08', 'QOP Basketball Court', 'Victory Party', '19:00:00', 'Yellow', 0001, 300000, 'cancelled', 'semi-package', '2018-07-01', '27000.00', '2018-07-02', '2018-07-01', NULL, NULL),
(0000055, 'Allesia Baptism', 0000019, 'Allesia Sternberg', '2018-10-02', 'St.Vincent', 'Baptism', '10:00:00', 'Pink', 0001, 500000, 'cancelled', 'full-package', '2018-03-05', '45000.00', '2018-03-05', '2018-03-05', NULL, NULL),
(0000056, 'Jaxon 16th Birthday', 0000017, 'Jaxon Kean', '2018-03-04', 'Palma Street', 'Birthday', '19:00:00', 'Gray', 0001, 10000, 'cancelled', 'semi-package', '2018-02-01', '0.00', NULL, '2018-02-03', NULL, NULL),
(0000064, 'Sofia Welcome Party', 0000018, 'Sofia Stuckey', '2018-01-06', 'Hotel Venis', 'Welcome Party', '17:00:00', 'Red', 0001, 50000, 'cancelled', 'semi-package', '2017-12-01', '0.00', NULL, '2017-12-01', NULL, NULL),
(0000065, 'Alyssa Welcome Party', 0000018, 'Alyssa Isaac', '2018-01-07', 'Belfrant Hotel', 'Welcome Party', '16:00:00', 'Orange', 0001, 60000, 'cancelled', 'semi-package', '2017-11-30', '0.00', NULL, '2017-11-30', NULL, NULL),
(0000066, 'Azuma Surprise Party', 0000012, 'Azuma Kazuma', '2018-01-06', 'Paladin Hotel', 'Surprise Party', '17:00:00', 'Sky Blue', 0001, 90000, 'cancelled', 'semi-package', '2017-12-01', '0.00', NULL, '2017-12-01', NULL, NULL),
(0000067, 'Olive Surprise Party', 0000015, 'Olive Stewart', '2018-01-15', 'Chia\'s Restaurant', 'Surprise Party', '10:00:00', 'Yellow', 0001, 80000, 'cancelled', 'semi-package', '2017-12-09', '0.00', NULL, '2017-12-09', NULL, NULL),
(0000068, 'BDO Christmas Party', 0000016, 'BDO Teller', '2018-01-08', 'Engineers hill', 'Christmas Party', '10:00:00', 'Pink', 0001, 70000, 'cancelled', 'semi-package', '2017-09-13', '0.00', NULL, '2017-09-15', NULL, NULL),
(0000069, 'DBM Christmas Party', 0000018, 'DBM Staff', '2018-01-19', 'Military Cut off', 'Christmas Party', '10:00:00', 'White', 0001, 60000, 'cancelled', 'semi-package', '2017-12-09', '0.00', NULL, '2017-12-09', NULL, NULL),
(0000070, 'Scott Wedding Anniversary', 0000005, 'Bailey Scott', '2018-01-20', 'Burnham Suite', 'Wedding Anniv', '17:00:00', 'Cream', 0001, 50000, 'cancelled', 'semi-package', '2017-11-30', '0.00', NULL, '2017-11-30', NULL, NULL),
(0000071, 'Tohsaka Golden Wedding', 0000022, 'Rin Tohsaka', '2018-01-16', 'Paladin Hotel', 'Golden Wedding', '08:00:00', 'Green', 0001, 40000, 'cancelled', 'semi-package', '2017-03-29', '0.00', NULL, '2017-03-29', NULL, NULL),
(0000072, 'Gomes Wedding Anniversary', 0000005, 'Luan Oliveira Gomes', '2018-01-13', 'Paladin Hotel', 'Wedding Anniv', '17:00:00', 'Blue', 0001, 50000, 'on-going', 'semi-package', '2017-09-04', '0.00', NULL, NULL, NULL, NULL),
(0000073, 'Lightnight McQueen\'s 7th Birthday', 0000025, 'Lightning McQueen Alves', '2018-04-29', 'Route 66, Radiator Springs', 'Birthday', '10:00:00', 'red and yellow', 0001, 25000, 'new', NULL, '2018-03-06', NULL, NULL, NULL, NULL, NULL),
(0000074, 'Mater Tow\'s 7th Birthday', 0000025, 'Mater Tow Alves', '2018-05-03', 'Route 66, Radiotor Springs', 'Birthday', '11:00:00', 'brown', 0001, 25000, 'new', NULL, '2018-04-03', NULL, NULL, NULL, NULL, NULL),
(0000075, 'Mark Ecko\'s Party', 0000017, 'Mark Ecko', '2018-06-27', 'Mark Ecko\'s Bachelor Pad', 'Party', '20:00:00', 'gray', 0001, 50000, 'new', NULL, '2018-06-01', NULL, NULL, NULL, NULL, NULL),
(0000076, 'Yoh Asakura\'s Bachelor Party', 0000002, 'Yoh Asakura', '2018-09-12', 'Kasabuta, Japan', 'Party', '15:00:00', 'White and Red', NULL, 35000, 'new', NULL, '2018-07-02', NULL, NULL, NULL, NULL, NULL),
(0000077, 'John Cena\'s Bachelor Party', 0000023, 'John Cena', '2018-10-11', 'Beverly Hills, Malibu', 'Party', '20:00:00', 'Transparent', 0001, 60000, 'new', NULL, '2018-09-29', NULL, NULL, NULL, NULL, NULL),
(0000078, 'Nikki Bella\'s Bachelorette Party', 0000003, 'Nikki Bella', '2018-09-15', 'Beverly Hills, Malibu', 'Party', '20:00:00', 'Red', NULL, 50000, 'new', NULL, '2018-07-07', NULL, NULL, NULL, NULL, NULL),
(0000081, 'Birthday ni cris', 0000033, NULL, NULL, NULL, NULL, NULL, NULL, 0001, NULL, 'new', NULL, NULL, NULL, NULL, NULL, NULL, NULL);

-- --------------------------------------------------------

--
-- Table structure for table `eventservices`
--

DROP TABLE IF EXISTS `eventservices`;
CREATE TABLE IF NOT EXISTS `eventservices` (
  `eventID` int(7) UNSIGNED ZEROFILL NOT NULL,
  `serviceID` int(7) UNSIGNED ZEROFILL NOT NULL,
  `amount` decimal(10,2) DEFAULT '0.00',
  `quantity` int(5) NOT NULL,
  PRIMARY KEY (`eventID`,`serviceID`),
  KEY `eventID` (`eventID`),
  KEY `serviceID` (`serviceID`)
) ENGINE=InnoDB DEFAULT CHARSET=latin1;

--
-- Dumping data for table `eventservices`
--

INSERT INTO `eventservices` (`eventID`, `serviceID`, `amount`, `quantity`) VALUES
(0000001, 0000001, '2500.00', 5),
(0000001, 0000002, '2501.00', 3),
(0000001, 0000003, '2502.00', 4),
(0000001, 0000004, '2603.00', 5),
(0000001, 0000009, '2604.00', 4),
(0000001, 0000011, '2705.00', 3),
(0000001, 0000012, '2706.00', 2),
(0000002, 0000003, '2707.00', 1),
(0000003, 0000002, '2708.00', 2),
(0000008, 0000012, '2809.00', 3),
(0000015, 0000013, '2810.00', 4),
(0000020, 0000001, '2900.00', 5),
(0000020, 0000012, '2901.00', 6),
(0000081, 0000001, '5000.00', 1),
(0000081, 0000003, '10000.00', 0),
(0000081, 0000006, '15000.00', 0);

-- --------------------------------------------------------

--
-- Table structure for table `eventstaff`
--

DROP TABLE IF EXISTS `eventstaff`;
CREATE TABLE IF NOT EXISTS `eventstaff` (
  `eventID` int(7) UNSIGNED ZEROFILL NOT NULL,
  `employeeID` int(4) UNSIGNED ZEROFILL NOT NULL,
  `employeeRole` varchar(20) NOT NULL,
  PRIMARY KEY (`eventID`,`employeeID`),
  KEY `eventID` (`eventID`),
  KEY `employeeID` (`employeeID`)
) ENGINE=InnoDB DEFAULT CHARSET=latin1;

--
-- Dumping data for table `eventstaff`
--

INSERT INTO `eventstaff` (`eventID`, `employeeID`, `employeeRole`) VALUES
(0000001, 0004, 'Photographer'),
(0000001, 0007, 'Makeup Artist'),
(0000001, 0009, 'Makeup Artist'),
(0000001, 0011, 'Tailor'),
(0000001, 0023, 'Carrier'),
(0000001, 0024, 'Carrier'),
(0000001, 0025, 'Make up Artist'),
(0000001, 0026, 'Cook'),
(0000002, 0003, 'Event Handler'),
(0000003, 0012, 'Makeup Artist');

-- --------------------------------------------------------

--
-- Table structure for table `eventthemes`
--

DROP TABLE IF EXISTS `eventthemes`;
CREATE TABLE IF NOT EXISTS `eventthemes` (
  `eventID` int(11) UNSIGNED ZEROFILL NOT NULL,
  `themeID` int(11) UNSIGNED ZEROFILL NOT NULL,
  PRIMARY KEY (`eventID`,`themeID`),
  KEY `fk_et_themeID` (`themeID`)
) ENGINE=InnoDB DEFAULT CHARSET=latin1;

-- --------------------------------------------------------

--
-- Table structure for table `expenses`
--

DROP TABLE IF EXISTS `expenses`;
CREATE TABLE IF NOT EXISTS `expenses` (
  `expensesID` int(7) UNSIGNED ZEROFILL NOT NULL AUTO_INCREMENT,
  `expensesName` varchar(25) NOT NULL,
  `expensesAmount` decimal(10,2) UNSIGNED NOT NULL,
  `expenseDate` date DEFAULT NULL,
  `receiptNum` varchar(20) NOT NULL,
  `receiptImage` blob,
  `employeeID` int(4) UNSIGNED ZEROFILL NOT NULL,
  PRIMARY KEY (`expensesID`),
  UNIQUE KEY `expensesID_UNIQUE` (`expensesID`),
  KEY `employeeID` (`employeeID`)
) ENGINE=InnoDB AUTO_INCREMENT=31 DEFAULT CHARSET=latin1;

--
-- Dumping data for table `expenses`
--

INSERT INTO `expenses` (`expensesID`, `expensesName`, `expensesAmount`, `expenseDate`, `receiptNum`, `receiptImage`, `employeeID`) VALUES
(0000001, 'Location Reservation', '5000.00', '2018-03-15', 'R15248', 0xffd8ffe000104a46494600010100000100010000ffdb00430007050506050407060606080707080b120b0b0a0a0b160f100d121a161b1a191619181c2028221c1e261e1819233024262a2b2d2e2d1b223235312c35282c2d2cffdb0043010708080b090b150b0b152c1d191d2c2c2c2c2c2c2c2c2c2c2c2c2c2c2c2c2c2c2c2c2c2c2c2c2c2c2c2c2c2c2c2c2c2c2c2c2c2c2c2c2c2c2c2c2c2c2c2c2c2cffc0001108016b00ce03012200021101031101ffc4001c0000010501010100000000000000000000050001020406030708ffc4004810000201030303020306030505060407000102030405110012210613312241143251071523426171528191163362a1b124728292c12543a2a3b3f0173435d144455373b2d3e1ffc40014010100000000000000000000000000000000ffc40014110100000000000000000000000000000000ffda000c03010002110311003f00fa4354dee3451ccf1495b4eb2c632e8d22860319c91edc73ab79cf1a0b53d3cb557096b3e3a78ccb194d8218180e319cb4658ff324682fc772b7c918923aea678f380c255233f4ce751fbe6d7f8a3ef2a5fc1e24fc65f4738e79e39e39d0a3d269f7747462e129d8fbcb9a4a639e7c6ded6df6f619d749ba684a2abfed2abff69f63140c13d5bb8dd1f3ff00167fae809add6deef1a2575333ca32804ca4b8fd39e74df7bdb7693f7852e171b8f7978fa679d094e9751534b37c7ca7e1c05da69a9f0f827dfb795f3f948d2a6e931050b538b95482c41deb0c0b8c02301447b7df9e3405bef5b7990c7f1d4fbc0dc57bab9c6339c67c639d45ef56b8d6367b8d22aca4aa133280e47b0e79d0d6e950d592d40b8ce3b9118b67c3d3103281720f6b27c78271fa638d463e918529e187e3ea076999b72c30216c907042c78c71ec34055ef16c53286b8d2830ff007999946ce71cfd39e39d25badb9990ad753b3381b00994ee04f18e79d0c93a55656ab26e551fed4d920c14e427af77198b9fa7ab3fd79d453a5523afa4a8f8e9b14ca1428a6a71bb058fcc23caf9fca47fae809adf6d2f17796e746d10214b89d36e7e99cf9e35d3ef5b7ef74f8ea7dc8bbd877572171e7cf8d053d290fc19a4fbd2b98160db9d2173e08f0d1e3dfe9aecdd351b544d2fc7cdf8917688f87a7200da1739ed64f8f04e3f4c682e8ea3b2b471c82ed425266288ddf4c3303c8073c9d58fbd6832e3e369f311c38eeae50e71cf3c73a19fd9b5ed5329badc48a725813221dfc8386caf8e31c7b6b949d28b28abff00b46702a88620d3d3b6cc36ec731fa87fbd9d017174a033ac3f1b4fdd600aa77577107c71a6179b63445c5c697606d85bbcb8ddf4ce7ce85c3d32b4f353486e354ff0e810284892338cf2555303cfb635cc74942688d3a5c6a1417ee6ef86a6ce70478ed63dfe99d01896ed6f84b772ba9d3682ec0caa30a0727cf8c697ded6e608457d2e1ce10f797d47e839e7430f4ba7c64d51f78542196231e238e18c8ca805b72c79278f7247e9a66e99565814dc6a4f60960cf1c2c4e483ce63fd3db1a026f78b6451cb23dc295560fef0999711f38e79e39e34a2bcdb679238e2b852c8f2aee455994961f5033c8d0a5e98ccb5127de5549f10e1b31c302327ab770563cff3273fcf5653a77654c129ba57bf6576ed77460fe79395ce79f63a0b9f7cdb0c65c5c297683b0b779701be99cf9d70fbfed0934901ba51f7a35dee9de5ca2e339233c0c73aa12f48c52519a7fbc6a07e207de69e989e063de2c7f9675da4e9b579657fbd6e69dc8fb6156550b1f006546de3c7eda0bd1deed9304d971a56eee4211329de47d39e7507ea0b3c5dd0f75a31d9c6fcd42fa7278cf3c6a92f4c2a0a6c5d2b0fc3b96cba42c5f241c1fc3fe5c60e993a5f11542fdef734efbee26278e30bce780aa07e84e327df404a3bc5b2592248ee34aef380d1289949901f040f7fe5abfa070f4d886b69aa7ef4ae93e1c01b2431b093f5625339fd88d1b1c0c681f4c78d3e74b41062deda410fb9d4f5979bae6de91a76609ea666076c31ed0c4f752203960012d2291cf8d017bf48f0d82bde1665a814d2988afcdb821231faebcda96f572ea15a6252a6a95a7489a9e0ae6a6ee010cae0ef56e095789cf233c6b727a9e15ac8696a6db5704addb49778465a76918aa2bb06232d8f6cfcc33aa96ba0b1dfe8aa699ba73b54b4f22c256aa2421da3054000313e8f193fcb403e085c7545453d55756186a5a68a27a7ac73194455fc22bbb31c89b73b97e6f564f38d1fe8e42bd1d6a779e7a879a9a399e4a895a472cca09396e7c9f1aa74d0f4ec37e8eae2b6c515789de8127d8011b23dc79cf8dab8cf9d422eafe9cb574fc33d3c822a4f846ab8631804c618290067cee6031a0c73f53de92c082b5ea681a5a014f0d4f73ba5de49d50c9b5790ea39c6091aaf59d55d4b7069cd2f77e1aa23a699a44623b2df0feb880f20b48cb81fe17f7d6a5ba86dbf0d2cff00d99a9d942b25541fdce648d65fc4913d7c6194310704f1ab0971b3f7529e4b24d4e6b9e169cbaa158dddd9e2129563c9639e33f3f3a0071d9a4fb8525a84b9d053495b44228dae2ecfb59a35958ba39f4b67c13faf19d42ef3dc61a2b9d5515caa62ae77afa542f33148fb63f0bd04e011b436e0324649d6b6c776b3f53daa14a3895e8c53433ac642955525b60c7d54c7a175f71e9b8ef773a9acb0bb54253d42bd5f6d0fc42c68bdd45c3673b481c819f19d010e8ab84f74b756d4d42343502b9d6581f3985c2a02b8f61ee3f46ceb076daabd4767486a3ef1dd5868e50b0dc59a498f7ca4c5598af68e5a3564ce06bd163bd416f929056dbdedd5174aaed4719d8cccdb38772bc0e142f9fa0d01a61d27535953427a71a996e9280b232285ac1dd277a956ca80e371c8079071a01d79bfd759eff0d152bdc22f87b6344239f74d896557642f27a86f0f146837373bcf9d46b2a2b2c93dba2b0d4565dcd751cb32d3bd664ab344a55c3c87273b1d82e7eb8c6b6f65a4b3496a436fa348e992431a864e7745210324f270c091ceaa4b49d35d292d12c76da6a435b52d1c4628957f10c4e4ff005552ba0a7d45575e3ecc0565bea315420a7952663fe38c924fea339d646dd2f51dcfa9a5a7a9a7ad1712c2a1152af6c3440cc18ac8bb80702368c636b675e894d71b1565a20a70f4ab4cd4f13fc348eb98e360bb32bede540d5da6a6b79ae9eaa9e284d4e4c5348806edd85c863f5c05d0647a36a271574d2495551335c289a7996699a40274976c9b413840376dc2e17c635b9472dc1d656d75dd33495f575b4f4715be59a27a8aca870a8142cac8439cf04b86fdf69d15acea5b4525209fef0a590cb0f7e04132e665da586ce7d59da718d019d2c6aa5057435f4e1e3605c2a9923041319650d83fae0ead8d02d2d3e9b2340b4b4b20e98f9d02e74b3b7193e78d3e9b9d03ebca4fd9edde916ae55ff6d691d18469526262a2b15c80ff0094f6a38f918f5675eada5a0c225aaee2f56a9a0b3b5276c44af542bb7b4710277c32e5b3371f29c1c16f6c6b4d61a29a8a92a5664d8d2d64f3019cfa5a5620ff004c68ae9683ce2f5d1975a8f8ba8a50ff0017535754549a9631c692c4d12bec2db77007d8675427fb36aeb82d4c15e22a96a38e6f809c62256677dd82833b572de3fc20ebd58ffae9b78039d062adfd16d45d2f5c85a69aeb5547353812d433a47bcb36d4cf0a3246703d87d34ae765bb497b920a7a42f49533d2ce6abb8a162117254ae77139518c0c7abf4d6db70f6d67af3515d0f5558160aa29495124d14f4fb1489311332927c8c15f034027a13a52b3a5cd6254bc5da9e9e955151f3b1d233dd1fb6f62c3fded06b9747dcea2baf9353da523a8a84acc54fc4ae6a52440123db9f4f201c9c636febab15935dc435901aebad6c6b7796276a2645aa11f643a22781b558f38e71e7df552a6e5761462eb4f74ae4992c3f1f53197dd177a440b12aa6300e5646fdf1eda0bd59d2574af6a2a8a383ee75a1532c54b24cb3b49219d243bdce704f6d79539f51e74bee3bd57525bacd5b49f0d6ea0a9466a886acac932832619763065e36e479cb7d0687892ec68de0fbcaef15c96b9e9a8e89ea56495a42913ef95d3d2c8aa598afca0363ce3462782a22bbdfea17a8aba86d9462359649a5ee2c6c4f765ede7e53b0aa8f38dc78f1a023d2d4f72b250daecef4ad24212a649a7790b943ddcc40b1f98b0727ebe9d47af3a76b3a9282929e8f68789a59524623f0e5ed3889bf9395d6728abefef7aa16ac92b961a634cacdf10b1b62695c289620b8762bdb0791b7db9d7a714f047b683c9297a0afaad328a664aa891a4a7a89248bb1bf6c7b54055ee1f9769dc76fa78f6d6fba42cb5562b4cf4b592f7a56a97657ce4b20c2a13fe22aaa4febad00f1a5a0c455f4d545256575c286de95323dda2acec34814488b10f19e1712b33fef93e75c683a3ab60a1ac33d3d2b554d6a34f173b84733493395048f9419146ef7d6fb4b419be8fb356d82db35bea9fe21629374754c4196a015193263cb83e9cfb851ad17706ec69f502079d04f234cc4ed3b793eda8851a971a089076fe5cfbea5eda58c7eba6c81c6825a5a5a6c8d03e964696968164691e471a6c0d3f8d032023e66c9d2704f8d2ff002d3f9d065c75cda47c4fa6b1bb0c02914cc7bf9904798b03d637b05e356eb6e16933daaaeb98c13932494a260c8c0f698be54f8c26ece7c6b2974b25c2bef95f3d574f54cb176923611562a2d488e7478cc3eaca36d04b29da09f73e75557a53a8e5acb1dc432c6b4fbe9961a94df3d1c2cb32ef2c18866dad1e473ca8e74046bef1d3373a1912aad3732f2d4f7fb11c2e950e4c47f194236761404673fa633ab8f74e91952b698a6da39e88432cbdb71049146a488d1c71b955cfa473fd359fa0e9cbadbec95d46fd395669eaa28609e04b8a99dd823abc91485fd2b911fa588fcdc7d6c5674edf2bd6db1c96dd959474db3beb2afc315edab6dd99c893b8a177051e9cf3a09cc3a1e44a026d35d29a7690bc8e2559697322ef79cb307196da4eec9239f03576eb5dd377186e36bb8515ce9cf7d2a678c43324b2c9bc2c6d194e5893164053e1738d0bbcf4cddae6b555915aab6396e5249f8695890bc40ac617bc33b5d772b36d19207ee7462f761ada95b9d576a79246b852cf18a6709349146b1ee08d91b4e4cb8191fe7a0236eb1f4dd5c5477b862698c31ab47535134acd842c46fde72c54b37cdcaea69d6b689294d416aa55dfb3b4d4d27708dbbb7ecc6766d1bb778c686d8fa56a25b0430d5d6dce962edc912d13c88008cb3edee6df99cab02c73e743a1b45fe2ae8eeb5366791e1a68e8a78239a32f52363abc887700a325300e0e33a0d41eadb6355cd494df11573c48ceab0c2c5652a03158dcfa59b041da0eae58ef70dfedc6b20a7a9a78c4af115a84d8db91b69e33e3208d626cdd3d74b7f5059e3782e11fc1b1965659237a33ba9cab95e37872e718f1e48f3ada74c5be5b5f4c5be8e65d93450a89141070f8cb7efc9d017d2d3674d9d03e39d23a5a4741038071a591fc5a9e9b9ddf971fe7a059d470753c6a24b678f1a07f3e358dacb95d5af732d2d60895eb1edf142ea0a0ff0066328909c6776efd718d6cf8d00afe8fb5dc6b2aaaa6f8957aa8d95c47332aab347db32281c07d9e9ddf4d006a6bc5c1ba6ea3e1abdeba5a9ad1456eab91115a50700c985014aa912302072a9aab71acbfa5c2e9050d756564b1aa99238238c8a72d3a76d23dcbf3f6773306271e93ad25aba621b535222d6d55541448e215aa7ee32b101721be8141503fc4755d3a26de9f1aa6b2e6c2b2533be6b1fd326f0e193f848200047b71a0e10df27aaa2b2d2d2bd4fc655543acc6a3619235858f7b7ecf4fcca1323f8f8d0ca5b8df2a6e4f6a96f0d28698432d6410a2f6a558a47912338c32a9118cb027e61e7c692d9d354d6bab692096529d81020762ccb9767762c492ccecd927fc3aa347d0d6fa2b4adb7e32e1514f19dd0f727c3c270c0ec7401b2c1db24924e82bd25cef55d534663ad82215b6535088f17a639f727ac9cf23d7e3447a52baaeb22b8a55bceef495ad0035112a4bb42237a82f1e5b208f2b8d59a9e9db6d5d37c3b44c917c235084472bb6338e07d0fa460ea766b34162a6961a796a2769e5334924f2192477c0192c7f4503419ebb5dee2b4576ab8279ff00fa843410c54eaad22a07457281b8de4b360b7038d0eb7f545e64b72d6bd43eca278e29219a340f2ef9de3fc4207a5955573b78dd9f6d6a26e97a3a9fbc5259a758abea23aa2913ec68a54dbeb561c8276aff00eceb9d3f445a29a5a574f89614fb772bccccb3b2b3306907e76dcecd93efa0cfc774bb4161ae696e52cd570dbe0ba2bbaa8c3157778fd200d9f87800f3eaf3a215335ca6eac8e8e1bc4aa95113c92431247b6961ede12424a93dc3278c9da4678e3579ba3e812d13dba9bbb04352504d973234912f1dacb676ae3d381e0671a943d33430df2aee427ac135667bd19a97ed3fa4203b3c7ca38fa6832e971bc25aadb767abbad5dbd9aa2ae796278519610e9dadc36f2bb0336d519f568df52752b476f9a2b70ae8eb12a6281b146c24dad285262ee2ec6623c738c73a2351d2d68aba2a3a69639bb54712c11aa4ccbba31b7d0db4fa87a4641d5abc5be1bcd10a69e4962db22489244fb1d194e4303a0c8db6b2ef7697a70fdef5914951de92a21091283144c54f7176e43b3346a70700e71a6966bbc7d3b79aa8aff716ecd5fc35031109791c622009ede0ab4a7e9e17ceb596bb050dacd3bc28ed2d3c2f02c9239662aee1dc927c92c324ea62c5429410d108dc410d48aa41bce77ef32673fef1f1a0e3799eb2d3d212c8b3896b6185504cca397385df8f1e4e71ac9dcfac6a2c9534d656b9446a4dcd2133d5ba2bb5306877fd017266dbc0f193edadf56d1d3dc2866a3aa459609d4a3a1f041f6d0f5e9bb5fc2a53352f711665a8dd2317732070db8b1c9277019ce8395d6b6b053570ee1b5c14ac8ed5afb4878f1b9ca8e7047cbc8d6761abea0a57b2d455d5d4e279e2a69216ede224762419f8dc5d94aa8db801bceb4577e92b7de69eb60a892b1056cb1cd218a76521a3da176fd07a4647bea1fd8fb60ada3ab5f89ee5214c179de412ecced2e189de46e3863c8d00aeb5eb1a8e9ce96ab9cc515057cb3494f47f112aed70aa5bbbff002a9217eb81ab349535b3f5aac50dcdeaa128d3cf126decc10b20110f19decc0b79f19fd345e7e9bb6d4db2ae82a29c4d055bc924824258ee7277104f8f3c63c6a347d336ea2bc545ce11522aaa18b499a990a1f485feef76cf0a078d067baaeed7183aa6968e86a2bd58d2896286969fb89248650bf8a4a9da98f7cafbf3aafd13d5b75ea1bf9a5ab88c71d2d3cc246f0257ef0d8c3f4ed953fbb11adc7c0c02e46bf69f8831087764fcbbb763fa9d56a0b2515b9a06a78d94c109810924fa0b0623fa8d013d2d3674d91a072359dacb4dd26bec9550d4c294ac854219270f9da40380fb3cfe9fe7ad16b3573ebbb1da2eb35beae7956a20c6f02324723239fd8e82b3586f62dbd94a8532ef273f78d40f4f18f5727db4a4b0dd64acaf97e229d45402b10efd4ee0723c91201e07e5031ab3075ed8e689e412ce15319cd3c99e4e3c01aab55f695d354b3f65eb24dd8c9fc22319fa8383fe5a0b31d9eee8f401ea226487fbedb5550b9f5678058eee3f88ff0096aaff00676f32d1d44524d02bc846d325654cc3183fe242be4783a947f697d372282b3ced9f1b6063fe9aed51f685d3b4ca0c958e32a5803132e71ec370193fa0d071363bc25523fc4c45561d985a9a95cb76f6e71bc8c67dfcfbf9d73362bccf6e4a79a6849dcc6467aca975c1c638c827c1f718d447da6f4d3ca512a2a6463e36425bfa6356cf5c58853fc47c44bb31bf985d7dfea463fcf4106e9ebab4f5f2254d284a807b6a24a95232c0f244be9e07e503524b25e124b71351114a7399b1595233eacf8dc77f07f37fa6a568ebbb25f6ea96ea2a876a960cc1480381e79ce9aeb73bb5375753d3acb153503f65544b092b5059d848a24f0ac140214fcda0a49d23708e825816a6932f2861ebab03001f7ef67393ec71ae8dd3b754acee47534e53b262204d520eed9b781dc2073ce719fe7aa47ab66ea4e8fbd555bda5b7d65b9832bc0e240ea30c18165c1420107031e9383efab971ebea2b6df6a6d7252c923409215092a9924648c49811f9c6d3c31e3d3a0e1fd92ae9a8a28e49a95a5495998bcb54f9ce3f37741cf1efc6ac8e9dbb472d7343514e16762620b3d4a104b8273eb214e3dd40fe9a2fd397b8fa86dcf53122466390c6c893c7300463f32123c1d63e83ae2b2df2dc24b854b56454fbbb91490ad37c339a930a2f71b0a54f3ea3e3679e7406e3e9bb9b4d6d9259e226970642d535326e3b8e71eb00f1eedbbf6d715e97bb8b7494e2a2937b4a19584d5606d00fbf7720f3ec71fe5ab36eeb41799299ad96d7aba7214d4c91cc84d392ce9800121f0c87254e31c8ce86d17da22de6c570a9a285167a258e775827498a404f2e78001015b29e7e9a0262c375f8a7669e23134263e6aea0aeed9b798f760f3ef9cff3d70fec95c045020a8a6cc723337e255e0e401c7e367c0f7c8d5ba8ea99fe2eae8e9ed72895246a6a79a5955639a7ed8755f7201539048c6ac74ade6aaebd2b6eafb840b0d4d442aec11f703c7cde0633e718e34148f4edd96aae12473d305a8feec0a8a9523d7bb9fc42178fe103fa71aeb0f4d5645556f90cd4bb69800e077c127713c7e2e0f9fcc0ff00d35c2afed26c3475d534723cfdfa672b22ac45b91e718d528fed4ac0c72f2ca9819c9788ff00a3e82cc7d2d74868a68854536f32864c4d54005da4727ba4e79f6e3569fa7eadebdea1ea2954b43dbc7e396dddbdb9ddddc11fcb3fae79d0dffe2bf4c95cfc54a7f68813fe475093ed3ac28dff00e248c6771ed27fe16707fcb4160f4b5c5e0a7415545ba2959d86faa0083b7c7e367dbdf235625e9cac9e5ad325452b2ce7f0c1efbe177038c1938e07e5c6a927da6f4d32ff00f3128ff90ffa369cfda6f4ff001da35129fa61131cff008d941fe5a0bd074d55a57dbe63514e63a5c6f51f100b1dc49c0eee3dff00306d69f6eb229f69bd3be9ccac9938037c479ff85ceb643919d03e834d59d3f537b6b64cf452dcb1cc0eaa64236eef1e7c73a33ac6c568b854751ddaba5a868a8e0af151141d93ba5614b1a06df9f9724f00795f3a03cfd39649411259e8183637034c8738f1eda82d058a8a682de941450b4e1da38560501b18dc70063dc6b19571d6dafa72dfdfadbc377eded2bc82495e46addb176c1db920677fa7e5fae864b3569bcd3dc65a6bb3dc292a65f8f748e631ac42aa2c0418da7f0d7384e48ce83d324b05a25f9ed342f9f39a743ff4d4292cb6484bbd1db682324ed6314283907c1207b1d60e92e155517e792bc5fe013ce0dba38e295463e264ddbc63605da23c87fc9e347ba2d22a45bb5344f58664af98cab52f2b601918a152fc1047391e7df41a37b2daa5f9ed946ffef40a7fe9a847d3f668655922b450c722fcacb4e808fe78d77ee4da98351e0edfdf4114a0a48e512a52c0922f86118047f3d0bbc74c25e2e50d4bd7d5431af6c4d4f1ededce11f7a86c82460fba907467737d79fa69c65b419ea0e8ba2a182e30ad6d7cf1d7530a4659a60c238c6f01538e301c8e73aa9576bb34fd593529ea1a982b2a622ef6f8aa15327b7b3b830378609f438f7c6b5e4e179d79b5fdeae96fb5f25b28ab67a9fc59da9cc2cd0bb0a6dab3a4a07a5b811ec0d93f41a0d1514541d249b2a2ae7a9a8b8d4a2b544a80b4926d0881b628038503240e7f5d57aee95a2ae8f892a6193f136c88573969c4e0f2083b5c7191f5d00b0d3d649d2d1d3efabae14d7e8823cb0cb1b7644b1be76c84bed009f24eacf44d35d13abae2d7079c31f88ef23d3ccaa7f1bf08ef76edb7a3c76c0e3ce82d7f67a9a9a58e4abbd571687b427066445a8632968f7855181b98a855da31c6acc5d394d67b1dc29e7ba573d1cf4e60635128614f10046d5007006ef7c9d50ea559c5fae549153554b357251342d142cc816295d9897030b8c7b9cf8d554b0d5d3f49d74016e6d2bdaa92a30d34ace6a86fdc41ce437a572a3fa680f52f4cd3a7544f5f357d449289c55a52777f0a3262110629eede86c1ce8bd96c90d96d31d041513cf0c79d86670ccabeca0e07a47b68452dbe921fb51b854b45562a66a285a36dd298480ce1ff00c00fc9c79fa7beb598fa6806cf65b64d2979edd492b3725a485189fdc91ab0d6ea3740bf0b071e3d0bc7f96ac6cfaea58d002bb274fda69526ba25be9e27711ab4d1a0058f81e3cf1aef471da9bb705253c023953e210470808ca71ce40c739fdf543aba86bee135963a0a9929254afee19e38849db510cbc9078e49c73f5d09eabb4564d595d2d1d3cef3d45a4c0f3c595666ee26391e180dc46341b134143ef4701fafe12fff006d50a26b3357d6d3d15353ad452955a854a7d846e1b8738e41fd33af39ea4a0ba5aab9e96db4b718a820abf88a6929e29a73bbf072b90de95c771b73023e61af43a18a5fed4de243132c4f1d3889c8e1f01f38fdb3a022b4b48f9dd4b01c7d517ffb6adef1ae6233eed9d4bb63409240dacadc3a9ab6dd7d9da6349f74c1511d33fa584aa5a2de5f767040cfcb8f1ce75a5685b59ab9746fde774aa9aaabe67a2a86129a4545037f6bb5bb7fcc78e71f5d04a1ebfb5cd03b082b7bead834e02348576ab6e1b588230c380777e99d77a9eaca4a796adda8eb8d252452c8d5491663668865d3ce770f032304e40e740a4fb3a73649a816e902f79897c5b6111e0a850420f0e36e4367396d115e8c99e2b8d2cb7cab9286ae39a38e9f0a047ddf9d98f976c938dde34041efb3196d6050d553256d53c0c278864008cc3386f4eedb90707e840d0dadebb8dacf53576fa0aa69e248a48d26455eec6efb77a8ddcafb7b1d68eb6de6b64a272fb3e12713ae3dcec65c1ff9b598a0e81963b1352d6ddea26aa7a58a9964554c53846de027a7d4377f17b680e555e851dc628ea627a680d1c956e5d036366ddc32ac7054378c107d8e8649d7d490d3bb3db2e42a903b3529897b815515cb1f56146d60464fe9e78d15afb0a5c95054d4b922926a46600027b81016fd0fa3fcf43297a36459ab67afbabd654d6412d3bc82158c05758d410a380404fe7bb41a68664a9a78e68f949143a93c704646baeb853402928e08132cb122a03ef8031aee4e82120dcbac8d45fae74bd43b152096816ad687b4aa7bf23b41dddcac5828f61b48fe7ad6bbe5781acc547483cbd5f4f7a4ba4e9145377de8b6031bc9dad9bb3e41c01ffb3a0ab6feb85a8e97a4b8dce826a37a8a596a003b76b940a70bea3f303c67f84eb65112d12b15284804a9f23f4d6423e909051592df3d6a54d0daa7ef1dd01591c203db5c838c64fab23d5ad9060cb91a0c6751753d5db3aa29e869eb28a353f0e452c885a7aa324cc8c13d5c0555dd9c1fe9ab53f56b3d8ae770a3b7566ca20e16578d1964d92323951bc6e0bb0b1e471e34622b5c51f50545cf2af2cf0c708ca0ca042e7cf9e777fe1d708ec3145d335366150fdba8598190e370ee3331ff00f9682a5c7ac692d757511d45257762994f72a9220610e23eeecce739d9ce71b7db39d77e98ea583a968669e18844f04bda9104d1ca01da186190953c30f0754ae3d272dcaaebbbd789a3b6d6ee33d122280cc62ed7cfe71801b6fd4688d82d2b65a39206af92b1a4732b4b22227b0180a8a140c0f61a033a5a8ef5fe21a7d067faa6f12da21a131d750d02cf506392a2b866345edbb7f12f39503ceb8d9ba9ea2e935253fdd93775e922a9a8955944511915881c9c9f97d8719d18adb6455b55473cbcfc248d2042010c4a3273fc9b4a0a18e92e5575bdc62d542352a71b50282063fe6d067a9baba58ad34b3d45aeb6aaaa5efb4b0c2885e148a428c48dd86c1c01b492dec3442d9d556fbadf25b640b2ac882428edb76ca23708f8c1c8c3103903f4d71abe9769121f83bad6dbd90cc1e4876167495f7bae48f4f3e187235cacdd39158ef3575d15477054172233044a577bef3f88177b73e371d06ab1a6c1cfcdaadf167d9469fbf29e42ae3416b597bc0eaf37294da7e005180367764c367033f90fbe7df5a62eabe4eb0fd47d67536aeaba7b7c68af0100b8381bb2acde7cf8438c7f3d05ea77eb214921a882ded30da5023e73cf20f03db5c58f5ccca5a34a081bd94caa3fcb6b7fae9fa13a9aafa8e2aef8944ff67740ac8bb41dcbbb819f182319e7eba1d3fda4087a92aadd240025be7a9350c38fc18e02eac3f52c197fe03a0b6ebf688ac767dd8c0f8fc5f1ff008356699faddc48951050c6db3d0e25006efe8dfe9a053f5e5d105b6226082ba485b7d3761a5efd42cbdb312907d39da482757d3abae6f47593acf6e924969cc94b4eadb64859a5edc5bc67d4a49c96007cbe341da64fb42560626b738f70651fff005e9d5faf436d68687078cabaf1faf23fe9a1f4fd715759d4b430c350bb6a22a797e0c53337715d0b4afddf0bb3ce0ff0febab56eea3ba5d7a520bb51dc2866965929d1d0d1c8a23321452bf3fab05f391c1d05978baf172a8f40ff0046330ff4ed6ab13f68ddce16dbb7e82507fd506af4378b8cd7d7b189631511bcdba6ed671188e328db73fc528f7fcba9f4fde6e154f6782be68a692b2df25648c91ecc36f8c28c67c61c8fd7414e383af7b5bde5a12edc85ee81b0fd3fbaff00ae99a3fb4208b87b7163f36661c73ffed6ba5d7aa2b22e891738e55a699abc52ef484ca513e28c5908392db478fae8fd0cf28e9f8aa24a86a9730993baf0f68b719194f6fdb4196347f691500b7c7dba9b1c050e0e7ff28e91a6fb434c2f7edf201e4f741fdbfee86a8d17da1dcebecf05c23a352ca90c3340a849f88951c2afeddc083f67d7a2c0b2a53c6b3b8794280ec06016c7274182349f68d3fe1b4f434fe087475f6c71fdd9ff004d4fe03ed04295596de7c726519ffd2d6f3b8bdc0ba9e8300683ed0778065b705e0160e09fd4f31ea62cdd7312a9fbca9253f9977ae3ff00435b60b377f717f47d35db41829283af19bd125bc8fd65191ff95f5d416d5f682abbbef4a2463c940fc0ce3dfb3edaf40d2d060fe1fed0633e9aaa2900c7cf28c9c7bf116b9fc07da0d42ef7b951d3b0e0046cff003feeb5e807582bcf575de93ed121b1c10c1152b40eca64472f50db3236301b5486e0293eae7c719074b6f5ea3126e7492839f496007fe8e7485bbaf26fc37aab7c03f8c3027f6feeb453a2aed5971b438b8c958f5d114ef255409132ee456e0271b7938cf3f5d67aabacaec9d435b491cfb51e692961534a447111345109164f12b7e264a7b1fdb9028967eb58957fed4a3723ce5c0cff00e4eb662318d06e9aaba9a9a0a98aae76a89a8eaa5a6331014c815b8240e338fa68e682bac723fced81ace5dfa5ac35fd554b70ab313568888581f612ea01058646e18dfc907e9ad5eb35d416ea6a8ea1b4d44d0070eb514b336ccfe13c458a93e7ca0d00fe8fb674f59ad35b5363b9c1534b24a0cd5092a1505140c165e32079ceabd7d93a7666b852d6d7c1b9659ab2a97ba81e3471ea0fee1006f7fe2d66aa1e5ea2e8bbd565b28cc892ccb2c944a5a07869e188f654ee5e4ee40c547b7a7572b96496e9758054d5abd6c6f2d7d0474c85e9d0d3063223e3326241180338f231a0d0daba4ac5554d2d5da27514b52c1a134a53b51324a1c18c0181eb5d55b6f4ad86b6e4ea9793738a90985e88b44f1c4bdc2e236503c06fe2e4edfd345fa46b2a6aedd5199ea2b69a39ca5354d4c5db925408b924607e72c070385d655ee7475725faa219678d9ae70c7551c11c8b28a646111ced5ddea60c78e70d9d06ae8ba2ad54453e18cf108e659a3018623c2326c031c2ed62b8d75b6f4cb50d921b5cd75aaac869de1684ca91a98d62652abe95191e819ceb1548d78712dca39aec1d65a78692291dc0313caf1e4a37963176d896190dcfd75dbecfeafa8eaacb32d3d6d34f22760b7c62d4c815ca1ee0dcf83bb2172a3217f9e835c16cd57d4d72149728e3bd494ab4f3089d4cb12a96208523c8327b8fa6b8d3747bd18b6fc35eeba37b7c0699642222d2c6594ed6ca63f2019001d0cb6d44351f684285a99a90dbe390e529e5095351280d2b872301463eb925bf4d6ef41958fa2905be4a3fbdee211aa7e2a2c3463e1dbba651b3d3f56c1ce747e2a22b6df8496a259f3198da6931bdb2319380067f96ac2797e73cea591a0cf507465b2dbde10f74f7a4a695f9032d02aaa1e07f806747d95bdb53c8d2ce83876caf235d06753d2d02c7d74b4fa63e340b3a439e75154dbfaea7a0623591ade82b75c3ac5afb512cedbe0689a9fbac13b854277060fcdb06dfe87ceb5da7d067287a4e3a0a27a75ba5ca59249e29dea6598195b66dc2138c6c21704639c9d5793a12827aca896a2aeb248a6691e2837aaad3c92387678c81b836e1b8649c6b55a5a0a168b54166b7ad240d2b8dcd23492b6e777662cccc7dc92757f4b4fa06271ac65c3abe6a6eb71688e5a0edac94f1982463f132f77397419f9578278faeb658ce83d3daa9293a86aebe59626a9af7431ab2a870113042fb9f7271a01d275a53cdd3f35da929aad604923559278182b0670a580ce4a8e79ffa6bad475b5b29eeb5546d1d56699256698427b2ed1a6f7457f0580f6fdf53adb0d2c3d16b67a8ae5829e248e335126147a58119e71c918d52fec7fc4d6dc775d164a499ea1960588168659936b92fbb9186242e07cda0b9fda812c36b9968ab2963afaa14ebf130e081b490480dc6ef63fd46b9dbbaba3adaaae8ea682aa9169ebd68a39258b0aecc060f9fe238ff00887d744ebecc95a96e4ee320a19d27181f36d52003fd7412f3d33573da2fb4a95703c172984ca2526234be37b8719248da187031f5d014fbe229ba5e7bbd302d1ac324d1f738de141c1fd8edcfedacc5b7ed46dd556fa9b8cf4d3ad2532d3879234ddb1e48cbba9fa042bb4febc6b5f3dba9ab7a6e4b6d3308e967a534f1b4782110a6d047d703c6b1776e88b25de8e47a3bd5153411834ee4c51cd12314643919003ee7dc0f907f7d06aa2bb4f51d4d556b8d5a244a349e295d032396661907764818e5481fbebbf4d57d45cfa728eaea9a369e54f5b44a5549048c819381c7d752a4b32d35d12bccccf22d225215c00a42b16ddfbf3aed66b5ad9ecd4d6f491a45a74da1dbc9e74170af391fcc69c818ce9ce9b41cd93fa9d2c6df3e3ebaeba7d044313e069c6969f40b4c4e3489c6979d020d919d3e969681696969681696969681696969681b402f347049d5bd3d56615351149320971caa189b233f4240d1e120fdb51770a85bc950481efa011d5e037475cd0ae4340cb8fdf8d65ed95a57ed1a78a0bccaf24972992a2dbbd36a4429d48936e377cc17d59c7ab1a2963eb35aeb2fde1747a0a78da3126292a1a7108d9bcaca768dac07b7bebb3f5c74ec125548d2c91b53c6eeee699d41daa1ca824619b690db41ce3407a82ba0b9d0c7574c58c328254b2953e71e0f3ae779a686b2c95d4f511096296075743e186d3c684ff6dacebd9573548efbf7c6d4cfba00857264007a146f5393c61b3e34d4fd67432add1a58aaa016da95a760f4ee0c85b6ecda08e4b16e31fa1f0740a8ab528ba52d740038ac9eddf831a83925225c8cfb1e46bcf2cf2dae15a6fbc2a286aed6ab177aa56158e212fc349889d4705d73c13eacb0079c6bd02a7ada8166a586956692496585652616db0892531e1cf856dc08c1f7d59ea0bc55db2a6829a86db1573d5b49e8925ede4a26fdabe920b100e3381e9f3a0a72cf5f41f65914ccf2c55b0dba2ee3e32f1b6c01db1f51c9d6605ea1a8a9b6db60ea7ac8d1ae2c696ae4a9c0a8a75ed97058ff007a4b928bfcfe9ad853f575bee55a28a88ca2691476a59233d92e63ee042c3f305392bae34bd48ff72d9ea6e10c4951575428e6eda3944937b210300e3d6303271fae80fc35d4d5357554b14aaf352955957f80b2861fe473ab2359babeafb550c7de6323970d848e325d9965116dc7f16f6da3ebaeb07585aea0522c66a1a4ab56748d69dd98057d8db801c61b839d01fd3e81b7555ad2df2d67759a18e08aa5ca46cc42499d870067271e3562fb736b3d96a2e023eef600664ce32bb8671fae3c68099d36f1acad3f5eda6547799a48d0c842148d9ff0c2a1ee3601d8bf88064f1ae945d5115cfa90db29e197b4b14cddf78caac8d1c8a84a37865cb11ff0e834fc1d2c6b2f70ea69e92ff252c74426a58040b2c8af8903cce5515571861c73cfbeab50f565c3eeabbcd73a6a7a7a8b7c2923a42ed208ddd0b08589032e3d39c7f18d06cb4daca2df6fb1de63a1a8b751a3d5232d383336edeb107676001fc3de766473e38d461ea8af9ba54dc1a969d2ae7abf83a348dd9d263dcd8186429dbc337fba33a0d769b596aaea2ba0afbcd253db6067a068444ef310851c12d239c7a428078193abb62bf1bc74f52dc9625fc70dfddb6e420315dca7dd4e323f4d01dd3675ce37deb9f19d4f40f91a7d732a34e338d048a83ae6d85604ebaeb9c830a5fdc0d062697a1a59fa6e4b1d7d5d1c96e988dc69698c3248bea23736e396dc55b3fe1fd75c9ba22e1768ee74d74b9c069aa6462562846e790d2ac264ce781f31d98fe7a1b53d6496dfb2eb53daae14e2afe0973209a20b13243bcab96c8078c6dc64fe9aa0fd5970a182e7596fbac124f532cccf4584cc38a657ef03c90032fbe570da03b4bd1d5561783e06f96cb655d434b0fe1d0ac68eae23e238f7fce3b59c92dfb63456e9d295772fbd623554c69ab2a60ab8d258598abc7db043fab0ca447e063e6d06b7564f72b150495d51057bc57b8929e71324e40c8ffbc45552dcb0c81e38d18fb46bb55db3a2eaea6df34b1542490aabc51191b99141c01fbf93c682bd2f424f44615a5b9d3c5097a76a88928d5164ed4ed280815bd00ee23df46fa82d570b84f6ea8b6d5414d3d1cacfba788c8b868d90f008e7d59f3acf74ad555258fa529ea6b9e29a7a4777a7a850d2cd845390cbc2edce7f66c79d6c96a0a79e74193b37d9ec565ea382e50d541247180497a45efb308845fdee784c2eeda079f7c68a0e9d74b253501a8cf62bc5697dbe7f1ccdb71fcf1a3a2a109c1e35d7861f5d062ee3d0905c24bc93511915f510cf1a4b0ac91c46360e5594fccacfb988cfe6d11b0f4cfdc2202b2c4e61a530048a110a64c85c90a385196c01ad185039d2d0647a7fa72b687a62aa0eff00dd970ad99a62d11130a75dde88d491860a8a17c68edf6d4b7ae9fafb617317c5c2f1071e5091c1febce88e9683cf2afecc51ea525a7968dd7bd312b550b388d24746f400c3d4a13033c7e9a3765e97abb5de7e2a4b8a4f491c73474f4e21dad18925121dcf93b8fa71e06b51a7d0656e1d2f5553d41f1d05c123a790c324d03c5b8bbc24b464367d2b92370c73b78c6aad9fa4eef4d6fa1a4ba5c69eb447562b2a9e389a3695802dc924eecc9b5b9c602e35b1257779e74ffeee83354fd3d748bab2e37592eb0cb0d5276a3434c7bb0a0518557dd80bbb2c78e4ebad0f4fbd24d6488ba352da694a201905e62a137e3c636eff00f9f5a119f7d3e83375d60ac92b2bab6df72f83aaaa681958c7bd57b790430c8dc1831f71ab963b41b459a0a392513bc7b9ddc26c0eecc598ed1e0658e068b9d2fcba0e6b1ed5ff00a6a58d3ffbda40682207ab52c679d3e34b40b3a66215493e07274b601e34fc91f43a0c047d534df74bbcdd3d434f1ce90cf0a4f511a4524720728cedb70a7087839fdf579fa82dd41595129b2c4821468e4aa88260c820ef18f38c91b07cde354adfd175d6cf88960a7b27c44bdb061ecb0865d824f5b71e96265cfa46078f7d4a97a26eb490474495b47f0910ef2cad1977ef7c2f63050f053f379cfb7eba03fd3f7386f7644a98568c45b8ec14b309907f30000dcf231c68652750fde135e61f808e64b6170512a1249a56462398b036e48c824e8a74ddaeb2db0d5357bd2b54d54ddd22910a448022200a09fa26754286c15d15faaaaea3eee8e129511c6f4d11596532bab664e3191b7db39f3a0af0f548aafbb655b68293414b34f2338cd3fc49da800c65b91cf8e3456cd79a7bdd75d29e9d1b6db6a053349ed236c56247e809dbff000e85c1d215d03d0c515740d4b1c149154e51bb8cd4e7721439c0c9f39d5ee94e945e967b8471d5cf534f3bc662599c332aac6abe7039241d055bbf53cd65ac9be2adcc28977ac72897f1256588ca484c636f1b7767cea8d575dcd6caa1473db228ebd5996581ab1546008c811b11f88c44a30bc7beac5c3a52ed74bf5d66a9aba3347574ed4b4fe8732d32151e39dbcb8dcdc648c0ceaadc3a32f170792a65a8b64b575a9245565a16d91ab76c0310e4ee0b17e63e7405ec3d5c2f97baaa28e9e08e183780e2a51e5cac9b3d7179404838cebbde3a94d9ee90412d2afc34ae886679b6b1662788d31ebdb8c9c1e06a874e74cd5daef52cf50949d9884c90c908224944b377499323c8c01c13efab77db1dc6ef74a65f88a616d578e46578c99a365249edb781bb8073ed9d00baaebe921b624ef45050cb33c46335953b621148923a3b32a920e2260571c1f7d5cb7f569afeaa92ce9153388c94678eac190111ab96ed919d87760303fcb5c697a62f74f0a49f176e3550ac50465a9d9902471baabe339df9909e0e31c695a3a42b2d77ca665a9a792db48e668fd07be5cc221209f1b70377d7c682fdf2f9259ee76ea2482195eb8b8dd2d52c0142941c647a9bd7c28d0487ed0e692b6a6962a1a79a5594c34f1ad57af709c438986dfc2c93b879e3463aaec55f7aedc74cb6f78da27859aa909787732fae32079c2f8e39c73a08fd057111d6a89ad73a30758125a5622557a813113f3ea23180c3183ce80952f57d554cb49bece638249569e698ce311ca6468f6a71f89865e48c71eda2dd4d7e83a67a76a6e932348615f4429f34afeca3f7ff00fdd676d3d2178b65ded0cd25b26b75046db6101d3b52c8eed23a2f83c36d5cf819fae8e756f4b41d576934b2cd3c134624304914ac9b1da364c9c1e4618f07415a9faa659fa9cdb8d005a5350f48951dff005995231230d98f971919cff2e75a80436b1d4dd1d3c5d751de6434261801ed4ab11f8a93f08461647f0c07a8e7c9f4fd35b1c681f4da5a5a058d2f1a7d36816969b9dda6078ce0f9c6825a5a5a7d036a0fb8b631c6b3f43d5d4f2d2dc6aae707dd14f4352d4c64a8950872be48c1d5e7ea5b2c758691ee94a2a161f88319906eede33bb1f4c73a02283d3fae753fae3ce85d6f505a2d95090d6dc60a77965eca2c8f825f00e3fa30febae978ba0b3d08a8f8696a59a58e258a2dbb8b3b051e481e4fd740471a5acd50f57c552b89e8a7a59c3431344cc1887799e1232383b590e4eacd8ba81eed056cb534125b9692a5a9b33488c1ca9c12369e067eba03ba5a5a5a0e4e5fd8f8d3890ff0ea78d2034102fe9cfbea2252cbc79d74281b5158d55b2340c19f383a98cfbe9f034fa05a5a5a8970bc7be81f59eea4afbc5254520b6415322b6eeef6a95661e463399131efe33a3dbf48cab8d0647efbea04a8b9ab51cfb2039a726dac41f5e3da5cbf1cf007d7514bedfe4aba087b122ace15a53f754c36faf046e2fb5381f9bf7d6c83e5777b6b3d5bd696ca1eaa8ac0eb3b554a9b8bac64c71938da18fb139d0034be756416d9259296b64944aaaa1ad4bbb6ed6cfa167e79039ceae35fba816be784d348228e0322b1b5ca41611e7861260fabf2e33edfae8a74a7511ea6b4fc7f669e156236ac354b51c150d862a3d2c33f2ea8cfd77494977aba49a927ed5319104a8cacd24881494d9f30ceec03e0e809f4e54dc6a6d664b9acc27ee363b94e203b78c7a43371fb9cfe9a33a1b65b9bdd28e579a98d2d4432b432c3bc3ec61fa8e0f041d13d036969f4da0c04bd3dd4135b6b43d0d28a93729aae1ed573a3ec742062409e96e70410411a1d2746f53c95cf101471a4b4c55ea3bc4c2d27c308f221dbe83bd7e6538dbedaf501a7d07995d7a37a92eb57535f5494af25599236a7a7af961448dd2103242e6403b472be9ceed6cfa8ed32ddedb152c6f2205a9865731c8637da8e18ed61c83c7d746738d2ce832cdd1b4f15eecd5148162a3b7870f06325db964624f2486663fa96ceb9515b2ee966be53555ae86679aae5a8a68e49cbc73067dc037a46df03ebceb5d91a89917f7d0487cbce9f4da7d036a0255dc41d74d73740cc3413043696b83b84fdf4849bb8f73a0ef91a5ae71e777e9aeba0e6f20f1efae7ea7f3e3db5d8a06d3818d07311e38f3a818f6eac69b415c82bf271f5d617a97a5aeb71fb40b2dde84d3414f000b5132e566455392a08f9d587a76b7035e82506a063fae831d66b45f6d90d7cc896882ade0860a68e9d1d206285bd6e3d890d8c0f1b7cea9ddfa2abae3d455f534f1d042b56cd30ae191520fc3f6844401ca6e0afe7f2f8cf3add0034b219b86e7eba01d61b7d6d1ad64d70783e26b67efbc7067b71fa154004f2785ce7eba33ae285b5d3d58d04b4da590350908db8d04f4faa61cab71e35dd27561cf9d04d813e35cf6373aea1b72e469683988c379d4c205d3e968169f4b4b40b4da7d2d073d835ca68cb78f6d58d3637a8d0422c95c91fd75d34fa5a06d3e969681b5c66aba781374b3c51a938059c019d46b69be32827a6c85eec6532c81c0c8c723c1fdb5905e83d94494bf1b4b1f6e47937416b81725828f0c180f97938e7f9683602b29999956a222cbf300e323533227ffa8bfa72359293a2fbb575f2bd6c0c6b015024b7d3b04cb06e4edcbfcbf9bf7f3a74e880b576d9cd45bdbe0b1ffe5710270e5bd27f279f6fdf41a34b8d0cc331d6d3c8a0e091229e7dbc1d748e48b3fdea67c8e478d650740016f92985cd0ef9164dcd6da53e0371b7b783f3793cff0053aea7a19be3cd4fc65291f0fd80a6db0f1f87b3390338ff000f8c71e341a17b9d02b735b4eb8254832a8e4638f3e75741ca83ac80e834343053b5c1310bb3e050536c390060298ce071f5cfd49d6c00c0c682047abfd3597bfc333f535948b95753c0e64df04328447d885c13c67cf1e718d6b354ea2dd4f555b4b552a665a4663190c46372ed3fbf074181a9eaaea0afb23cb4d4d434d354c34b594ac247204534bb42b71f378ce38c31d158faa2b17ada0b03d1a491b2f6e6a883b9b639c47dc2992bb71b7c0ceed1583a2ec54f0d6430d118e3ac0ab22acce000ac5942f3e8c1391b718d24e8fb52dda9ae4ab52b574c432b0a9930cc1366e61bb0ec57d258f24682974dcd534dd3e91d22495816e3341f8b504b2462a5d4b6e6c96daa3c7be35acd0b96c36f9a8a4a67a7cc5254fc5150ec3f14387dd90723d433c68a0271c8e740bce9138d2d2d02d2cea1cab63db52f9b40f9d3e9b4fa06cf38d3ea20ee63fa71a7ce81f4b51de34fa07d36912175cc9dff00a681cbfd3f9ea3f379d381ead3e068238dbcff003d7997545e6b6d9f6b36a8cdd6514b3c491a5242e320bb6dcb21f9812a7d40ee1f4fafa8e03686d4d9286b2e347709e96292aa8f776257505a3dc307074191e80aba2b35aaa28e5aab41869e082a64aca125623bc15fc42c4faf299cf19dde06825f6a2b6dfd5179ab156ab189a4a769229dfe2361a65971b0fa554046c30e73fccebd2a3b1dba2826823a1a648aa0e6641128121fab0c7abf9ea66cf6e7b89af7a1a76ac29da350d12990aff0eec671fa6805f489a68e1b9d1d1323d1d2d63240636dc814a2390a727382c73faeb49ae14d4b052532c14d0470c49c2c71a85503f4035df40b4b4b587ea9bf5c283aae9e828aae60cd4eb2c549153893e224ee6dc3360955c7939181a0dbe981e75898fad65bb43d454f4b4c636b7c0f3535444e76cca0baee0cc98ce53d832feba94fd595b3dc6822a1a26107769054cddd5f49986766d23246181dc0f9fe7a0da92174b592ea6bd5cadb78b67ddb00abeec550658259bb4855155b7670dcfb0ff7b562d5d5d15cee70d02533acafbe4209f92211a3ab9fdfba83f7cfd341a5d303fa6aa5b6ae4afb641532d2cd4524a819a09b1be33f43abba06233a58d3e96816998e173f4d3eb9cb92bb7eba071f264ea2575d34b0341c323dfcea41cae7df523182d9c6a213fc3a07f9b4e134c23fe5a704ab63db412d834b6fab4e34b1a06d3e46911aa94d574d58f2ac32f70c4db5c72307416801e469f4b4fa05a5a5a5a0a725436b3f72bb5aed37e82a2aab3b55d5310823539394127938185196c6e3c6b4e29e35fcb9d65eef34d6dea16963b44b701594f0d3c4b1c7b9372cac5f79c61461c364f9dba085074750db5eb4c0b58055c2d4ec8f333a471b3162a8a78500b1c634a3e97b7565ed678aaeb2396824877c08e4445d1018cb0c7a8ed61ffb1ac652d9eee2a2fd15550dd112778e79b6522981e40d28902206ccc877c67921885fd31a2760b65c33437596d95d45591d5522b23173880c4b130c127dd7736790319e46836779e96a2bef60d4c9531b41bc23c13b44d870030257c82069ad3d3d1db2f15f5cd28964aa58e1880882762140764608e4e0b1393ff4d1ed2d054b750a5b2dd051c524b2a408115e672ee40fa93e4eade969681696969682323ec5ceb8c1b9db71f9478d4a6f59118f7d7551b571f4d03e96969b1e3f4d02d2c6969f40d8d2c0d3e9682241dc3078f71a969696816a380b9f03dce9dced4275e47d4574aa83ed526a292ef3082b291a08a9e397887746065e32395c92fb9493e93f4d07adab02320823f4d4b584e85b8d05bacd51486a2d2b4f4af09f88a01b2091a55000f27d59c0f3cee5faeb2f553cf49d4772927a88d69e6ab9e09da099c4ef18963722404e15447940571c37eba0f61ddb9410783efa7d67ba36489acd3434c14d2d355cd153b2f28630e76853ee0676ff00c3ad168169b5ce49197c26754ea6eb4d41dbf8ca98a0121da9bdb193a0bf9c7b1d3ab03e0e75429eed4559532d353ce249a1255d790460e0fb7383c6aad45e6d745758edf3d6c1155cf83140ed867c920607ea4680ce9f5449756fcc35133b2fe66d010d3687c357df891e37de8e032b0e7208c8235d91c379fe5a0b591f5d42599635cf9d51f8e85e792047532c38debee991919fdf5d691a2a9df206de63628c304618791ce83bc4377e2e305bd8ebaea0c9eac83e7cea407f5d04b4b4dae2d346b551c0c7f1240cca30790319e7f9e83b69f510834e31a07d2d70a6a98aae9a39e06dd1c837292a4647ec74e93c334d2c68eaef0b05703ca9201c1fe441d076d2d31d7194161c37f4d0762372e0fbea84b65a09ae70dc64a58dab608da28e62a37aab104807f96a2eedeecd8d707abed4f1c467c3cdbbb6bf5da3271fb0d0598ed16e8603047470470b3090c691a852c0820e318cf039d2369b71ad9aa8d0d31a99d7b724a625df227f0938c91c783ae49de95b01f3a21040225fab7b9d028628e08962891638d0615540000fa0d75d7369541c79d377d7e9a0e8718e75e67f69b4b5b5b77b3c347016491fb4cdb885cf713d27039e3f2fbff2d7a365a5fd0681de6fb35b6a6b228d22c4144b50acd9277172b8fdb8d0657a0acb71a2eb7bbcf5b4ad1c488f1891f765f321c63d38c607b13a3571a5ba7f6cee3594552618a2b7c216330ab0a87cce40dc7c6095f1a183abef51d4cd1d556dba8b75488585442c8d4396931bc16024521410e08075d2dbd5376b8de2dd4f28a2114f0c6cc0a329a90436f9616271b4100ece5b1ce807592825ab829fe169ae34b433cf4d2542cad244cee2390ccdea3b8293db07d8eb6f510c735b64a3dcc43446318760d8c7d41ce7f5ceb8dd6b92dd2c11c74d2cf3546e2238b19daa06e6e48f191fafab54fefba6a790f712509bcc61c2e43b860a4000e7209c78fae802daec9056dbba6a9615ae16f82094cdba5951b7854c06c9ddc36e2078f4f1a050545dbef8ba1b87de70524f2c3255431c33a2c6bdf9158236496caf6b2531c6bd2ed5748ae94ddf8525084edc4a9b5b3804707f42354a3eafa431cb2c94b54a102343845733abcbda564da7ddb1c1c1c368331d394b721d5b0ce696b66b37e1046a9de2a11fb6db1df3f32053b707905816e46af7dcb399851f66b62a25a9ae94223ba82081b390738249239d6c4dc512cef719e2969a38e269648e4037a00093900f9e3ebacf5c7afa9ecf6715f73b655d12f7d622b2bc40905776f5f561f8f65c9cfb680074b5c6a27eb1a3a3aa9ab1ae085deacb54650a88576a98f764104f92a39f739d14eb3a69e5bd42eb4f59330853e09a1562b15477465988e178dbcb71853a2f17c437595d2943c489250c52452a42a2489999d4e5bf37c81b9d76b0d5545c7a4adb5b58fddaa7855a560a065bdf8f039f6d073e9bb6343257d74ed51f13515738ccb2b30ed895b600a4e00dbe30343babe82b1ab85551413bcdf75d6c65e1cf9daa635fdf7138d5da0ea0f86a9bbade6a28a8a0a4aa48617dfb54a346acbb8b7e6cb1fd340ee5d755149d4b32534b1d5d12460a44b0b6d914c2ee1c4e0ed0c5d7604c64fb68055dadb576c8e78de2bd4b6c8e1ee1f8796567151d8e1f39cedca9cf380de756ba75ebee75743475d4d5d2470cb546a6695196278de3c22863f3021b236f8d1393a9ef0934d41b6867a8855ea59fb6db268446ae111776771dcca1b247a09c7b68ad4dfa96be114363afa1376962578a1770ddb538cb1553eca7705c8ce833f6bb3cf514dd314d56b591414d432b491895d312068760720e4918380754fa8e8ae32c5778a14aa7a56bb4134a9d992a43c66052f88c302c9dc232aa75762ea0bf350d25c1a7b7bd12d60a36610b6eae635262ca0ddf86368ddf9b3fb6af515faa68ababa0ea3a9a1a75822866df1065584c8ce044c493b9b0a3d4319fa6833362a3b953754595aa29ae33bac5147bea29dd4451f69b2c24572aa01e0c6db8e7df443ed36e505252d28ac592a29e586a80a749bb7be5d8bb0939190327819396e01d17b85faae2ae8a7b7fc1d5dbaa68279a9ce486967400805bc04233a0b41d4f5b73b34b5a168abc50d753ef9a4a69203d87084c891bf3b86f201ce0ede340ba5e82ba1ea088d45beb63ab8bbcb575522b76e58c851080de1b181c0f9769d19bfd9a8e5eb0e9cafaba29e768649224922491846c42ec2db780b9cf2dc68bd1d557275856dbaa7b0693e1a29e93b6843fcc564de49e4e76e31eda3d8d079ffd9ed154455d348d69acb77fb2a2d5b54a6d15353bd8b48bcfab8fcdfe21af41d300174fa083a06e7dc6b811b0e4f93ab27c6a08a79cf9fae8258e78d67eff00d34d7a9c4b156b52092234f5004618cb1ee040073e96073861fc5ad0e90d06617a313ef415735caa6a1627dd0452221112993794ce32c0fcbc9381aef71e9b92baf34d569729a1a58648e67a408a559d09da413ca71c1c791ad0e98e800d5f4f4b396923bb554353de9258e6daae6357500c6030c6de01fdf559fa4508ed1af9de30772eec16490a8058379e48dc47f11ceb4cff002ea29f2e806d96d1159e29218a4924491c38dfe170a1703fe5ce85ff0063236966dd73ab78882b0445540a7532aca402064f2a00c9e078d6a478d3e839cd12cd03c520ca480ab0fd08e7591a8e8233d0474ed7fb8178476e1919623db8fb4d1ec036e3956396c675b2d3680651d99292ae96a3bef23d3d20a4190007190771fd7d3aed6fb7456db78a4849280b919f39662c7fcdb570e9c6805c56c8a1b9d5d57ced54230eaca0a8080e31ff0036a85c3a4a96e5741572d54e903189a6a54dbdb95a3cec278c8c67f2919da34767e3c71a8464ee6e7419a1d08123df1deab96ac6d8c55158cb08429411e36e31827d58ce79d17abe9fa69ba667b2d34b2d0c32d3fc30969f02445dbb4104e7900632745c78d3e83207a226592ced1df6a93ee9564854410edc1c0185d9852146d0473863abd60e9c96c3515d2b5d27ac8eae579d9658901dec7c965196c0c28cfb2eb43a8bfcba0195f64a6bacd0cb505f11a4a8141c65645da7fcbc686d1f46c34f6faba7a8b85556495421479e5081b6458dab85007d79c67d5ad30f1a7d053f808bef7371c9eef67b18f6dbbb77f5cea5414ad45410d33d44b52d1205334cd977fd49faead6b99273e741d34b41ba7e69665b8f76579365c2645dcc4e141e00fd346740da4071a7d3683fffd9, 0001);
INSERT INTO `expenses` (`expensesID`, `expensesName`, `expensesAmount`, `expenseDate`, `receiptNum`, `receiptImage`, `employeeID`) VALUES
(0000002, 'Flowers', '2500.00', '2018-03-15', '000485713A', 0xffd8ffe000104a46494600010100000100010000ffdb00430007050506050407060606080707080b120b0b0a0a0b160f100d121a161b1a191619181c2028221c1e261e1819233024262a2b2d2e2d1b223235312c35282c2d2cffdb0043010708080b090b150b0b152c1d191d2c2c2c2c2c2c2c2c2c2c2c2c2c2c2c2c2c2c2c2c2c2c2c2c2c2c2c2c2c2c2c2c2c2c2c2c2c2c2c2c2c2c2c2c2c2c2c2c2c2cffc0001108016b00ce03012200021101031101ffc4001c0000010501010100000000000000000000050001020406030708ffc4004810000201030303020306030505060407000102030405110012210613312241143251071523426171528191163362a1b124728292c12543a2a3b3f0173435d144455373b2d3e1ffc40014010100000000000000000000000000000000ffc40014110100000000000000000000000000000000ffda000c03010002110311003f00fa4354dee3451ccf1495b4eb2c632e8d22860319c91edc73ab79cf1a0b53d3cb557096b3e3a78ccb194d8218180e319cb4658ff324682fc772b7c918923aea678f380c255233f4ce751fbe6d7f8a3ef2a5fc1e24fc65f4738e79e39e39d0a3d269f7747462e129d8fbcb9a4a639e7c6ded6df6f619d749ba684a2abfed2abff69f63140c13d5bb8dd1f3ff00167fae809add6deef1a2575333ca32804ca4b8fd39e74df7bdb7693f7852e171b8f7978fa679d094e9751534b37c7ca7e1c05da69a9f0f827dfb795f3f948d2a6e931050b538b95482c41deb0c0b8c02301447b7df9e3405bef5b7990c7f1d4fbc0dc57bab9c6339c67c639d45ef56b8d6367b8d22aca4aa133280e47b0e79d0d6e950d592d40b8ce3b9118b67c3d3103281720f6b27c78271fa638d463e918529e187e3ea076999b72c30216c907042c78c71ec34055ef16c53286b8d2830ff007999946ce71cfd39e39d25badb9990ad753b3381b00994ee04f18e79d0c93a55656ab26e551fed4d920c14e427af77198b9fa7ab3fd79d453a5523afa4a8f8e9b14ca1428a6a71bb058fcc23caf9fca47fae809adf6d2f17796e746d10214b89d36e7e99cf9e35d3ef5b7ef74f8ea7dc8bbd877572171e7cf8d053d290fc19a4fbd2b98160db9d2173e08f0d1e3dfe9aecdd351b544d2fc7cdf8917688f87a7200da1739ed64f8f04e3f4c682e8ea3b2b471c82ed425266288ddf4c3303c8073c9d58fbd6832e3e369f311c38eeae50e71cf3c73a19fd9b5ed5329badc48a725813221dfc8386caf8e31c7b6b949d28b28abff00b46702a88620d3d3b6cc36ec731fa87fbd9d017174a033ac3f1b4fdd600aa77577107c71a6179b63445c5c697606d85bbcb8ddf4ce7ce85c3d32b4f353486e354ff0e810284892338cf2555303cfb635cc74942688d3a5c6a1417ee6ef86a6ce70478ed63dfe99d01896ed6f84b772ba9d3682ec0caa30a0727cf8c697ded6e608457d2e1ce10f797d47e839e7430f4ba7c64d51f78542196231e238e18c8ca805b72c79278f7247e9a66e99565814dc6a4f60960cf1c2c4e483ce63fd3db1a026f78b6451cb23dc295560fef0999711f38e79e39e34a2bcdb679238e2b852c8f2aee455994961f5033c8d0a5e98ccb5127de5549f10e1b31c302327ab770563cff3273fcf5653a77654c129ba57bf6576ed77460fe79395ce79f63a0b9f7cdb0c65c5c297683b0b779701be99cf9d70fbfed0934901ba51f7a35dee9de5ca2e339233c0c73aa12f48c52519a7fbc6a07e207de69e989e063de2c7f9675da4e9b579657fbd6e69dc8fb6156550b1f006546de3c7eda0bd1deed9304d971a56eee4211329de47d39e7507ea0b3c5dd0f75a31d9c6fcd42fa7278cf3c6a92f4c2a0a6c5d2b0fc3b96cba42c5f241c1fc3fe5c60e993a5f11542fdef734efbee26278e30bce780aa07e84e327df404a3bc5b2592248ee34aef380d1289949901f040f7fe5abfa070f4d886b69aa7ef4ae93e1c01b2431b093f5625339fd88d1b1c0c681f4c78d3e74b41062deda410fb9d4f5979bae6de91a76609ea666076c31ed0c4f752203960012d2291cf8d017bf48f0d82bde1665a814d2988afcdb821231faebcda96f572ea15a6252a6a95a7489a9e0ae6a6ee010cae0ef56e095789cf233c6b727a9e15ac8696a6db5704addb49778465a76918aa2bb06232d8f6cfcc33aa96ba0b1dfe8aa699ba73b54b4f22c256aa2421da3054000313e8f193fcb403e085c7545453d55756186a5a68a27a7ac73194455fc22bbb31c89b73b97e6f564f38d1fe8e42bd1d6a779e7a879a9a399e4a895a472cca09396e7c9f1aa74d0f4ec37e8eae2b6c515789de8127d8011b23dc79cf8dab8cf9d422eafe9cb574fc33d3c822a4f846ab8631804c618290067cee6031a0c73f53de92c082b5ea681a5a014f0d4f73ba5de49d50c9b5790ea39c6091aaf59d55d4b7069cd2f77e1aa23a699a44623b2df0feb880f20b48cb81fe17f7d6a5ba86dbf0d2cff00d99a9d942b25541fdce648d65fc4913d7c6194310704f1ab0971b3f7529e4b24d4e6b9e169cbaa158dddd9e2129563c9639e33f3f3a0071d9a4fb8525a84b9d053495b44228dae2ecfb59a35958ba39f4b67c13faf19d42ef3dc61a2b9d5515caa62ae77afa542f33148fb63f0bd04e011b436e0324649d6b6c776b3f53daa14a3895e8c53433ac642955525b60c7d54c7a175f71e9b8ef773a9acb0bb54253d42bd5f6d0fc42c68bdd45c3673b481c819f19d010e8ab84f74b756d4d42343502b9d6581f3985c2a02b8f61ee3f46ceb076daabd4767486a3ef1dd5868e50b0dc59a498f7ca4c5598af68e5a3564ce06bd163bd416f929056dbdedd5174aaed4719d8cccdb38772bc0e142f9fa0d01a61d27535953427a71a996e9280b232285ac1dd277a956ca80e371c8079071a01d79bfd759eff0d152bdc22f87b6344239f74d896557642f27a86f0f146837373bcf9d46b2a2b2c93dba2b0d4565dcd751cb32d3bd664ab344a55c3c87273b1d82e7eb8c6b6f65a4b3496a436fa348e992431a864e7745210324f270c091ceaa4b49d35d292d12c76da6a435b52d1c4628957f10c4e4ff005552ba0a7d45575e3ecc0565bea315420a7952663fe38c924fea339d646dd2f51dcfa9a5a7a9a7ad1712c2a1152af6c3440cc18ac8bb80702368c636b675e894d71b1565a20a70f4ab4cd4f13fc348eb98e360bb32bede540d5da6a6b79ae9eaa9e284d4e4c5348806edd85c863f5c05d0647a36a271574d2495551335c289a7996699a40274976c9b413840376dc2e17c635b9472dc1d656d75dd33495f575b4f4715be59a27a8aca870a8142cac8439cf04b86fdf69d15acea5b4525209fef0a590cb0f7e04132e665da586ce7d59da718d019d2c6aa5057435f4e1e3605c2a9923041319650d83fae0ead8d02d2d3e9b2340b4b4b20e98f9d02e74b3b7193e78d3e9b9d03ebca4fd9edde916ae55ff6d691d18469526262a2b15c80ff0094f6a38f918f5675eada5a0c225aaee2f56a9a0b3b5276c44af542bb7b4710277c32e5b3371f29c1c16f6c6b4d61a29a8a92a5664d8d2d64f3019cfa5a5620ff004c68ae9683ce2f5d1975a8f8ba8a50ff0017535754549a9631c692c4d12bec2db77007d8675427fb36aeb82d4c15e22a96a38e6f809c62256677dd82833b572de3fc20ebd58ffae9b78039d062adfd16d45d2f5c85a69aeb5547353812d433a47bcb36d4cf0a3246703d87d34ae765bb497b920a7a42f49533d2ce6abb8a162117254ae77139518c0c7abf4d6db70f6d67af3515d0f5558160aa29495124d14f4fb1489311332927c8c15f034027a13a52b3a5cd6254bc5da9e9e955151f3b1d233dd1fb6f62c3fded06b9747dcea2baf9353da523a8a84acc54fc4ae6a52440123db9f4f201c9c636febab15935dc435901aebad6c6b7796276a2645aa11f643a22781b558f38e71e7df552a6e5761462eb4f74ae4992c3f1f53197dd177a440b12aa6300e5646fdf1eda0bd59d2574af6a2a8a383ee75a1532c54b24cb3b49219d243bdce704f6d79539f51e74bee3bd57525bacd5b49f0d6ea0a9466a886acac932832619763065e36e479cb7d0687892ec68de0fbcaef15c96b9e9a8e89ea56495a42913ef95d3d2c8aa598afca0363ce3462782a22bbdfea17a8aba86d9462359649a5ee2c6c4f765ede7e53b0aa8f38dc78f1a023d2d4f72b250daecef4ad24212a649a7790b943ddcc40b1f98b0727ebe9d47af3a76b3a9282929e8f68789a59524623f0e5ed3889bf9395d6728abefef7aa16ac92b961a634cacdf10b1b62695c289620b8762bdb0791b7db9d7a714f047b683c9297a0afaad328a664aa891a4a7a89248bb1bf6c7b54055ee1f9769dc76fa78f6d6fba42cb5562b4cf4b592f7a56a97657ce4b20c2a13fe22aaa4febad00f1a5a0c455f4d545256575c286de95323dda2acec34814488b10f19e1712b33fef93e75c683a3ab60a1ac33d3d2b554d6a34f173b84733493395048f9419146ef7d6fb4b419be8fb356d82db35bea9fe21629374754c4196a015193263cb83e9cfb851ad17706ec69f502079d04f234cc4ed3b793eda8851a971a089076fe5cfbea5eda58c7eba6c81c6825a5a5a6c8d03e964696968164691e471a6c0d3f8d032023e66c9d2704f8d2ff002d3f9d065c75cda47c4fa6b1bb0c02914cc7bf9904798b03d637b05e356eb6e16933daaaeb98c13932494a260c8c0f698be54f8c26ece7c6b2974b25c2bef95f3d574f54cb176923611562a2d488e7478cc3eaca36d04b29da09f73e75557a53a8e5acb1dc432c6b4fbe9961a94df3d1c2cb32ef2c18866dad1e473ca8e74046bef1d3373a1912aad3732f2d4f7fb11c2e950e4c47f194236761404673fa633ab8f74e91952b698a6da39e88432cbdb71049146a488d1c71b955cfa473fd359fa0e9cbadbec95d46fd395669eaa28609e04b8a99dd823abc91485fd2b911fa588fcdc7d6c5674edf2bd6db1c96dd959474db3beb2afc315edab6dd99c893b8a177051e9cf3a09cc3a1e44a026d35d29a7690bc8e2559697322ef79cb307196da4eec9239f03576eb5dd377186e36bb8515ce9cf7d2a678c43324b2c9bc2c6d194e5893164053e1738d0bbcf4cddae6b555915aab6396e5249f8695890bc40ac617bc33b5d772b36d19207ee7462f761ada95b9d576a79246b852cf18a6709349146b1ee08d91b4e4cb8191fe7a0236eb1f4dd5c5477b862698c31ab47535134acd842c46fde72c54b37cdcaea69d6b689294d416aa55dfb3b4d4d27708dbbb7ecc6766d1bb778c686d8fa56a25b0430d5d6dce962edc912d13c88008cb3edee6df99cab02c73e743a1b45fe2ae8eeb5366791e1a68e8a78239a32f52363abc887700a325300e0e33a0d41eadb6355cd494df11573c48ceab0c2c5652a03158dcfa59b041da0eae58ef70dfedc6b20a7a9a78c4af115a84d8db91b69e33e3208d626cdd3d74b7f5059e3782e11fc1b1965659237a33ba9cab95e37872e718f1e48f3ada74c5be5b5f4c5be8e65d93450a89141070f8cb7efc9d017d2d3674d9d03e39d23a5a4741038071a591fc5a9e9b9ddf971fe7a059d470753c6a24b678f1a07f3e358dacb95d5af732d2d60895eb1edf142ea0a0ff0066328909c6776efd718d6cf8d00afe8fb5dc6b2aaaa6f8957aa8d95c47332aab347db32281c07d9e9ddf4d006a6bc5c1ba6ea3e1abdeba5a9ad1456eab91115a50700c985014aa912302072a9aab71acbfa5c2e9050d756564b1aa99238238c8a72d3a76d23dcbf3f6773306271e93ad25aba621b535222d6d55541448e215aa7ee32b101721be8141503fc4755d3a26de9f1aa6b2e6c2b2533be6b1fd326f0e193f848200047b71a0e10df27aaa2b2d2d2bd4fc655543acc6a3619235858f7b7ecf4fcca1323f8f8d0ca5b8df2a6e4f6a96f0d28698432d6410a2f6a558a47912338c32a9118cb027e61e7c692d9d354d6bab692096529d81020762ccb9767762c492ccecd927fc3aa347d0d6fa2b4adb7e32e1514f19dd0f727c3c270c0ec7401b2c1db24924e82bd25cef55d534663ad82215b6535088f17a639f727ac9cf23d7e3447a52baaeb22b8a55bceef495ad0035112a4bb42237a82f1e5b208f2b8d59a9e9db6d5d37c3b44c917c235084472bb6338e07d0fa460ea766b34162a6961a796a2769e5334924f2192477c0192c7f4503419ebb5dee2b4576ab8279ff00fa843410c54eaad22a07457281b8de4b360b7038d0eb7f545e64b72d6bd43eca278e29219a340f2ef9de3fc4207a5955573b78dd9f6d6a26e97a3a9fbc5259a758abea23aa2913ec68a54dbeb561c8276aff00eceb9d3f445a29a5a574f89614fb772bccccb3b2b3306907e76dcecd93efa0cfc774bb4161ae696e52cd570dbe0ba2bbaa8c3157778fd200d9f87800f3eaf3a215335ca6eac8e8e1bc4aa95113c92431247b6961ede12424a93dc3278c9da4678e3579ba3e812d13dba9bbb04352504d973234912f1dacb676ae3d381e0671a943d33430df2aee427ac135667bd19a97ed3fa4203b3c7ca38fa6832e971bc25aadb767abbad5dbd9aa2ae796278519610e9dadc36f2bb0336d519f568df52752b476f9a2b70ae8eb12a6281b146c24dad285262ee2ec6623c738c73a2351d2d68aba2a3a69639bb54712c11aa4ccbba31b7d0db4fa87a4641d5abc5be1bcd10a69e4962db22489244fb1d194e4303a0c8db6b2ef7697a70fdef5914951de92a21091283144c54f7176e43b3346a70700e71a6966bbc7d3b79aa8aff716ecd5fc35031109791c622009ede0ab4a7e9e17ceb596bb050dacd3bc28ed2d3c2f02c9239662aee1dc927c92c324ea62c5429410d108dc410d48aa41bce77ef32673fef1f1a0e3799eb2d3d212c8b3896b6185504cca397385df8f1e4e71ac9dcfac6a2c9534d656b9446a4dcd2133d5ba2bb5306877fd017266dbc0f193edadf56d1d3dc2866a3aa459609d4a3a1f041f6d0f5e9bb5fc2a53352f711665a8dd2317732070db8b1c9277019ce8395d6b6b053570ee1b5c14ac8ed5afb4878f1b9ca8e7047cbc8d6761abea0a57b2d455d5d4e279e2a69216ede224762419f8dc5d94aa8db801bceb4577e92b7de69eb60a892b1056cb1cd218a76521a3da176fd07a4647bea1fd8fb60ada3ab5f89ee5214c179de412ecced2e189de46e3863c8d00aeb5eb1a8e9ce96ab9cc515057cb3494f47f112aed70aa5bbbff002a9217eb81ab349535b3f5aac50dcdeaa128d3cf126decc10b20110f19decc0b79f19fd345e7e9bb6d4db2ae82a29c4d055bc924824258ee7277104f8f3c63c6a347d336ea2bc545ce11522aaa18b499a990a1f485feef76cf0a078d067baaeed7183aa6968e86a2bd58d2896286969fb89248650bf8a4a9da98f7cafbf3aafd13d5b75ea1bf9a5ab88c71d2d3cc246f0257ef0d8c3f4ed953fbb11adc7c0c02e46bf69f8831087764fcbbb763fa9d56a0b2515b9a06a78d94c109810924fa0b0623fa8d013d2d3674d91a072359dacb4dd26bec9550d4c294ac854219270f9da40380fb3cfe9fe7ad16b3573ebbb1da2eb35beae7956a20c6f02324723239fd8e82b3586f62dbd94a8532ef273f78d40f4f18f5727db4a4b0dd64acaf97e229d45402b10efd4ee0723c91201e07e5031ab3075ed8e689e412ce15319cd3c99e4e3c01aab55f695d354b3f65eb24dd8c9fc22319fa8383fe5a0b31d9eee8f401ea226487fbedb5550b9f5678058eee3f88ff0096aaff00676f32d1d44524d02bc846d325654cc3183fe242be4783a947f697d372282b3ced9f1b6063fe9aed51f685d3b4ca0c958e32a5803132e71ec370193fa0d071363bc25523fc4c45561d985a9a95cb76f6e71bc8c67dfcfbf9d73362bccf6e4a79a6849dcc6467aca975c1c638c827c1f718d447da6f4d3ca512a2a6463e36425bfa6356cf5c58853fc47c44bb31bf985d7dfea463fcf4106e9ebab4f5f2254d284a807b6a24a95232c0f244be9e07e503524b25e124b71351114a7399b1595233eacf8dc77f07f37fa6a568ebbb25f6ea96ea2a876a960cc1480381e79ce9aeb73bb5375753d3acb153503f65544b092b5059d848a24f0ac140214fcda0a49d23708e825816a6932f2861ebab03001f7ef67393ec71ae8dd3b754acee47534e53b262204d520eed9b781dc2073ce719fe7aa47ab66ea4e8fbd555bda5b7d65b9832bc0e240ea30c18165c1420107031e9383efab971ebea2b6df6a6d7252c923409215092a9924648c49811f9c6d3c31e3d3a0e1fd92ae9a8a28e49a95a5495998bcb54f9ce3f37741cf1efc6ac8e9dbb472d7343514e16762620b3d4a104b8273eb214e3dd40fe9a2fd397b8fa86dcf53122466390c6c893c7300463f32123c1d63e83ae2b2df2dc24b854b56454fbbb91490ad37c339a930a2f71b0a54f3ea3e3679e7406e3e9bb9b4d6d9259e226970642d535326e3b8e71eb00f1eedbbf6d715e97bb8b7494e2a2937b4a19584d5606d00fbf7720f3ec71fe5ab36eeb41799299ad96d7aba7214d4c91cc84d392ce9800121f0c87254e31c8ce86d17da22de6c570a9a285167a258e775827498a404f2e78001015b29e7e9a0262c375f8a7669e23134263e6aea0aeed9b798f760f3ef9cff3d70fec95c045020a8a6cc723337e255e0e401c7e367c0f7c8d5ba8ea99fe2eae8e9ed72895246a6a79a5955639a7ed8755f7201539048c6ac74ade6aaebd2b6eafb840b0d4d442aec11f703c7cde0633e718e34148f4edd96aae12473d305a8feec0a8a9523d7bb9fc42178fe103fa71aeb0f4d5645556f90cd4bb69800e077c127713c7e2e0f9fcc0ff00d35c2afed26c3475d534723cfdfa672b22ac45b91e718d528fed4ac0c72f2ca9819c9788ff00a3e82cc7d2d74868a68854536f32864c4d54005da4727ba4e79f6e3569fa7eadebdea1ea2954b43dbc7e396dddbdb9ddddc11fcb3fae79d0dffe2bf4c95cfc54a7f68813fe475093ed3ac28dff00e248c6771ed27fe16707fcb4160f4b5c5e0a7415545ba2959d86faa0083b7c7e367dbdf235625e9cac9e5ad325452b2ce7f0c1efbe177038c1938e07e5c6a927da6f4d32ff00f3128ff90ffa369cfda6f4ff001da35129fa61131cff008d941fe5a0bd074d55a57dbe63514e63a5c6f51f100b1dc49c0eee3dff00306d69f6eb229f69bd3be9ccac9938037c479ff85ceb643919d03e834d59d3f537b6b64cf452dcb1cc0eaa64236eef1e7c73a33ac6c568b854751ddaba5a868a8e0af151141d93ba5614b1a06df9f9724f00795f3a03cfd39649411259e8183637034c8738f1eda82d058a8a682de941450b4e1da38560501b18dc70063dc6b19571d6dafa72dfdfadbc377eded2bc82495e46addb176c1db920677fa7e5fae864b3569bcd3dc65a6bb3dc292a65f8f748e631ac42aa2c0418da7f0d7384e48ce83d324b05a25f9ed342f9f39a743ff4d4292cb6484bbd1db682324ed6314283907c1207b1d60e92e155517e792bc5fe013ce0dba38e295463e264ddbc63605da23c87fc9e347ba2d22a45bb5344f58664af98cab52f2b601918a152fc1047391e7df41a37b2daa5f9ed946ffef40a7fe9a847d3f668655922b450c722fcacb4e808fe78d77ee4da98351e0edfdf4114a0a48e512a52c0922f86118047f3d0bbc74c25e2e50d4bd7d5431af6c4d4f1ededce11f7a86c82460fba907467737d79fa69c65b419ea0e8ba2a182e30ad6d7cf1d7530a4659a60c238c6f01538e301c8e73aa9576bb34fd593529ea1a982b2a622ef6f8aa15327b7b3b830378609f438f7c6b5e4e179d79b5fdeae96fb5f25b28ab67a9fc59da9cc2cd0bb0a6dab3a4a07a5b811ec0d93f41a0d1514541d249b2a2ae7a9a8b8d4a2b544a80b4926d0881b628038503240e7f5d57aee95a2ae8f892a6193f136c88573969c4e0f2083b5c7191f5d00b0d3d649d2d1d3efabae14d7e8823cb0cb1b7644b1be76c84bed009f24eacf44d35d13abae2d7079c31f88ef23d3ccaa7f1bf08ef76edb7a3c76c0e3ce82d7f67a9a9a58e4abbd571687b427066445a8632968f7855181b98a855da31c6acc5d394d67b1dc29e7ba573d1cf4e60635128614f10046d5007006ef7c9d50ea559c5fae549153554b357251342d142cc816295d9897030b8c7b9cf8d554b0d5d3f49d74016e6d2bdaa92a30d34ace6a86fdc41ce437a572a3fa680f52f4cd3a7544f5f357d449289c55a52777f0a3262110629eede86c1ce8bd96c90d96d31d041513cf0c79d86670ccabeca0e07a47b68452dbe921fb51b854b45562a66a285a36dd298480ce1ff00c00fc9c79fa7beb598fa6806cf65b64d2979edd492b3725a485189fdc91ab0d6ea3740bf0b071e3d0bc7f96ac6cfaea58d002bb274fda69526ba25be9e27711ab4d1a0058f81e3cf1aef471da9bb705253c023953e210470808ca71ce40c739fdf543aba86bee135963a0a9929254afee19e38849db510cbc9078e49c73f5d09eabb4564d595d2d1d3cef3d45a4c0f3c595666ee26391e180dc46341b134143ef4701fafe12fff006d50a26b3357d6d3d15353ad452955a854a7d846e1b8738e41fd33af39ea4a0ba5aab9e96db4b718a820abf88a6929e29a73bbf072b90de95c771b73023e61af43a18a5fed4de243132c4f1d3889c8e1f01f38fdb3a022b4b48f9dd4b01c7d517ffb6adef1ae6233eed9d4bb63409240dacadc3a9ab6dd7d9da6349f74c1511d33fa584aa5a2de5f767040cfcb8f1ce75a5685b59ab9746fde774aa9aaabe67a2a86129a4545037f6bb5bb7fcc78e71f5d04a1ebfb5cd03b082b7bead834e02348576ab6e1b588230c380777e99d77a9eaca4a796adda8eb8d252452c8d5491663668865d3ce770f032304e40e740a4fb3a73649a816e902f79897c5b6111e0a850420f0e36e4367396d115e8c99e2b8d2cb7cab9286ae39a38e9f0a047ddf9d98f976c938dde34041efb3196d6050d553256d53c0c278864008cc3386f4eedb90707e840d0dadebb8dacf53576fa0aa69e248a48d26455eec6efb77a8ddcafb7b1d68eb6de6b64a272fb3e12713ae3dcec65c1ff9b598a0e81963b1352d6ddea26aa7a58a9964554c53846de027a7d4377f17b680e555e851dc628ea627a680d1c956e5d036366ddc32ac7054378c107d8e8649d7d490d3bb3db2e42a903b3529897b815515cb1f56146d60464fe9e78d15afb0a5c95054d4b922926a46600027b81016fd0fa3fcf43297a36459ab67afbabd654d6412d3bc82158c05758d410a380404fe7bb41a68664a9a78e68f949143a93c704646baeb853402928e08132cb122a03ef8031aee4e82120dcbac8d45fae74bd43b152096816ad687b4aa7bf23b41dddcac5828f61b48fe7ad6bbe5781acc547483cbd5f4f7a4ba4e9145377de8b6031bc9dad9bb3e41c01ffb3a0ab6feb85a8e97a4b8dce826a37a8a596a003b76b940a70bea3f303c67f84eb65112d12b15284804a9f23f4d6423e909051592df3d6a54d0daa7ef1dd01591c203db5c838c64fab23d5ad9060cb91a0c6751753d5db3aa29e869eb28a353f0e452c885a7aa324cc8c13d5c0555dd9c1fe9ab53f56b3d8ae770a3b7566ca20e16578d1964d92323951bc6e0bb0b1e471e34622b5c51f50545cf2af2cf0c708ca0ca042e7cf9e777fe1d708ec3145d335366150fdba8598190e370ee3331ff00f9682a5c7ac692d757511d45257762994f72a9220610e23eeecce739d9ce71b7db39d77e98ea583a968669e18844f04bda9104d1ca01da186190953c30f0754ae3d272dcaaebbbd789a3b6d6ee33d122280cc62ed7cfe71801b6fd4688d82d2b65a39206af92b1a4732b4b22227b0180a8a140c0f61a033a5a8ef5fe21a7d067faa6f12da21a131d750d02cf506392a2b866345edbb7f12f39503ceb8d9ba9ea2e935253fdd93775e922a9a8955944511915881c9c9f97d8719d18adb6455b55473cbcfc248d2042010c4a3273fc9b4a0a18e92e5575bdc62d542352a71b50282063fe6d067a9baba58ad34b3d45aeb6aaaa5efb4b0c2885e148a428c48dd86c1c01b492dec3442d9d556fbadf25b640b2ac882428edb76ca23708f8c1c8c3103903f4d71abe9769121f83bad6dbd90cc1e4876167495f7bae48f4f3e187235cacdd39158ef3575d15477054172233044a577bef3f88177b73e371d06ab1a6c1cfcdaadf167d9469fbf29e42ae3416b597bc0eaf37294da7e005180367764c367033f90fbe7df5a62eabe4eb0fd47d67536aeaba7b7c68af0100b8381bb2acde7cf8438c7f3d05ea77eb214921a882ded30da5023e73cf20f03db5c58f5ccca5a34a081bd94caa3fcb6b7fae9fa13a9aafa8e2aef8944ff67740ac8bb41dcbbb819f182319e7eba1d3fda4087a92aadd240025be7a9350c38fc18e02eac3f52c197fe03a0b6ebf688ac767dd8c0f8fc5f1ff008356699faddc48951050c6db3d0e25006efe8dfe9a053f5e5d105b6226082ba485b7d3761a5efd42cbdb312907d39da482757d3abae6f47593acf6e924969cc94b4eadb64859a5edc5bc67d4a49c96007cbe341da64fb42560626b738f70651fff005e9d5faf436d68687078cabaf1faf23fe9a1f4fd715759d4b430c350bb6a22a797e0c53337715d0b4afddf0bb3ce0ff0febab56eea3ba5d7a520bb51dc2866965929d1d0d1c8a23321452bf3fab05f391c1d05978baf172a8f40ff0046330ff4ed6ab13f68ddce16dbb7e82507fd506af4378b8cd7d7b189631511bcdba6ed671188e328db73fc528f7fcba9f4fde6e154f6782be68a692b2df25648c91ecc36f8c28c67c61c8fd7414e383af7b5bde5a12edc85ee81b0fd3fbaff00ae99a3fb4208b87b7163f36661c73ffed6ba5d7aa2b22e891738e55a699abc52ef484ca513e28c5908392db478fae8fd0cf28e9f8aa24a86a9730993baf0f68b719194f6fdb4196347f691500b7c7dba9b1c050e0e7ff28e91a6fb434c2f7edf201e4f741fdbfee86a8d17da1dcebecf05c23a352ca90c3340a849f88951c2afeddc083f67d7a2c0b2a53c6b3b8794280ec06016c7274182349f68d3fe1b4f434fe087475f6c71fdd9ff004d4fe03ed04295596de7c726519ffd2d6f3b8bdc0ba9e8300683ed0778065b705e0160e09fd4f31ea62cdd7312a9fbca9253f9977ae3ff00435b60b377f717f47d35db41829283af19bd125bc8fd65191ff95f5d416d5f682abbbef4a2463c940fc0ce3dfb3edaf40d2d060fe1fed0633e9aaa2900c7cf28c9c7bf116b9fc07da0d42ef7b951d3b0e0046cff003feeb5e807582bcf575de93ed121b1c10c1152b40eca64472f50db3236301b5486e0293eae7c719074b6f5ea3126e7492839f496007fe8e7485bbaf26fc37aab7c03f8c3027f6feeb453a2aed5971b438b8c958f5d114ef255409132ee456e0271b7938cf3f5d67aabacaec9d435b491cfb51e692961534a447111345109164f12b7e264a7b1fdb9028967eb58957fed4a3723ce5c0cff00e4eb662318d06e9aaba9a9a0a98aae76a89a8eaa5a6331014c815b8240e338fa68e682bac723fced81ace5dfa5ac35fd554b70ab313568888581f612ea01058646e18dfc907e9ad5eb35d416ea6a8ea1b4d44d0070eb514b336ccfe13c458a93e7ca0d00fe8fb674f59ad35b5363b9c1534b24a0cd5092a1505140c165e32079ceabd7d93a7666b852d6d7c1b9659ab2a97ba81e3471ea0fee1006f7fe2d66aa1e5ea2e8bbd565b28cc892ccb2c944a5a07869e188f654ee5e4ee40c547b7a7572b96496e9758054d5abd6c6f2d7d0474c85e9d0d3063223e3326241180338f231a0d0daba4ac5554d2d5da27514b52c1a134a53b51324a1c18c0181eb5d55b6f4ad86b6e4ea9793738a90985e88b44f1c4bdc2e236503c06fe2e4edfd345fa46b2a6aedd5199ea2b69a39ca5354d4c5db925408b924607e72c070385d655ee7475725faa219678d9ae70c7551c11c8b28a646111ced5ddea60c78e70d9d06ae8ba2ad54453e18cf108e659a3018623c2326c031c2ed62b8d75b6f4cb50d921b5cd75aaac869de1684ca91a98d62652abe95191e819ceb1548d78712dca39aec1d65a78692291dc0313caf1e4a37963176d896190dcfd75dbecfeafa8eaacb32d3d6d34f22760b7c62d4c815ca1ee0dcf83bb2172a3217f9e835c16cd57d4d72149728e3bd494ab4f3089d4cb12a96208523c8327b8fa6b8d3747bd18b6fc35eeba37b7c0699642222d2c6594ed6ca63f2019001d0cb6d44351f684285a99a90dbe390e529e5095351280d2b872301463eb925bf4d6ef41958fa2905be4a3fbdee211aa7e2a2c3463e1dbba651b3d3f56c1ce747e2a22b6df8496a259f3198da6931bdb2319380067f96ac2797e73cea591a0cf507465b2dbde10f74f7a4a695f9032d02aaa1e07f806747d95bdb53c8d2ce83876caf235d06753d2d02c7d74b4fa63e340b3a439e75154dbfaea7a0623591ade82b75c3ac5afb512cedbe0689a9fbac13b854277060fcdb06dfe87ceb5da7d067287a4e3a0a27a75ba5ca59249e29dea6598195b66dc2138c6c21704639c9d5793a12827aca896a2aeb248a6691e2837aaad3c92387678c81b836e1b8649c6b55a5a0a168b54166b7ad240d2b8dcd23492b6e777662cccc7dc92757f4b4fa06271ac65c3abe6a6eb71688e5a0edac94f1982463f132f77397419f9578278faeb658ce83d3daa9293a86aebe59626a9af7431ab2a870113042fb9f7271a01d275a53cdd3f35da929aad604923559278182b0670a580ce4a8e79ffa6bad475b5b29eeb5546d1d56699256698427b2ed1a6f7457f0580f6fdf53adb0d2c3d16b67a8ae5829e248e335126147a58119e71c918d52fec7fc4d6dc775d164a499ea1960588168659936b92fbb9186242e07cda0b9fda812c36b9968ab2963afaa14ebf130e081b490480dc6ef63fd46b9dbbaba3adaaae8ea682aa9169ebd68a39258b0aecc060f9fe238ff00887d744ebecc95a96e4ee320a19d27181f36d52003fd7412f3d33573da2fb4a95703c172984ca2526234be37b8719248da187031f5d014fbe229ba5e7bbd302d1ac324d1f738de141c1fd8edcfedacc5b7ed46dd556fa9b8cf4d3ad2532d3879234ddb1e48cbba9fa042bb4febc6b5f3dba9ab7a6e4b6d3308e967a534f1b4782110a6d047d703c6b1776e88b25de8e47a3bd5153411834ee4c51cd12314643919003ee7dc0f907f7d06aa2bb4f51d4d556b8d5a244a349e295d032396661907764818e5481fbebbf4d57d45cfa728eaea9a369e54f5b44a5549048c819381c7d752a4b32d35d12bccccf22d225215c00a42b16ddfbf3aed66b5ad9ecd4d6f491a45a74da1dbc9e74170af391fcc69c818ce9ce9b41cd93fa9d2c6df3e3ebaeba7d044313e069c6969f40b4c4e3489c6979d020d919d3e969681696969681696969681696969681b402f347049d5bd3d56615351149320971caa189b233f4240d1e120fdb51770a85bc950481efa011d5e037475cd0ae4340cb8fdf8d65ed95a57ed1a78a0bccaf24972992a2dbbd36a4429d48936e377cc17d59c7ab1a2963eb35aeb2fde1747a0a78da3126292a1a7108d9bcaca768dac07b7bebb3f5c74ec125548d2c91b53c6eeee699d41daa1ca824619b690db41ce3407a82ba0b9d0c7574c58c328254b2953e71e0f3ae779a686b2c95d4f511096296075743e186d3c684ff6dacebd9573548efbf7c6d4cfba00857264007a146f5393c61b3e34d4fd67432add1a58aaa016da95a760f4ee0c85b6ecda08e4b16e31fa1f0740a8ab528ba52d740038ac9eddf831a83925225c8cfb1e46bcf2cf2dae15a6fbc2a286aed6ab177aa56158e212fc349889d4705d73c13eacb0079c6bd02a7ada8166a586956692496585652616db0892531e1cf856dc08c1f7d59ea0bc55db2a6829a86db1573d5b49e8925ede4a26fdabe920b100e3381e9f3a0a72cf5f41f65914ccf2c55b0dba2ee3e32f1b6c01db1f51c9d6605ea1a8a9b6db60ea7ac8d1ae2c696ae4a9c0a8a75ed97058ff007a4b928bfcfe9ad853f575bee55a28a88ca2691476a59233d92e63ee042c3f305392bae34bd48ff72d9ea6e10c4951575428e6eda3944937b210300e3d6303271fae80fc35d4d5357554b14aaf352955957f80b2861fe473ab2359babeafb550c7de6323970d848e325d9965116dc7f16f6da3ebaeb07585aea0522c66a1a4ab56748d69dd98057d8db801c61b839d01fd3e81b7555ad2df2d67759a18e08aa5ca46cc42499d870067271e3562fb736b3d96a2e023eef600664ce32bb8671fae3c68099d36f1acad3f5eda6547799a48d0c842148d9ff0c2a1ee3601d8bf88064f1ae945d5115cfa90db29e197b4b14cddf78caac8d1c8a84a37865cb11ff0e834fc1d2c6b2f70ea69e92ff252c74426a58040b2c8af8903cce5515571861c73cfbeab50f565c3eeabbcd73a6a7a7a8b7c2923a42ed208ddd0b08589032e3d39c7f18d06cb4daca2df6fb1de63a1a8b751a3d5232d383336edeb107676001fc3de766473e38d461ea8af9ba54dc1a969d2ae7abf83a348dd9d263dcd8186429dbc337fba33a0d769b596aaea2ba0afbcd253db6067a068444ef310851c12d239c7a428078193abb62bf1bc74f52dc9625fc70dfddb6e420315dca7dd4e323f4d01dd3675ce37deb9f19d4f40f91a7d732a34e338d048a83ae6d85604ebaeb9c830a5fdc0d062697a1a59fa6e4b1d7d5d1c96e988dc69698c3248bea23736e396dc55b3fe1fd75c9ba22e1768ee74d74b9c069aa6462562846e790d2ac264ce781f31d98fe7a1b53d6496dfb2eb53daae14e2afe0973209a20b13243bcab96c8078c6dc64fe9aa0fd5970a182e7596fbac124f532cccf4584cc38a657ef03c90032fbe570da03b4bd1d5561783e06f96cb655d434b0fe1d0ac68eae23e238f7fce3b59c92dfb63456e9d295772fbd623554c69ab2a60ab8d258598abc7db043fab0ca447e063e6d06b7564f72b150495d51057bc57b8929e71324e40c8ffbc45552dcb0c81e38d18fb46bb55db3a2eaea6df34b1542490aabc51191b99141c01fbf93c682bd2f424f44615a5b9d3c5097a76a88928d5164ed4ed280815bd00ee23df46fa82d570b84f6ea8b6d5414d3d1cacfba788c8b868d90f008e7d59f3acf74ad555258fa529ea6b9e29a7a4777a7a850d2cd845390cbc2edce7f66c79d6c96a0a79e74193b37d9ec565ea382e50d541247180497a45efb308845fdee784c2eeda079f7c68a0e9d74b253501a8cf62bc5697dbe7f1ccdb71fcf1a3a2a109c1e35d7861f5d062ee3d0905c24bc93511915f510cf1a4b0ac91c46360e5594fccacfb988cfe6d11b0f4cfdc2202b2c4e61a530048a110a64c85c90a385196c01ad185039d2d0647a7fa72b687a62aa0eff00dd970ad99a62d11130a75dde88d491860a8a17c68edf6d4b7ae9fafb617317c5c2f1071e5091c1febce88e9683cf2afecc51ea525a7968dd7bd312b550b388d24746f400c3d4a13033c7e9a3765e97abb5de7e2a4b8a4f491c73474f4e21dad18925121dcf93b8fa71e06b51a7d0656e1d2f5553d41f1d05c123a790c324d03c5b8bbc24b464367d2b92370c73b78c6aad9fa4eef4d6fa1a4ba5c69eb447562b2a9e389a3695802dc924eecc9b5b9c602e35b1257779e74ffeee83354fd3d748bab2e37592eb0cb0d5276a3434c7bb0a0518557dd80bbb2c78e4ebad0f4fbd24d6488ba352da694a201905e62a137e3c636eff00f9f5a119f7d3e83375d60ac92b2bab6df72f83aaaa681958c7bd57b790430c8dc1831f71ab963b41b459a0a392513bc7b9ddc26c0eecc598ed1e0658e068b9d2fcba0e6b1ed5ff00a6a58d3ffbda40682207ab52c679d3e34b40b3a66215493e07274b601e34fc91f43a0c047d534df74bbcdd3d434f1ce90cf0a4f511a4524720728cedb70a7087839fdf579fa82dd41595129b2c4821468e4aa88260c820ef18f38c91b07cde354adfd175d6cf88960a7b27c44bdb061ecb0865d824f5b71e96265cfa46078f7d4a97a26eb490474495b47f0910ef2cad1977ef7c2f63050f053f379cfb7eba03fd3f7386f7644a98568c45b8ec14b309907f30000dcf231c68652750fde135e61f808e64b6170512a1249a56462398b036e48c824e8a74ddaeb2db0d5357bd2b54d54ddd22910a448022200a09fa26754286c15d15faaaaea3eee8e129511c6f4d11596532bab664e3191b7db39f3a0af0f548aafbb655b68293414b34f2338cd3fc49da800c65b91cf8e3456cd79a7bdd75d29e9d1b6db6a053349ed236c56247e809dbff000e85c1d215d03d0c515740d4b1c149154e51bb8cd4e7721439c0c9f39d5ee94e945e967b8471d5cf534f3bc662599c332aac6abe7039241d055bbf53cd65ac9be2adcc28977ac72897f1256588ca484c636f1b7767cea8d575dcd6caa1473db228ebd5996581ab1546008c811b11f88c44a30bc7beac5c3a52ed74bf5d66a9aba3347574ed4b4fe8732d32151e39dbcb8dcdc648c0ceaadc3a32f170792a65a8b64b575a9245565a16d91ab76c0310e4ee0b17e63e7405ec3d5c2f97baaa28e9e08e183780e2a51e5cac9b3d7179404838cebbde3a94d9ee90412d2afc34ae886679b6b1662788d31ebdb8c9c1e06a874e74cd5daef52cf50949d9884c90c908224944b377499323c8c01c13efab77db1dc6ef74a65f88a616d578e46578c99a365249edb781bb8073ed9d00baaebe921b624ef45050cb33c46335953b621148923a3b32a920e2260571c1f7d5cb7f569afeaa92ce9153388c94678eac190111ab96ed919d87760303fcb5c697a62f74f0a49f176e3550ac50465a9d9902471baabe339df9909e0e31c695a3a42b2d77ca665a9a792db48e668fd07be5cc221209f1b70377d7c682fdf2f9259ee76ea2482195eb8b8dd2d52c0142941c647a9bd7c28d0487ed0e692b6a6962a1a79a5594c34f1ad57af709c438986dfc2c93b879e3463aaec55f7aedc74cb6f78da27859aa909787732fae32079c2f8e39c73a08fd057111d6a89ad73a30758125a5622557a813113f3ea23180c3183ce80952f57d554cb49bece638249569e698ce311ca6468f6a71f89865e48c71eda2dd4d7e83a67a76a6e932348615f4429f34afeca3f7ff00fdd676d3d2178b65ded0cd25b26b75046db6101d3b52c8eed23a2f83c36d5cf819fae8e756f4b41d576934b2cd3c134624304914ac9b1da364c9c1e4618f07415a9faa659fa9cdb8d005a5350f48951dff005995231230d98f971919cff2e75a80436b1d4dd1d3c5d751de6434261801ed4ab11f8a93f08461647f0c07a8e7c9f4fd35b1c681f4da5a5a058d2f1a7d36816969b9dda6078ce0f9c6825a5a5a7d036a0fb8b631c6b3f43d5d4f2d2dc6aae707dd14f4352d4c64a8950872be48c1d5e7ea5b2c758691ee94a2a161f88319906eede33bb1f4c73a02283d3fae753fae3ce85d6f505a2d95090d6dc60a77965eca2c8f825f00e3fa30febae978ba0b3d08a8f8696a59a58e258a2dbb8b3b051e481e4fd740471a5acd50f57c552b89e8a7a59c3431344cc1887799e1232383b590e4eacd8ba81eed056cb534125b9692a5a9b33488c1ca9c12369e067eba03ba5a5a5a0e4e5fd8f8d3890ff0ea78d2034102fe9cfbea2252cbc79d74281b5158d55b2340c19f383a98cfbe9f034fa05a5a5a8970bc7be81f59eea4afbc5254520b6415322b6eeef6a95661e463399131efe33a3dbf48cab8d0647efbea04a8b9ab51cfb2039a726dac41f5e3da5cbf1cf007d7514bedfe4aba087b122ace15a53f754c36faf046e2fb5381f9bf7d6c83e5777b6b3d5bd696ca1eaa8ac0eb3b554a9b8bac64c71938da18fb139d0034be756416d9259296b64944aaaa1ad4bbb6ed6cfa167e79039ceae35fba816be784d348228e0322b1b5ca41611e7861260fabf2e33edfae8a74a7511ea6b4fc7f669e156236ac354b51c150d862a3d2c33f2ea8cfd77494977aba49a927ed5319104a8cacd24881494d9f30ceec03e0e809f4e54dc6a6d664b9acc27ee363b94e203b78c7a43371fb9cfe9a33a1b65b9bdd28e579a98d2d4432b432c3bc3ec61fa8e0f041d13d036969f4da0c04bd3dd4135b6b43d0d28a93729aae1ed573a3ec742062409e96e70410411a1d2746f53c95cf101471a4b4c55ea3bc4c2d27c308f221dbe83bd7e6538dbedaf501a7d07995d7a37a92eb57535f5494af25599236a7a7af961448dd2103242e6403b472be9ceed6cfa8ed32ddedb152c6f2205a9865731c8637da8e18ed61c83c7d746738d2ce832cdd1b4f15eecd5148162a3b7870f06325db964624f2486663fa96ceb9515b2ee966be53555ae86679aae5a8a68e49cbc73067dc037a46df03ebceb5d91a89917f7d0487cbce9f4da7d036a0255dc41d74d73740cc3413043696b83b84fdf4849bb8f73a0ef91a5ae71e777e9aeba0e6f20f1efae7ea7f3e3db5d8a06d3818d07311e38f3a818f6eac69b415c82bf271f5d617a97a5aeb71fb40b2dde84d3414f000b5132e566455392a08f9d587a76b7035e82506a063fae831d66b45f6d90d7cc896882ade0860a68e9d1d206285bd6e3d890d8c0f1b7cea9ddfa2abae3d455f534f1d042b56cd30ae191520fc3f6844401ca6e0afe7f2f8cf3add0034b219b86e7eba01d61b7d6d1ad64d70783e26b67efbc7067b71fa154004f2785ce7eba33ae285b5d3d58d04b4da590350908db8d04f4faa61cab71e35dd27561cf9d04d813e35cf6373aea1b72e469683988c379d4c205d3e968169f4b4b40b4da7d2d073d835ca68cb78f6d58d3637a8d0422c95c91fd75d34fa5a06d3e969681b5c66aba781374b3c51a938059c019d46b69be32827a6c85eec6532c81c0c8c723c1fdb5905e83d94494bf1b4b1f6e47937416b81725828f0c180f97938e7f9683602b29999956a222cbf300e323533227ffa8bfa72359293a2fbb575f2bd6c0c6b015024b7d3b04cb06e4edcbfcbf9bf7f3a74e880b576d9cd45bdbe0b1ffe5710270e5bd27f279f6fdf41a34b8d0cc331d6d3c8a0e091229e7dbc1d748e48b3fdea67c8e478d650740016f92985cd0ef9164dcd6da53e0371b7b783f3793cff0053aea7a19be3cd4fc65291f0fd80a6db0f1f87b3390338ff000f8c71e341a17b9d02b735b4eb8254832a8e4638f3e75741ca83ac80e834343053b5c1310bb3e050536c390060298ce071f5cfd49d6c00c0c682047abfd3597bfc333f535948b95753c0e64df04328447d885c13c67cf1e718d6b354ea2dd4f555b4b552a665a4663190c46372ed3fbf074181a9eaaea0afb23cb4d4d434d354c34b594ac247204534bb42b71f378ce38c31d158faa2b17ada0b03d1a491b2f6e6a883b9b639c47dc2992bb71b7c0ceed1583a2ec54f0d6430d118e3ac0ab22acce000ac5942f3e8c1391b718d24e8fb52dda9ae4ab52b574c432b0a9930cc1366e61bb0ec57d258f24682974dcd534dd3e91d22495816e3341f8b504b2462a5d4b6e6c96daa3c7be35acd0b96c36f9a8a4a67a7cc5254fc5150ec3f14387dd90723d433c68a0271c8e740bce9138d2d2d02d2cea1cab63db52f9b40f9d3e9b4fa06cf38d3ea20ee63fa71a7ce81f4b51de34fa07d36912175cc9dff00a681cbfd3f9ea3f379d381ead3e068238dbcff003d7997545e6b6d9f6b36a8cdd6514b3c491a5242e320bb6dcb21f9812a7d40ee1f4fafa8e03686d4d9286b2e347709e96292aa8f776257505a3dc307074191e80aba2b35aaa28e5aab41869e082a64aca125623bc15fc42c4faf299cf19dde06825f6a2b6dfd5179ab156ab189a4a769229dfe2361a65971b0fa554046c30e73fccebd2a3b1dba2826823a1a648aa0e6641128121fab0c7abf9ea66cf6e7b89af7a1a76ac29da350d12990aff0eec671fa6805f489a68e1b9d1d1323d1d2d63240636dc814a2390a727382c73faeb49ae14d4b052532c14d0470c49c2c71a85503f4035df40b4b4b587ea9bf5c283aae9e828aae60cd4eb2c549153893e224ee6dc3360955c7939181a0dbe981e75898fad65bb43d454f4b4c636b7c0f3535444e76cca0baee0cc98ce53d832feba94fd595b3dc6822a1a26107769054cddd5f49986766d23246181dc0f9fe7a0da92174b592ea6bd5cadb78b67ddb00abeec550658259bb4855155b7670dcfb0ff7b562d5d5d15cee70d02533acafbe4209f92211a3ab9fdfba83f7cfd341a5d303fa6aa5b6ae4afb641532d2cd4524a819a09b1be33f43abba06233a58d3e96816998e173f4d3eb9cb92bb7eba071f264ea2575d34b0341c323dfcea41cae7df523182d9c6a213fc3a07f9b4e134c23fe5a704ab63db412d834b6fab4e34b1a06d3e46911aa94d574d58f2ac32f70c4db5c72307416801e469f4b4fa05a5a5a5a0a725436b3f72bb5aed37e82a2aab3b55d5310823539394127938185196c6e3c6b4e29e35fcb9d65eef34d6dea16963b44b701594f0d3c4b1c7b9372cac5f79c61461c364f9dba085074750db5eb4c0b58055c2d4ec8f333a471b3162a8a78500b1c634a3e97b7565ed678aaeb2396824877c08e4445d1018cb0c7a8ed61ffb1ac652d9eee2a2fd15550dd112778e79b6522981e40d28902206ccc877c67921885fd31a2760b65c33437596d95d45591d5522b23173880c4b130c127dd7736790319e46836779e96a2bef60d4c9531b41bc23c13b44d870030257c82069ad3d3d1db2f15f5cd28964aa58e1880882762140764608e4e0b1393ff4d1ed2d054b750a5b2dd051c524b2a408115e672ee40fa93e4eade969681696969682323ec5ceb8c1b9db71f9478d4a6f59118f7d7551b571f4d03e96969b1e3f4d02d2c6969f40d8d2c0d3e9682241dc3078f71a969696816a380b9f03dce9dced4275e47d4574aa83ed526a292ef3082b291a08a9e397887746065e32395c92fb9493e93f4d07adab02320823f4d4b584e85b8d05bacd51486a2d2b4f4af09f88a01b2091a55000f27d59c0f3cee5faeb2f553cf49d4772927a88d69e6ab9e09da099c4ef18963722404e15447940571c37eba0f61ddb9410783efa7d67ba36489acd3434c14d2d355cd153b2f28630e76853ee0676ff00c3ad168169b5ce49197c26754ea6eb4d41dbf8ca98a0121da9bdb193a0bf9c7b1d3ab03e0e75429eed4559532d353ce249a1255d790460e0fb7383c6aad45e6d745758edf3d6c1155cf83140ed867c920607ea4680ce9f5449756fcc35133b2fe66d010d3687c357df891e37de8e032b0e7208c8235d91c379fe5a0b591f5d42599635cf9d51f8e85e792047532c38debee991919fdf5d691a2a9df206de63628c304618791ce83bc4377e2e305bd8ebaea0c9eac83e7cea407f5d04b4b4dae2d346b551c0c7f1240cca30790319e7f9e83b69f510834e31a07d2d70a6a98aae9a39e06dd1c837292a4647ec74e93c334d2c68eaef0b05703ca9201c1fe441d076d2d31d7194161c37f4d0762372e0fbea84b65a09ae70dc64a58dab608da28e62a37aab104807f96a2eedeecd8d707abed4f1c467c3cdbbb6bf5da3271fb0d0598ed16e8603047470470b3090c691a852c0820e318cf039d2369b71ad9aa8d0d31a99d7b724a625df227f0938c91c783ae49de95b01f3a21040225fab7b9d028628e08962891638d0615540000fa0d75d7369541c79d377d7e9a0e8718e75e67f69b4b5b5b77b3c347016491fb4cdb885cf713d27039e3f2fbff2d7a365a5fd0681de6fb35b6a6b228d22c4144b50acd9277172b8fdb8d0657a0acb71a2eb7bbcf5b4ad1c488f1891f765f321c63d38c607b13a3571a5ba7f6cee3594552618a2b7c216330ab0a87cce40dc7c6095f1a183abef51d4cd1d556dba8b75488585442c8d4396931bc16024521410e08075d2dbd5376b8de2dd4f28a2114f0c6cc0a329a90436f9616271b4100ece5b1ce807592825ab829fe169ae34b433cf4d2542cad244cee2390ccdea3b8293db07d8eb6f510c735b64a3dcc43446318760d8c7d41ce7f5ceb8dd6b92dd2c11c74d2cf3546e2238b19daa06e6e48f191fafab54fefba6a790f712509bcc61c2e43b860a4000e7209c78fae802daec9056dbba6a9615ae16f82094cdba5951b7854c06c9ddc36e2078f4f1a050545dbef8ba1b87de70524f2c3255431c33a2c6bdf9158236496caf6b2531c6bd2ed5748ae94ddf8525084edc4a9b5b3804707f42354a3eafa431cb2c94b54a102343845733abcbda564da7ddb1c1c1c368331d394b721d5b0ce696b66b37e1046a9de2a11fb6db1df3f32053b707905816e46af7dcb399851f66b62a25a9ae94223ba82081b390738249239d6c4dc512cef719e2969a38e269648e4037a00093900f9e3ebacf5c7afa9ecf6715f73b655d12f7d622b2bc40905776f5f561f8f65c9cfb680074b5c6a27eb1a3a3aa9ab1ae085deacb54650a88576a98f764104f92a39f739d14eb3a69e5bd42eb4f59330853e09a1562b15477465988e178dbcb71853a2f17c437595d2943c489250c52452a42a2489999d4e5bf37c81b9d76b0d5545c7a4adb5b58fddaa7855a560a065bdf8f039f6d073e9bb6343257d74ed51f13515738ccb2b30ed895b600a4e00dbe30343babe82b1ab85551413bcdf75d6c65e1cf9daa635fdf7138d5da0ea0f86a9bbade6a28a8a0a4aa48617dfb54a346acbb8b7e6cb1fd340ee5d755149d4b32534b1d5d12460a44b0b6d914c2ee1c4e0ed0c5d7604c64fb68055dadb576c8e78de2bd4b6c8e1ee1f8796567151d8e1f39cedca9cf380de756ba75ebee75743475d4d5d2470cb546a6695196278de3c22863f3021b236f8d1393a9ef0934d41b6867a8855ea59fb6db268446ae111776771dcca1b247a09c7b68ad4dfa96be114363afa1376962578a1770ddb538cb1553eca7705c8ce833f6bb3cf514dd314d56b591414d432b491895d312068760720e4918380754fa8e8ae32c5778a14aa7a56bb4134a9d992a43c66052f88c302c9dc232aa75762ea0bf350d25c1a7b7bd12d60a36610b6eae635262ca0ddf86368ddf9b3fb6af515faa68ababa0ea3a9a1a75822866df1065584c8ce044c493b9b0a3d4319fa6833362a3b953754595aa29ae33bac5147bea29dd4451f69b2c24572aa01e0c6db8e7df443ed36e505252d28ac592a29e586a80a749bb7be5d8bb0939190327819396e01d17b85faae2ae8a7b7fc1d5dbaa68279a9ce486967400805bc04233a0b41d4f5b73b34b5a168abc50d753ef9a4a69203d87084c891bf3b86f201ce0ede340ba5e82ba1ea088d45beb63ab8bbcb575522b76e58c851080de1b181c0f9769d19bfd9a8e5eb0e9cafaba29e768649224922491846c42ec2db780b9cf2dc68bd1d557275856dbaa7b0693e1a29e93b6843fcc564de49e4e76e31eda3d8d079ffd9ed154455d348d69acb77fb2a2d5b54a6d15353bd8b48bcfab8fcdfe21af41d300174fa083a06e7dc6b811b0e4f93ab27c6a08a79cf9fae8258e78d67eff00d34d7a9c4b156b52092234f5004618cb1ee040073e96073861fc5ad0e90d06617a313ef415735caa6a1627dd0452221112993794ce32c0fcbc9381aef71e9b92baf34d569729a1a58648e67a408a559d09da413ca71c1c791ad0e98e800d5f4f4b396923bb554353de9258e6daae6357500c6030c6de01fdf559fa4508ed1af9de30772eec16490a8058379e48dc47f11ceb4cff002ea29f2e806d96d1159e29218a4924491c38dfe170a1703fe5ce85ff0063236966dd73ab78882b0445540a7532aca402064f2a00c9e078d6a478d3e839cd12cd03c520ca480ab0fd08e7591a8e8233d0474ed7fb8178476e1919623db8fb4d1ec036e3956396c675b2d3680651d99292ae96a3bef23d3d20a4190007190771fd7d3aed6fb7456db78a4849280b919f39662c7fcdb570e9c6805c56c8a1b9d5d57ced54230eaca0a8080e31ff0036a85c3a4a96e5741572d54e903189a6a54dbdb95a3cec278c8c67f2919da34767e3c71a8464ee6e7419a1d08123df1deab96ac6d8c55158cb08429411e36e31827d58ce79d17abe9fa69ba667b2d34b2d0c32d3fc30969f02445dbb4104e7900632745c78d3e83207a226592ced1df6a93ee9564854410edc1c0185d9852146d0473863abd60e9c96c3515d2b5d27ac8eae579d9658901dec7c965196c0c28cfb2eb43a8bfcba0195f64a6bacd0cb505f11a4a8141c65645da7fcbc686d1f46c34f6faba7a8b85556495421479e5081b6458dab85007d79c67d5ad30f1a7d053f808bef7371c9eef67b18f6dbbb77f5cea5414ad45410d33d44b52d1205334cd977fd49faead6b99273e741d34b41ba7e69665b8f76579365c2645dcc4e141e00fd346740da4071a7d3683fffd9, 0001);
INSERT INTO `expenses` (`expensesID`, `expensesName`, `expensesAmount`, `expenseDate`, `receiptNum`, `receiptImage`, `employeeID`) VALUES
(0000003, 'Doves', '3500.00', '2018-04-06', '155465B', 0xffd8ffe000104a46494600010100000100010000ffdb00430007050506050407060606080707080b120b0b0a0a0b160f100d121a161b1a191619181c2028221c1e261e1819233024262a2b2d2e2d1b223235312c35282c2d2cffdb0043010708080b090b150b0b152c1d191d2c2c2c2c2c2c2c2c2c2c2c2c2c2c2c2c2c2c2c2c2c2c2c2c2c2c2c2c2c2c2c2c2c2c2c2c2c2c2c2c2c2c2c2c2c2c2c2c2c2cffc0001108016b00ce03012200021101031101ffc4001c0000010501010100000000000000000000050001020406030708ffc4004810000201030303020306030505060407000102030405110012210613312241143251071523426171528191163362a1b124728292c12543a2a3b3f0173435d144455373b2d3e1ffc40014010100000000000000000000000000000000ffc40014110100000000000000000000000000000000ffda000c03010002110311003f00fa4354dee3451ccf1495b4eb2c632e8d22860319c91edc73ab79cf1a0b53d3cb557096b3e3a78ccb194d8218180e319cb4658ff324682fc772b7c918923aea678f380c255233f4ce751fbe6d7f8a3ef2a5fc1e24fc65f4738e79e39e39d0a3d269f7747462e129d8fbcb9a4a639e7c6ded6df6f619d749ba684a2abfed2abff69f63140c13d5bb8dd1f3ff00167fae809add6deef1a2575333ca32804ca4b8fd39e74df7bdb7693f7852e171b8f7978fa679d094e9751534b37c7ca7e1c05da69a9f0f827dfb795f3f948d2a6e931050b538b95482c41deb0c0b8c02301447b7df9e3405bef5b7990c7f1d4fbc0dc57bab9c6339c67c639d45ef56b8d6367b8d22aca4aa133280e47b0e79d0d6e950d592d40b8ce3b9118b67c3d3103281720f6b27c78271fa638d463e918529e187e3ea076999b72c30216c907042c78c71ec34055ef16c53286b8d2830ff007999946ce71cfd39e39d25badb9990ad753b3381b00994ee04f18e79d0c93a55656ab26e551fed4d920c14e427af77198b9fa7ab3fd79d453a5523afa4a8f8e9b14ca1428a6a71bb058fcc23caf9fca47fae809adf6d2f17796e746d10214b89d36e7e99cf9e35d3ef5b7ef74f8ea7dc8bbd877572171e7cf8d053d290fc19a4fbd2b98160db9d2173e08f0d1e3dfe9aecdd351b544d2fc7cdf8917688f87a7200da1739ed64f8f04e3f4c682e8ea3b2b471c82ed425266288ddf4c3303c8073c9d58fbd6832e3e369f311c38eeae50e71cf3c73a19fd9b5ed5329badc48a725813221dfc8386caf8e31c7b6b949d28b28abff00b46702a88620d3d3b6cc36ec731fa87fbd9d017174a033ac3f1b4fdd600aa77577107c71a6179b63445c5c697606d85bbcb8ddf4ce7ce85c3d32b4f353486e354ff0e810284892338cf2555303cfb635cc74942688d3a5c6a1417ee6ef86a6ce70478ed63dfe99d01896ed6f84b772ba9d3682ec0caa30a0727cf8c697ded6e608457d2e1ce10f797d47e839e7430f4ba7c64d51f78542196231e238e18c8ca805b72c79278f7247e9a66e99565814dc6a4f60960cf1c2c4e483ce63fd3db1a026f78b6451cb23dc295560fef0999711f38e79e39e34a2bcdb679238e2b852c8f2aee455994961f5033c8d0a5e98ccb5127de5549f10e1b31c302327ab770563cff3273fcf5653a77654c129ba57bf6576ed77460fe79395ce79f63a0b9f7cdb0c65c5c297683b0b779701be99cf9d70fbfed0934901ba51f7a35dee9de5ca2e339233c0c73aa12f48c52519a7fbc6a07e207de69e989e063de2c7f9675da4e9b579657fbd6e69dc8fb6156550b1f006546de3c7eda0bd1deed9304d971a56eee4211329de47d39e7507ea0b3c5dd0f75a31d9c6fcd42fa7278cf3c6a92f4c2a0a6c5d2b0fc3b96cba42c5f241c1fc3fe5c60e993a5f11542fdef734efbee26278e30bce780aa07e84e327df404a3bc5b2592248ee34aef380d1289949901f040f7fe5abfa070f4d886b69aa7ef4ae93e1c01b2431b093f5625339fd88d1b1c0c681f4c78d3e74b41062deda410fb9d4f5979bae6de91a76609ea666076c31ed0c4f752203960012d2291cf8d017bf48f0d82bde1665a814d2988afcdb821231faebcda96f572ea15a6252a6a95a7489a9e0ae6a6ee010cae0ef56e095789cf233c6b727a9e15ac8696a6db5704addb49778465a76918aa2bb06232d8f6cfcc33aa96ba0b1dfe8aa699ba73b54b4f22c256aa2421da3054000313e8f193fcb403e085c7545453d55756186a5a68a27a7ac73194455fc22bbb31c89b73b97e6f564f38d1fe8e42bd1d6a779e7a879a9a399e4a895a472cca09396e7c9f1aa74d0f4ec37e8eae2b6c515789de8127d8011b23dc79cf8dab8cf9d422eafe9cb574fc33d3c822a4f846ab8631804c618290067cee6031a0c73f53de92c082b5ea681a5a014f0d4f73ba5de49d50c9b5790ea39c6091aaf59d55d4b7069cd2f77e1aa23a699a44623b2df0feb880f20b48cb81fe17f7d6a5ba86dbf0d2cff00d99a9d942b25541fdce648d65fc4913d7c6194310704f1ab0971b3f7529e4b24d4e6b9e169cbaa158dddd9e2129563c9639e33f3f3a0071d9a4fb8525a84b9d053495b44228dae2ecfb59a35958ba39f4b67c13faf19d42ef3dc61a2b9d5515caa62ae77afa542f33148fb63f0bd04e011b436e0324649d6b6c776b3f53daa14a3895e8c53433ac642955525b60c7d54c7a175f71e9b8ef773a9acb0bb54253d42bd5f6d0fc42c68bdd45c3673b481c819f19d010e8ab84f74b756d4d42343502b9d6581f3985c2a02b8f61ee3f46ceb076daabd4767486a3ef1dd5868e50b0dc59a498f7ca4c5598af68e5a3564ce06bd163bd416f929056dbdedd5174aaed4719d8cccdb38772bc0e142f9fa0d01a61d27535953427a71a996e9280b232285ac1dd277a956ca80e371c8079071a01d79bfd759eff0d152bdc22f87b6344239f74d896557642f27a86f0f146837373bcf9d46b2a2b2c93dba2b0d4565dcd751cb32d3bd664ab344a55c3c87273b1d82e7eb8c6b6f65a4b3496a436fa348e992431a864e7745210324f270c091ceaa4b49d35d292d12c76da6a435b52d1c4628957f10c4e4ff005552ba0a7d45575e3ecc0565bea315420a7952663fe38c924fea339d646dd2f51dcfa9a5a7a9a7ad1712c2a1152af6c3440cc18ac8bb80702368c636b675e894d71b1565a20a70f4ab4cd4f13fc348eb98e360bb32bede540d5da6a6b79ae9eaa9e284d4e4c5348806edd85c863f5c05d0647a36a271574d2495551335c289a7996699a40274976c9b413840376dc2e17c635b9472dc1d656d75dd33495f575b4f4715be59a27a8aca870a8142cac8439cf04b86fdf69d15acea5b4525209fef0a590cb0f7e04132e665da586ce7d59da718d019d2c6aa5057435f4e1e3605c2a9923041319650d83fae0ead8d02d2d3e9b2340b4b4b20e98f9d02e74b3b7193e78d3e9b9d03ebca4fd9edde916ae55ff6d691d18469526262a2b15c80ff0094f6a38f918f5675eada5a0c225aaee2f56a9a0b3b5276c44af542bb7b4710277c32e5b3371f29c1c16f6c6b4d61a29a8a92a5664d8d2d64f3019cfa5a5620ff004c68ae9683ce2f5d1975a8f8ba8a50ff0017535754549a9631c692c4d12bec2db77007d8675427fb36aeb82d4c15e22a96a38e6f809c62256677dd82833b572de3fc20ebd58ffae9b78039d062adfd16d45d2f5c85a69aeb5547353812d433a47bcb36d4cf0a3246703d87d34ae765bb497b920a7a42f49533d2ce6abb8a162117254ae77139518c0c7abf4d6db70f6d67af3515d0f5558160aa29495124d14f4fb1489311332927c8c15f034027a13a52b3a5cd6254bc5da9e9e955151f3b1d233dd1fb6f62c3fded06b9747dcea2baf9353da523a8a84acc54fc4ae6a52440123db9f4f201c9c636febab15935dc435901aebad6c6b7796276a2645aa11f643a22781b558f38e71e7df552a6e5761462eb4f74ae4992c3f1f53197dd177a440b12aa6300e5646fdf1eda0bd59d2574af6a2a8a383ee75a1532c54b24cb3b49219d243bdce704f6d79539f51e74bee3bd57525bacd5b49f0d6ea0a9466a886acac932832619763065e36e479cb7d0687892ec68de0fbcaef15c96b9e9a8e89ea56495a42913ef95d3d2c8aa598afca0363ce3462782a22bbdfea17a8aba86d9462359649a5ee2c6c4f765ede7e53b0aa8f38dc78f1a023d2d4f72b250daecef4ad24212a649a7790b943ddcc40b1f98b0727ebe9d47af3a76b3a9282929e8f68789a59524623f0e5ed3889bf9395d6728abefef7aa16ac92b961a634cacdf10b1b62695c289620b8762bdb0791b7db9d7a714f047b683c9297a0afaad328a664aa891a4a7a89248bb1bf6c7b54055ee1f9769dc76fa78f6d6fba42cb5562b4cf4b592f7a56a97657ce4b20c2a13fe22aaa4febad00f1a5a0c455f4d545256575c286de95323dda2acec34814488b10f19e1712b33fef93e75c683a3ab60a1ac33d3d2b554d6a34f173b84733493395048f9419146ef7d6fb4b419be8fb356d82db35bea9fe21629374754c4196a015193263cb83e9cfb851ad17706ec69f502079d04f234cc4ed3b793eda8851a971a089076fe5cfbea5eda58c7eba6c81c6825a5a5a6c8d03e964696968164691e471a6c0d3f8d032023e66c9d2704f8d2ff002d3f9d065c75cda47c4fa6b1bb0c02914cc7bf9904798b03d637b05e356eb6e16933daaaeb98c13932494a260c8c0f698be54f8c26ece7c6b2974b25c2bef95f3d574f54cb176923611562a2d488e7478cc3eaca36d04b29da09f73e75557a53a8e5acb1dc432c6b4fbe9961a94df3d1c2cb32ef2c18866dad1e473ca8e74046bef1d3373a1912aad3732f2d4f7fb11c2e950e4c47f194236761404673fa633ab8f74e91952b698a6da39e88432cbdb71049146a488d1c71b955cfa473fd359fa0e9cbadbec95d46fd395669eaa28609e04b8a99dd823abc91485fd2b911fa588fcdc7d6c5674edf2bd6db1c96dd959474db3beb2afc315edab6dd99c893b8a177051e9cf3a09cc3a1e44a026d35d29a7690bc8e2559697322ef79cb307196da4eec9239f03576eb5dd377186e36bb8515ce9cf7d2a678c43324b2c9bc2c6d194e5893164053e1738d0bbcf4cddae6b555915aab6396e5249f8695890bc40ac617bc33b5d772b36d19207ee7462f761ada95b9d576a79246b852cf18a6709349146b1ee08d91b4e4cb8191fe7a0236eb1f4dd5c5477b862698c31ab47535134acd842c46fde72c54b37cdcaea69d6b689294d416aa55dfb3b4d4d27708dbbb7ecc6766d1bb778c686d8fa56a25b0430d5d6dce962edc912d13c88008cb3edee6df99cab02c73e743a1b45fe2ae8eeb5366791e1a68e8a78239a32f52363abc887700a325300e0e33a0d41eadb6355cd494df11573c48ceab0c2c5652a03158dcfa59b041da0eae58ef70dfedc6b20a7a9a78c4af115a84d8db91b69e33e3208d626cdd3d74b7f5059e3782e11fc1b1965659237a33ba9cab95e37872e718f1e48f3ada74c5be5b5f4c5be8e65d93450a89141070f8cb7efc9d017d2d3674d9d03e39d23a5a4741038071a591fc5a9e9b9ddf971fe7a059d470753c6a24b678f1a07f3e358dacb95d5af732d2d60895eb1edf142ea0a0ff0066328909c6776efd718d6cf8d00afe8fb5dc6b2aaaa6f8957aa8d95c47332aab347db32281c07d9e9ddf4d006a6bc5c1ba6ea3e1abdeba5a9ad1456eab91115a50700c985014aa912302072a9aab71acbfa5c2e9050d756564b1aa99238238c8a72d3a76d23dcbf3f6773306271e93ad25aba621b535222d6d55541448e215aa7ee32b101721be8141503fc4755d3a26de9f1aa6b2e6c2b2533be6b1fd326f0e193f848200047b71a0e10df27aaa2b2d2d2bd4fc655543acc6a3619235858f7b7ecf4fcca1323f8f8d0ca5b8df2a6e4f6a96f0d28698432d6410a2f6a558a47912338c32a9118cb027e61e7c692d9d354d6bab692096529d81020762ccb9767762c492ccecd927fc3aa347d0d6fa2b4adb7e32e1514f19dd0f727c3c270c0ec7401b2c1db24924e82bd25cef55d534663ad82215b6535088f17a639f727ac9cf23d7e3447a52baaeb22b8a55bceef495ad0035112a4bb42237a82f1e5b208f2b8d59a9e9db6d5d37c3b44c917c235084472bb6338e07d0fa460ea766b34162a6961a796a2769e5334924f2192477c0192c7f4503419ebb5dee2b4576ab8279ff00fa843410c54eaad22a07457281b8de4b360b7038d0eb7f545e64b72d6bd43eca278e29219a340f2ef9de3fc4207a5955573b78dd9f6d6a26e97a3a9fbc5259a758abea23aa2913ec68a54dbeb561c8276aff00eceb9d3f445a29a5a574f89614fb772bccccb3b2b3306907e76dcecd93efa0cfc774bb4161ae696e52cd570dbe0ba2bbaa8c3157778fd200d9f87800f3eaf3a215335ca6eac8e8e1bc4aa95113c92431247b6961ede12424a93dc3278c9da4678e3579ba3e812d13dba9bbb04352504d973234912f1dacb676ae3d381e0671a943d33430df2aee427ac135667bd19a97ed3fa4203b3c7ca38fa6832e971bc25aadb767abbad5dbd9aa2ae796278519610e9dadc36f2bb0336d519f568df52752b476f9a2b70ae8eb12a6281b146c24dad285262ee2ec6623c738c73a2351d2d68aba2a3a69639bb54712c11aa4ccbba31b7d0db4fa87a4641d5abc5be1bcd10a69e4962db22489244fb1d194e4303a0c8db6b2ef7697a70fdef5914951de92a21091283144c54f7176e43b3346a70700e71a6966bbc7d3b79aa8aff716ecd5fc35031109791c622009ede0ab4a7e9e17ceb596bb050dacd3bc28ed2d3c2f02c9239662aee1dc927c92c324ea62c5429410d108dc410d48aa41bce77ef32673fef1f1a0e3799eb2d3d212c8b3896b6185504cca397385df8f1e4e71ac9dcfac6a2c9534d656b9446a4dcd2133d5ba2bb5306877fd017266dbc0f193edadf56d1d3dc2866a3aa459609d4a3a1f041f6d0f5e9bb5fc2a53352f711665a8dd2317732070db8b1c9277019ce8395d6b6b053570ee1b5c14ac8ed5afb4878f1b9ca8e7047cbc8d6761abea0a57b2d455d5d4e279e2a69216ede224762419f8dc5d94aa8db801bceb4577e92b7de69eb60a892b1056cb1cd218a76521a3da176fd07a4647bea1fd8fb60ada3ab5f89ee5214c179de412ecced2e189de46e3863c8d00aeb5eb1a8e9ce96ab9cc515057cb3494f47f112aed70aa5bbbff002a9217eb81ab349535b3f5aac50dcdeaa128d3cf126decc10b20110f19decc0b79f19fd345e7e9bb6d4db2ae82a29c4d055bc924824258ee7277104f8f3c63c6a347d336ea2bc545ce11522aaa18b499a990a1f485feef76cf0a078d067baaeed7183aa6968e86a2bd58d2896286969fb89248650bf8a4a9da98f7cafbf3aafd13d5b75ea1bf9a5ab88c71d2d3cc246f0257ef0d8c3f4ed953fbb11adc7c0c02e46bf69f8831087764fcbbb763fa9d56a0b2515b9a06a78d94c109810924fa0b0623fa8d013d2d3674d91a072359dacb4dd26bec9550d4c294ac854219270f9da40380fb3cfe9fe7ad16b3573ebbb1da2eb35beae7956a20c6f02324723239fd8e82b3586f62dbd94a8532ef273f78d40f4f18f5727db4a4b0dd64acaf97e229d45402b10efd4ee0723c91201e07e5031ab3075ed8e689e412ce15319cd3c99e4e3c01aab55f695d354b3f65eb24dd8c9fc22319fa8383fe5a0b31d9eee8f401ea226487fbedb5550b9f5678058eee3f88ff0096aaff00676f32d1d44524d02bc846d325654cc3183fe242be4783a947f697d372282b3ced9f1b6063fe9aed51f685d3b4ca0c958e32a5803132e71ec370193fa0d071363bc25523fc4c45561d985a9a95cb76f6e71bc8c67dfcfbf9d73362bccf6e4a79a6849dcc6467aca975c1c638c827c1f718d447da6f4d3ca512a2a6463e36425bfa6356cf5c58853fc47c44bb31bf985d7dfea463fcf4106e9ebab4f5f2254d284a807b6a24a95232c0f244be9e07e503524b25e124b71351114a7399b1595233eacf8dc77f07f37fa6a568ebbb25f6ea96ea2a876a960cc1480381e79ce9aeb73bb5375753d3acb153503f65544b092b5059d848a24f0ac140214fcda0a49d23708e825816a6932f2861ebab03001f7ef67393ec71ae8dd3b754acee47534e53b262204d520eed9b781dc2073ce719fe7aa47ab66ea4e8fbd555bda5b7d65b9832bc0e240ea30c18165c1420107031e9383efab971ebea2b6df6a6d7252c923409215092a9924648c49811f9c6d3c31e3d3a0e1fd92ae9a8a28e49a95a5495998bcb54f9ce3f37741cf1efc6ac8e9dbb472d7343514e16762620b3d4a104b8273eb214e3dd40fe9a2fd397b8fa86dcf53122466390c6c893c7300463f32123c1d63e83ae2b2df2dc24b854b56454fbbb91490ad37c339a930a2f71b0a54f3ea3e3679e7406e3e9bb9b4d6d9259e226970642d535326e3b8e71eb00f1eedbbf6d715e97bb8b7494e2a2937b4a19584d5606d00fbf7720f3ec71fe5ab36eeb41799299ad96d7aba7214d4c91cc84d392ce9800121f0c87254e31c8ce86d17da22de6c570a9a285167a258e775827498a404f2e78001015b29e7e9a0262c375f8a7669e23134263e6aea0aeed9b798f760f3ef9cff3d70fec95c045020a8a6cc723337e255e0e401c7e367c0f7c8d5ba8ea99fe2eae8e9ed72895246a6a79a5955639a7ed8755f7201539048c6ac74ade6aaebd2b6eafb840b0d4d442aec11f703c7cde0633e718e34148f4edd96aae12473d305a8feec0a8a9523d7bb9fc42178fe103fa71aeb0f4d5645556f90cd4bb69800e077c127713c7e2e0f9fcc0ff00d35c2afed26c3475d534723cfdfa672b22ac45b91e718d528fed4ac0c72f2ca9819c9788ff00a3e82cc7d2d74868a68854536f32864c4d54005da4727ba4e79f6e3569fa7eadebdea1ea2954b43dbc7e396dddbdb9ddddc11fcb3fae79d0dffe2bf4c95cfc54a7f68813fe475093ed3ac28dff00e248c6771ed27fe16707fcb4160f4b5c5e0a7415545ba2959d86faa0083b7c7e367dbdf235625e9cac9e5ad325452b2ce7f0c1efbe177038c1938e07e5c6a927da6f4d32ff00f3128ff90ffa369cfda6f4ff001da35129fa61131cff008d941fe5a0bd074d55a57dbe63514e63a5c6f51f100b1dc49c0eee3dff00306d69f6eb229f69bd3be9ccac9938037c479ff85ceb643919d03e834d59d3f537b6b64cf452dcb1cc0eaa64236eef1e7c73a33ac6c568b854751ddaba5a868a8e0af151141d93ba5614b1a06df9f9724f00795f3a03cfd39649411259e8183637034c8738f1eda82d058a8a682de941450b4e1da38560501b18dc70063dc6b19571d6dafa72dfdfadbc377eded2bc82495e46addb176c1db920677fa7e5fae864b3569bcd3dc65a6bb3dc292a65f8f748e631ac42aa2c0418da7f0d7384e48ce83d324b05a25f9ed342f9f39a743ff4d4292cb6484bbd1db682324ed6314283907c1207b1d60e92e155517e792bc5fe013ce0dba38e295463e264ddbc63605da23c87fc9e347ba2d22a45bb5344f58664af98cab52f2b601918a152fc1047391e7df41a37b2daa5f9ed946ffef40a7fe9a847d3f668655922b450c722fcacb4e808fe78d77ee4da98351e0edfdf4114a0a48e512a52c0922f86118047f3d0bbc74c25e2e50d4bd7d5431af6c4d4f1ededce11f7a86c82460fba907467737d79fa69c65b419ea0e8ba2a182e30ad6d7cf1d7530a4659a60c238c6f01538e301c8e73aa9576bb34fd593529ea1a982b2a622ef6f8aa15327b7b3b830378609f438f7c6b5e4e179d79b5fdeae96fb5f25b28ab67a9fc59da9cc2cd0bb0a6dab3a4a07a5b811ec0d93f41a0d1514541d249b2a2ae7a9a8b8d4a2b544a80b4926d0881b628038503240e7f5d57aee95a2ae8f892a6193f136c88573969c4e0f2083b5c7191f5d00b0d3d649d2d1d3efabae14d7e8823cb0cb1b7644b1be76c84bed009f24eacf44d35d13abae2d7079c31f88ef23d3ccaa7f1bf08ef76edb7a3c76c0e3ce82d7f67a9a9a58e4abbd571687b427066445a8632968f7855181b98a855da31c6acc5d394d67b1dc29e7ba573d1cf4e60635128614f10046d5007006ef7c9d50ea559c5fae549153554b357251342d142cc816295d9897030b8c7b9cf8d554b0d5d3f49d74016e6d2bdaa92a30d34ace6a86fdc41ce437a572a3fa680f52f4cd3a7544f5f357d449289c55a52777f0a3262110629eede86c1ce8bd96c90d96d31d041513cf0c79d86670ccabeca0e07a47b68452dbe921fb51b854b45562a66a285a36dd298480ce1ff00c00fc9c79fa7beb598fa6806cf65b64d2979edd492b3725a485189fdc91ab0d6ea3740bf0b071e3d0bc7f96ac6cfaea58d002bb274fda69526ba25be9e27711ab4d1a0058f81e3cf1aef471da9bb705253c023953e210470808ca71ce40c739fdf543aba86bee135963a0a9929254afee19e38849db510cbc9078e49c73f5d09eabb4564d595d2d1d3cef3d45a4c0f3c595666ee26391e180dc46341b134143ef4701fafe12fff006d50a26b3357d6d3d15353ad452955a854a7d846e1b8738e41fd33af39ea4a0ba5aab9e96db4b718a820abf88a6929e29a73bbf072b90de95c771b73023e61af43a18a5fed4de243132c4f1d3889c8e1f01f38fdb3a022b4b48f9dd4b01c7d517ffb6adef1ae6233eed9d4bb63409240dacadc3a9ab6dd7d9da6349f74c1511d33fa584aa5a2de5f767040cfcb8f1ce75a5685b59ab9746fde774aa9aaabe67a2a86129a4545037f6bb5bb7fcc78e71f5d04a1ebfb5cd03b082b7bead834e02348576ab6e1b588230c380777e99d77a9eaca4a796adda8eb8d252452c8d5491663668865d3ce770f032304e40e740a4fb3a73649a816e902f79897c5b6111e0a850420f0e36e4367396d115e8c99e2b8d2cb7cab9286ae39a38e9f0a047ddf9d98f976c938dde34041efb3196d6050d553256d53c0c278864008cc3386f4eedb90707e840d0dadebb8dacf53576fa0aa69e248a48d26455eec6efb77a8ddcafb7b1d68eb6de6b64a272fb3e12713ae3dcec65c1ff9b598a0e81963b1352d6ddea26aa7a58a9964554c53846de027a7d4377f17b680e555e851dc628ea627a680d1c956e5d036366ddc32ac7054378c107d8e8649d7d490d3bb3db2e42a903b3529897b815515cb1f56146d60464fe9e78d15afb0a5c95054d4b922926a46600027b81016fd0fa3fcf43297a36459ab67afbabd654d6412d3bc82158c05758d410a380404fe7bb41a68664a9a78e68f949143a93c704646baeb853402928e08132cb122a03ef8031aee4e82120dcbac8d45fae74bd43b152096816ad687b4aa7bf23b41dddcac5828f61b48fe7ad6bbe5781acc547483cbd5f4f7a4ba4e9145377de8b6031bc9dad9bb3e41c01ffb3a0ab6feb85a8e97a4b8dce826a37a8a596a003b76b940a70bea3f303c67f84eb65112d12b15284804a9f23f4d6423e909051592df3d6a54d0daa7ef1dd01591c203db5c838c64fab23d5ad9060cb91a0c6751753d5db3aa29e869eb28a353f0e452c885a7aa324cc8c13d5c0555dd9c1fe9ab53f56b3d8ae770a3b7566ca20e16578d1964d92323951bc6e0bb0b1e471e34622b5c51f50545cf2af2cf0c708ca0ca042e7cf9e777fe1d708ec3145d335366150fdba8598190e370ee3331ff00f9682a5c7ac692d757511d45257762994f72a9220610e23eeecce739d9ce71b7db39d77e98ea583a968669e18844f04bda9104d1ca01da186190953c30f0754ae3d272dcaaebbbd789a3b6d6ee33d122280cc62ed7cfe71801b6fd4688d82d2b65a39206af92b1a4732b4b22227b0180a8a140c0f61a033a5a8ef5fe21a7d067faa6f12da21a131d750d02cf506392a2b866345edbb7f12f39503ceb8d9ba9ea2e935253fdd93775e922a9a8955944511915881c9c9f97d8719d18adb6455b55473cbcfc248d2042010c4a3273fc9b4a0a18e92e5575bdc62d542352a71b50282063fe6d067a9baba58ad34b3d45aeb6aaaa5efb4b0c2885e148a428c48dd86c1c01b492dec3442d9d556fbadf25b640b2ac882428edb76ca23708f8c1c8c3103903f4d71abe9769121f83bad6dbd90cc1e4876167495f7bae48f4f3e187235cacdd39158ef3575d15477054172233044a577bef3f88177b73e371d06ab1a6c1cfcdaadf167d9469fbf29e42ae3416b597bc0eaf37294da7e005180367764c367033f90fbe7df5a62eabe4eb0fd47d67536aeaba7b7c68af0100b8381bb2acde7cf8438c7f3d05ea77eb214921a882ded30da5023e73cf20f03db5c58f5ccca5a34a081bd94caa3fcb6b7fae9fa13a9aafa8e2aef8944ff67740ac8bb41dcbbb819f182319e7eba1d3fda4087a92aadd240025be7a9350c38fc18e02eac3f52c197fe03a0b6ebf688ac767dd8c0f8fc5f1ff008356699faddc48951050c6db3d0e25006efe8dfe9a053f5e5d105b6226082ba485b7d3761a5efd42cbdb312907d39da482757d3abae6f47593acf6e924969cc94b4eadb64859a5edc5bc67d4a49c96007cbe341da64fb42560626b738f70651fff005e9d5faf436d68687078cabaf1faf23fe9a1f4fd715759d4b430c350bb6a22a797e0c53337715d0b4afddf0bb3ce0ff0febab56eea3ba5d7a520bb51dc2866965929d1d0d1c8a23321452bf3fab05f391c1d05978baf172a8f40ff0046330ff4ed6ab13f68ddce16dbb7e82507fd506af4378b8cd7d7b189631511bcdba6ed671188e328db73fc528f7fcba9f4fde6e154f6782be68a692b2df25648c91ecc36f8c28c67c61c8fd7414e383af7b5bde5a12edc85ee81b0fd3fbaff00ae99a3fb4208b87b7163f36661c73ffed6ba5d7aa2b22e891738e55a699abc52ef484ca513e28c5908392db478fae8fd0cf28e9f8aa24a86a9730993baf0f68b719194f6fdb4196347f691500b7c7dba9b1c050e0e7ff28e91a6fb434c2f7edf201e4f741fdbfee86a8d17da1dcebecf05c23a352ca90c3340a849f88951c2afeddc083f67d7a2c0b2a53c6b3b8794280ec06016c7274182349f68d3fe1b4f434fe087475f6c71fdd9ff004d4fe03ed04295596de7c726519ffd2d6f3b8bdc0ba9e8300683ed0778065b705e0160e09fd4f31ea62cdd7312a9fbca9253f9977ae3ff00435b60b377f717f47d35db41829283af19bd125bc8fd65191ff95f5d416d5f682abbbef4a2463c940fc0ce3dfb3edaf40d2d060fe1fed0633e9aaa2900c7cf28c9c7bf116b9fc07da0d42ef7b951d3b0e0046cff003feeb5e807582bcf575de93ed121b1c10c1152b40eca64472f50db3236301b5486e0293eae7c719074b6f5ea3126e7492839f496007fe8e7485bbaf26fc37aab7c03f8c3027f6feeb453a2aed5971b438b8c958f5d114ef255409132ee456e0271b7938cf3f5d67aabacaec9d435b491cfb51e692961534a447111345109164f12b7e264a7b1fdb9028967eb58957fed4a3723ce5c0cff00e4eb662318d06e9aaba9a9a0a98aae76a89a8eaa5a6331014c815b8240e338fa68e682bac723fced81ace5dfa5ac35fd554b70ab313568888581f612ea01058646e18dfc907e9ad5eb35d416ea6a8ea1b4d44d0070eb514b336ccfe13c458a93e7ca0d00fe8fb674f59ad35b5363b9c1534b24a0cd5092a1505140c165e32079ceabd7d93a7666b852d6d7c1b9659ab2a97ba81e3471ea0fee1006f7fe2d66aa1e5ea2e8bbd565b28cc892ccb2c944a5a07869e188f654ee5e4ee40c547b7a7572b96496e9758054d5abd6c6f2d7d0474c85e9d0d3063223e3326241180338f231a0d0daba4ac5554d2d5da27514b52c1a134a53b51324a1c18c0181eb5d55b6f4ad86b6e4ea9793738a90985e88b44f1c4bdc2e236503c06fe2e4edfd345fa46b2a6aedd5199ea2b69a39ca5354d4c5db925408b924607e72c070385d655ee7475725faa219678d9ae70c7551c11c8b28a646111ced5ddea60c78e70d9d06ae8ba2ad54453e18cf108e659a3018623c2326c031c2ed62b8d75b6f4cb50d921b5cd75aaac869de1684ca91a98d62652abe95191e819ceb1548d78712dca39aec1d65a78692291dc0313caf1e4a37963176d896190dcfd75dbecfeafa8eaacb32d3d6d34f22760b7c62d4c815ca1ee0dcf83bb2172a3217f9e835c16cd57d4d72149728e3bd494ab4f3089d4cb12a96208523c8327b8fa6b8d3747bd18b6fc35eeba37b7c0699642222d2c6594ed6ca63f2019001d0cb6d44351f684285a99a90dbe390e529e5095351280d2b872301463eb925bf4d6ef41958fa2905be4a3fbdee211aa7e2a2c3463e1dbba651b3d3f56c1ce747e2a22b6df8496a259f3198da6931bdb2319380067f96ac2797e73cea591a0cf507465b2dbde10f74f7a4a695f9032d02aaa1e07f806747d95bdb53c8d2ce83876caf235d06753d2d02c7d74b4fa63e340b3a439e75154dbfaea7a0623591ade82b75c3ac5afb512cedbe0689a9fbac13b854277060fcdb06dfe87ceb5da7d067287a4e3a0a27a75ba5ca59249e29dea6598195b66dc2138c6c21704639c9d5793a12827aca896a2aeb248a6691e2837aaad3c92387678c81b836e1b8649c6b55a5a0a168b54166b7ad240d2b8dcd23492b6e777662cccc7dc92757f4b4fa06271ac65c3abe6a6eb71688e5a0edac94f1982463f132f77397419f9578278faeb658ce83d3daa9293a86aebe59626a9af7431ab2a870113042fb9f7271a01d275a53cdd3f35da929aad604923559278182b0670a580ce4a8e79ffa6bad475b5b29eeb5546d1d56699256698427b2ed1a6f7457f0580f6fdf53adb0d2c3d16b67a8ae5829e248e335126147a58119e71c918d52fec7fc4d6dc775d164a499ea1960588168659936b92fbb9186242e07cda0b9fda812c36b9968ab2963afaa14ebf130e081b490480dc6ef63fd46b9dbbaba3adaaae8ea682aa9169ebd68a39258b0aecc060f9fe238ff00887d744ebecc95a96e4ee320a19d27181f36d52003fd7412f3d33573da2fb4a95703c172984ca2526234be37b8719248da187031f5d014fbe229ba5e7bbd302d1ac324d1f738de141c1fd8edcfedacc5b7ed46dd556fa9b8cf4d3ad2532d3879234ddb1e48cbba9fa042bb4febc6b5f3dba9ab7a6e4b6d3308e967a534f1b4782110a6d047d703c6b1776e88b25de8e47a3bd5153411834ee4c51cd12314643919003ee7dc0f907f7d06aa2bb4f51d4d556b8d5a244a349e295d032396661907764818e5481fbebbf4d57d45cfa728eaea9a369e54f5b44a5549048c819381c7d752a4b32d35d12bccccf22d225215c00a42b16ddfbf3aed66b5ad9ecd4d6f491a45a74da1dbc9e74170af391fcc69c818ce9ce9b41cd93fa9d2c6df3e3ebaeba7d044313e069c6969f40b4c4e3489c6979d020d919d3e969681696969681696969681696969681b402f347049d5bd3d56615351149320971caa189b233f4240d1e120fdb51770a85bc950481efa011d5e037475cd0ae4340cb8fdf8d65ed95a57ed1a78a0bccaf24972992a2dbbd36a4429d48936e377cc17d59c7ab1a2963eb35aeb2fde1747a0a78da3126292a1a7108d9bcaca768dac07b7bebb3f5c74ec125548d2c91b53c6eeee699d41daa1ca824619b690db41ce3407a82ba0b9d0c7574c58c328254b2953e71e0f3ae779a686b2c95d4f511096296075743e186d3c684ff6dacebd9573548efbf7c6d4cfba00857264007a146f5393c61b3e34d4fd67432add1a58aaa016da95a760f4ee0c85b6ecda08e4b16e31fa1f0740a8ab528ba52d740038ac9eddf831a83925225c8cfb1e46bcf2cf2dae15a6fbc2a286aed6ab177aa56158e212fc349889d4705d73c13eacb0079c6bd02a7ada8166a586956692496585652616db0892531e1cf856dc08c1f7d59ea0bc55db2a6829a86db1573d5b49e8925ede4a26fdabe920b100e3381e9f3a0a72cf5f41f65914ccf2c55b0dba2ee3e32f1b6c01db1f51c9d6605ea1a8a9b6db60ea7ac8d1ae2c696ae4a9c0a8a75ed97058ff007a4b928bfcfe9ad853f575bee55a28a88ca2691476a59233d92e63ee042c3f305392bae34bd48ff72d9ea6e10c4951575428e6eda3944937b210300e3d6303271fae80fc35d4d5357554b14aaf352955957f80b2861fe473ab2359babeafb550c7de6323970d848e325d9965116dc7f16f6da3ebaeb07585aea0522c66a1a4ab56748d69dd98057d8db801c61b839d01fd3e81b7555ad2df2d67759a18e08aa5ca46cc42499d870067271e3562fb736b3d96a2e023eef600664ce32bb8671fae3c68099d36f1acad3f5eda6547799a48d0c842148d9ff0c2a1ee3601d8bf88064f1ae945d5115cfa90db29e197b4b14cddf78caac8d1c8a84a37865cb11ff0e834fc1d2c6b2f70ea69e92ff252c74426a58040b2c8af8903cce5515571861c73cfbeab50f565c3eeabbcd73a6a7a7a8b7c2923a42ed208ddd0b08589032e3d39c7f18d06cb4daca2df6fb1de63a1a8b751a3d5232d383336edeb107676001fc3de766473e38d461ea8af9ba54dc1a969d2ae7abf83a348dd9d263dcd8186429dbc337fba33a0d769b596aaea2ba0afbcd253db6067a068444ef310851c12d239c7a428078193abb62bf1bc74f52dc9625fc70dfddb6e420315dca7dd4e323f4d01dd3675ce37deb9f19d4f40f91a7d732a34e338d048a83ae6d85604ebaeb9c830a5fdc0d062697a1a59fa6e4b1d7d5d1c96e988dc69698c3248bea23736e396dc55b3fe1fd75c9ba22e1768ee74d74b9c069aa6462562846e790d2ac264ce781f31d98fe7a1b53d6496dfb2eb53daae14e2afe0973209a20b13243bcab96c8078c6dc64fe9aa0fd5970a182e7596fbac124f532cccf4584cc38a657ef03c90032fbe570da03b4bd1d5561783e06f96cb655d434b0fe1d0ac68eae23e238f7fce3b59c92dfb63456e9d295772fbd623554c69ab2a60ab8d258598abc7db043fab0ca447e063e6d06b7564f72b150495d51057bc57b8929e71324e40c8ffbc45552dcb0c81e38d18fb46bb55db3a2eaea6df34b1542490aabc51191b99141c01fbf93c682bd2f424f44615a5b9d3c5097a76a88928d5164ed4ed280815bd00ee23df46fa82d570b84f6ea8b6d5414d3d1cacfba788c8b868d90f008e7d59f3acf74ad555258fa529ea6b9e29a7a4777a7a850d2cd845390cbc2edce7f66c79d6c96a0a79e74193b37d9ec565ea382e50d541247180497a45efb308845fdee784c2eeda079f7c68a0e9d74b253501a8cf62bc5697dbe7f1ccdb71fcf1a3a2a109c1e35d7861f5d062ee3d0905c24bc93511915f510cf1a4b0ac91c46360e5594fccacfb988cfe6d11b0f4cfdc2202b2c4e61a530048a110a64c85c90a385196c01ad185039d2d0647a7fa72b687a62aa0eff00dd970ad99a62d11130a75dde88d491860a8a17c68edf6d4b7ae9fafb617317c5c2f1071e5091c1febce88e9683cf2afecc51ea525a7968dd7bd312b550b388d24746f400c3d4a13033c7e9a3765e97abb5de7e2a4b8a4f491c73474f4e21dad18925121dcf93b8fa71e06b51a7d0656e1d2f5553d41f1d05c123a790c324d03c5b8bbc24b464367d2b92370c73b78c6aad9fa4eef4d6fa1a4ba5c69eb447562b2a9e389a3695802dc924eecc9b5b9c602e35b1257779e74ffeee83354fd3d748bab2e37592eb0cb0d5276a3434c7bb0a0518557dd80bbb2c78e4ebad0f4fbd24d6488ba352da694a201905e62a137e3c636eff00f9f5a119f7d3e83375d60ac92b2bab6df72f83aaaa681958c7bd57b790430c8dc1831f71ab963b41b459a0a392513bc7b9ddc26c0eecc598ed1e0658e068b9d2fcba0e6b1ed5ff00a6a58d3ffbda40682207ab52c679d3e34b40b3a66215493e07274b601e34fc91f43a0c047d534df74bbcdd3d434f1ce90cf0a4f511a4524720728cedb70a7087839fdf579fa82dd41595129b2c4821468e4aa88260c820ef18f38c91b07cde354adfd175d6cf88960a7b27c44bdb061ecb0865d824f5b71e96265cfa46078f7d4a97a26eb490474495b47f0910ef2cad1977ef7c2f63050f053f379cfb7eba03fd3f7386f7644a98568c45b8ec14b309907f30000dcf231c68652750fde135e61f808e64b6170512a1249a56462398b036e48c824e8a74ddaeb2db0d5357bd2b54d54ddd22910a448022200a09fa26754286c15d15faaaaea3eee8e129511c6f4d11596532bab664e3191b7db39f3a0af0f548aafbb655b68293414b34f2338cd3fc49da800c65b91cf8e3456cd79a7bdd75d29e9d1b6db6a053349ed236c56247e809dbff000e85c1d215d03d0c515740d4b1c149154e51bb8cd4e7721439c0c9f39d5ee94e945e967b8471d5cf534f3bc662599c332aac6abe7039241d055bbf53cd65ac9be2adcc28977ac72897f1256588ca484c636f1b7767cea8d575dcd6caa1473db228ebd5996581ab1546008c811b11f88c44a30bc7beac5c3a52ed74bf5d66a9aba3347574ed4b4fe8732d32151e39dbcb8dcdc648c0ceaadc3a32f170792a65a8b64b575a9245565a16d91ab76c0310e4ee0b17e63e7405ec3d5c2f97baaa28e9e08e183780e2a51e5cac9b3d7179404838cebbde3a94d9ee90412d2afc34ae886679b6b1662788d31ebdb8c9c1e06a874e74cd5daef52cf50949d9884c90c908224944b377499323c8c01c13efab77db1dc6ef74a65f88a616d578e46578c99a365249edb781bb8073ed9d00baaebe921b624ef45050cb33c46335953b621148923a3b32a920e2260571c1f7d5cb7f569afeaa92ce9153388c94678eac190111ab96ed919d87760303fcb5c697a62f74f0a49f176e3550ac50465a9d9902471baabe339df9909e0e31c695a3a42b2d77ca665a9a792db48e668fd07be5cc221209f1b70377d7c682fdf2f9259ee76ea2482195eb8b8dd2d52c0142941c647a9bd7c28d0487ed0e692b6a6962a1a79a5594c34f1ad57af709c438986dfc2c93b879e3463aaec55f7aedc74cb6f78da27859aa909787732fae32079c2f8e39c73a08fd057111d6a89ad73a30758125a5622557a813113f3ea23180c3183ce80952f57d554cb49bece638249569e698ce311ca6468f6a71f89865e48c71eda2dd4d7e83a67a76a6e932348615f4429f34afeca3f7ff00fdd676d3d2178b65ded0cd25b26b75046db6101d3b52c8eed23a2f83c36d5cf819fae8e756f4b41d576934b2cd3c134624304914ac9b1da364c9c1e4618f07415a9faa659fa9cdb8d005a5350f48951dff005995231230d98f971919cff2e75a80436b1d4dd1d3c5d751de6434261801ed4ab11f8a93f08461647f0c07a8e7c9f4fd35b1c681f4da5a5a058d2f1a7d36816969b9dda6078ce0f9c6825a5a5a7d036a0fb8b631c6b3f43d5d4f2d2dc6aae707dd14f4352d4c64a8950872be48c1d5e7ea5b2c758691ee94a2a161f88319906eede33bb1f4c73a02283d3fae753fae3ce85d6f505a2d95090d6dc60a77965eca2c8f825f00e3fa30febae978ba0b3d08a8f8696a59a58e258a2dbb8b3b051e481e4fd740471a5acd50f57c552b89e8a7a59c3431344cc1887799e1232383b590e4eacd8ba81eed056cb534125b9692a5a9b33488c1ca9c12369e067eba03ba5a5a5a0e4e5fd8f8d3890ff0ea78d2034102fe9cfbea2252cbc79d74281b5158d55b2340c19f383a98cfbe9f034fa05a5a5a8970bc7be81f59eea4afbc5254520b6415322b6eeef6a95661e463399131efe33a3dbf48cab8d0647efbea04a8b9ab51cfb2039a726dac41f5e3da5cbf1cf007d7514bedfe4aba087b122ace15a53f754c36faf046e2fb5381f9bf7d6c83e5777b6b3d5bd696ca1eaa8ac0eb3b554a9b8bac64c71938da18fb139d0034be756416d9259296b64944aaaa1ad4bbb6ed6cfa167e79039ceae35fba816be784d348228e0322b1b5ca41611e7861260fabf2e33edfae8a74a7511ea6b4fc7f669e156236ac354b51c150d862a3d2c33f2ea8cfd77494977aba49a927ed5319104a8cacd24881494d9f30ceec03e0e809f4e54dc6a6d664b9acc27ee363b94e203b78c7a43371fb9cfe9a33a1b65b9bdd28e579a98d2d4432b432c3bc3ec61fa8e0f041d13d036969f4da0c04bd3dd4135b6b43d0d28a93729aae1ed573a3ec742062409e96e70410411a1d2746f53c95cf101471a4b4c55ea3bc4c2d27c308f221dbe83bd7e6538dbedaf501a7d07995d7a37a92eb57535f5494af25599236a7a7af961448dd2103242e6403b472be9ceed6cfa8ed32ddedb152c6f2205a9865731c8637da8e18ed61c83c7d746738d2ce832cdd1b4f15eecd5148162a3b7870f06325db964624f2486663fa96ceb9515b2ee966be53555ae86679aae5a8a68e49cbc73067dc037a46df03ebceb5d91a89917f7d0487cbce9f4da7d036a0255dc41d74d73740cc3413043696b83b84fdf4849bb8f73a0ef91a5ae71e777e9aeba0e6f20f1efae7ea7f3e3db5d8a06d3818d07311e38f3a818f6eac69b415c82bf271f5d617a97a5aeb71fb40b2dde84d3414f000b5132e566455392a08f9d587a76b7035e82506a063fae831d66b45f6d90d7cc896882ade0860a68e9d1d206285bd6e3d890d8c0f1b7cea9ddfa2abae3d455f534f1d042b56cd30ae191520fc3f6844401ca6e0afe7f2f8cf3add0034b219b86e7eba01d61b7d6d1ad64d70783e26b67efbc7067b71fa154004f2785ce7eba33ae285b5d3d58d04b4da590350908db8d04f4faa61cab71e35dd27561cf9d04d813e35cf6373aea1b72e469683988c379d4c205d3e968169f4b4b40b4da7d2d073d835ca68cb78f6d58d3637a8d0422c95c91fd75d34fa5a06d3e969681b5c66aba781374b3c51a938059c019d46b69be32827a6c85eec6532c81c0c8c723c1fdb5905e83d94494bf1b4b1f6e47937416b81725828f0c180f97938e7f9683602b29999956a222cbf300e323533227ffa8bfa72359293a2fbb575f2bd6c0c6b015024b7d3b04cb06e4edcbfcbf9bf7f3a74e880b576d9cd45bdbe0b1ffe5710270e5bd27f279f6fdf41a34b8d0cc331d6d3c8a0e091229e7dbc1d748e48b3fdea67c8e478d650740016f92985cd0ef9164dcd6da53e0371b7b783f3793cff0053aea7a19be3cd4fc65291f0fd80a6db0f1f87b3390338ff000f8c71e341a17b9d02b735b4eb8254832a8e4638f3e75741ca83ac80e834343053b5c1310bb3e050536c390060298ce071f5cfd49d6c00c0c682047abfd3597bfc333f535948b95753c0e64df04328447d885c13c67cf1e718d6b354ea2dd4f555b4b552a665a4663190c46372ed3fbf074181a9eaaea0afb23cb4d4d434d354c34b594ac247204534bb42b71f378ce38c31d158faa2b17ada0b03d1a491b2f6e6a883b9b639c47dc2992bb71b7c0ceed1583a2ec54f0d6430d118e3ac0ab22acce000ac5942f3e8c1391b718d24e8fb52dda9ae4ab52b574c432b0a9930cc1366e61bb0ec57d258f24682974dcd534dd3e91d22495816e3341f8b504b2462a5d4b6e6c96daa3c7be35acd0b96c36f9a8a4a67a7cc5254fc5150ec3f14387dd90723d433c68a0271c8e740bce9138d2d2d02d2cea1cab63db52f9b40f9d3e9b4fa06cf38d3ea20ee63fa71a7ce81f4b51de34fa07d36912175cc9dff00a681cbfd3f9ea3f379d381ead3e068238dbcff003d7997545e6b6d9f6b36a8cdd6514b3c491a5242e320bb6dcb21f9812a7d40ee1f4fafa8e03686d4d9286b2e347709e96292aa8f776257505a3dc307074191e80aba2b35aaa28e5aab41869e082a64aca125623bc15fc42c4faf299cf19dde06825f6a2b6dfd5179ab156ab189a4a769229dfe2361a65971b0fa554046c30e73fccebd2a3b1dba2826823a1a648aa0e6641128121fab0c7abf9ea66cf6e7b89af7a1a76ac29da350d12990aff0eec671fa6805f489a68e1b9d1d1323d1d2d63240636dc814a2390a727382c73faeb49ae14d4b052532c14d0470c49c2c71a85503f4035df40b4b4b587ea9bf5c283aae9e828aae60cd4eb2c549153893e224ee6dc3360955c7939181a0dbe981e75898fad65bb43d454f4b4c636b7c0f3535444e76cca0baee0cc98ce53d832feba94fd595b3dc6822a1a26107769054cddd5f49986766d23246181dc0f9fe7a0da92174b592ea6bd5cadb78b67ddb00abeec550658259bb4855155b7670dcfb0ff7b562d5d5d15cee70d02533acafbe4209f92211a3ab9fdfba83f7cfd341a5d303fa6aa5b6ae4afb641532d2cd4524a819a09b1be33f43abba06233a58d3e96816998e173f4d3eb9cb92bb7eba071f264ea2575d34b0341c323dfcea41cae7df523182d9c6a213fc3a07f9b4e134c23fe5a704ab63db412d834b6fab4e34b1a06d3e46911aa94d574d58f2ac32f70c4db5c72307416801e469f4b4fa05a5a5a5a0a725436b3f72bb5aed37e82a2aab3b55d5310823539394127938185196c6e3c6b4e29e35fcb9d65eef34d6dea16963b44b701594f0d3c4b1c7b9372cac5f79c61461c364f9dba085074750db5eb4c0b58055c2d4ec8f333a471b3162a8a78500b1c634a3e97b7565ed678aaeb2396824877c08e4445d1018cb0c7a8ed61ffb1ac652d9eee2a2fd15550dd112778e79b6522981e40d28902206ccc877c67921885fd31a2760b65c33437596d95d45591d5522b23173880c4b130c127dd7736790319e46836779e96a2bef60d4c9531b41bc23c13b44d870030257c82069ad3d3d1db2f15f5cd28964aa58e1880882762140764608e4e0b1393ff4d1ed2d054b750a5b2dd051c524b2a408115e672ee40fa93e4eade969681696969682323ec5ceb8c1b9db71f9478d4a6f59118f7d7551b571f4d03e96969b1e3f4d02d2c6969f40d8d2c0d3e9682241dc3078f71a969696816a380b9f03dce9dced4275e47d4574aa83ed526a292ef3082b291a08a9e397887746065e32395c92fb9493e93f4d07adab02320823f4d4b584e85b8d05bacd51486a2d2b4f4af09f88a01b2091a55000f27d59c0f3cee5faeb2f553cf49d4772927a88d69e6ab9e09da099c4ef18963722404e15447940571c37eba0f61ddb9410783efa7d67ba36489acd3434c14d2d355cd153b2f28630e76853ee0676ff00c3ad168169b5ce49197c26754ea6eb4d41dbf8ca98a0121da9bdb193a0bf9c7b1d3ab03e0e75429eed4559532d353ce249a1255d790460e0fb7383c6aad45e6d745758edf3d6c1155cf83140ed867c920607ea4680ce9f5449756fcc35133b2fe66d010d3687c357df891e37de8e032b0e7208c8235d91c379fe5a0b591f5d42599635cf9d51f8e85e792047532c38debee991919fdf5d691a2a9df206de63628c304618791ce83bc4377e2e305bd8ebaea0c9eac83e7cea407f5d04b4b4dae2d346b551c0c7f1240cca30790319e7f9e83b69f510834e31a07d2d70a6a98aae9a39e06dd1c837292a4647ec74e93c334d2c68eaef0b05703ca9201c1fe441d076d2d31d7194161c37f4d0762372e0fbea84b65a09ae70dc64a58dab608da28e62a37aab104807f96a2eedeecd8d707abed4f1c467c3cdbbb6bf5da3271fb0d0598ed16e8603047470470b3090c691a852c0820e318cf039d2369b71ad9aa8d0d31a99d7b724a625df227f0938c91c783ae49de95b01f3a21040225fab7b9d028628e08962891638d0615540000fa0d75d7369541c79d377d7e9a0e8718e75e67f69b4b5b5b77b3c347016491fb4cdb885cf713d27039e3f2fbff2d7a365a5fd0681de6fb35b6a6b228d22c4144b50acd9277172b8fdb8d0657a0acb71a2eb7bbcf5b4ad1c488f1891f765f321c63d38c607b13a3571a5ba7f6cee3594552618a2b7c216330ab0a87cce40dc7c6095f1a183abef51d4cd1d556dba8b75488585442c8d4396931bc16024521410e08075d2dbd5376b8de2dd4f28a2114f0c6cc0a329a90436f9616271b4100ece5b1ce807592825ab829fe169ae34b433cf4d2542cad244cee2390ccdea3b8293db07d8eb6f510c735b64a3dcc43446318760d8c7d41ce7f5ceb8dd6b92dd2c11c74d2cf3546e2238b19daa06e6e48f191fafab54fefba6a790f712509bcc61c2e43b860a4000e7209c78fae802daec9056dbba6a9615ae16f82094cdba5951b7854c06c9ddc36e2078f4f1a050545dbef8ba1b87de70524f2c3255431c33a2c6bdf9158236496caf6b2531c6bd2ed5748ae94ddf8525084edc4a9b5b3804707f42354a3eafa431cb2c94b54a102343845733abcbda564da7ddb1c1c1c368331d394b721d5b0ce696b66b37e1046a9de2a11fb6db1df3f32053b707905816e46af7dcb399851f66b62a25a9ae94223ba82081b390738249239d6c4dc512cef719e2969a38e269648e4037a00093900f9e3ebacf5c7afa9ecf6715f73b655d12f7d622b2bc40905776f5f561f8f65c9cfb680074b5c6a27eb1a3a3aa9ab1ae085deacb54650a88576a98f764104f92a39f739d14eb3a69e5bd42eb4f59330853e09a1562b15477465988e178dbcb71853a2f17c437595d2943c489250c52452a42a2489999d4e5bf37c81b9d76b0d5545c7a4adb5b58fddaa7855a560a065bdf8f039f6d073e9bb6343257d74ed51f13515738ccb2b30ed895b600a4e00dbe30343babe82b1ab85551413bcdf75d6c65e1cf9daa635fdf7138d5da0ea0f86a9bbade6a28a8a0a4aa48617dfb54a346acbb8b7e6cb1fd340ee5d755149d4b32534b1d5d12460a44b0b6d914c2ee1c4e0ed0c5d7604c64fb68055dadb576c8e78de2bd4b6c8e1ee1f8796567151d8e1f39cedca9cf380de756ba75ebee75743475d4d5d2470cb546a6695196278de3c22863f3021b236f8d1393a9ef0934d41b6867a8855ea59fb6db268446ae111776771dcca1b247a09c7b68ad4dfa96be114363afa1376962578a1770ddb538cb1553eca7705c8ce833f6bb3cf514dd314d56b591414d432b491895d312068760720e4918380754fa8e8ae32c5778a14aa7a56bb4134a9d992a43c66052f88c302c9dc232aa75762ea0bf350d25c1a7b7bd12d60a36610b6eae635262ca0ddf86368ddf9b3fb6af515faa68ababa0ea3a9a1a75822866df1065584c8ce044c493b9b0a3d4319fa6833362a3b953754595aa29ae33bac5147bea29dd4451f69b2c24572aa01e0c6db8e7df443ed36e505252d28ac592a29e586a80a749bb7be5d8bb0939190327819396e01d17b85faae2ae8a7b7fc1d5dbaa68279a9ce486967400805bc04233a0b41d4f5b73b34b5a168abc50d753ef9a4a69203d87084c891bf3b86f201ce0ede340ba5e82ba1ea088d45beb63ab8bbcb575522b76e58c851080de1b181c0f9769d19bfd9a8e5eb0e9cafaba29e768649224922491846c42ec2db780b9cf2dc68bd1d557275856dbaa7b0693e1a29e93b6843fcc564de49e4e76e31eda3d8d079ffd9ed154455d348d69acb77fb2a2d5b54a6d15353bd8b48bcfab8fcdfe21af41d300174fa083a06e7dc6b811b0e4f93ab27c6a08a79cf9fae8258e78d67eff00d34d7a9c4b156b52092234f5004618cb1ee040073e96073861fc5ad0e90d06617a313ef415735caa6a1627dd0452221112993794ce32c0fcbc9381aef71e9b92baf34d569729a1a58648e67a408a559d09da413ca71c1c791ad0e98e800d5f4f4b396923bb554353de9258e6daae6357500c6030c6de01fdf559fa4508ed1af9de30772eec16490a8058379e48dc47f11ceb4cff002ea29f2e806d96d1159e29218a4924491c38dfe170a1703fe5ce85ff0063236966dd73ab78882b0445540a7532aca402064f2a00c9e078d6a478d3e839cd12cd03c520ca480ab0fd08e7591a8e8233d0474ed7fb8178476e1919623db8fb4d1ec036e3956396c675b2d3680651d99292ae96a3bef23d3d20a4190007190771fd7d3aed6fb7456db78a4849280b919f39662c7fcdb570e9c6805c56c8a1b9d5d57ced54230eaca0a8080e31ff0036a85c3a4a96e5741572d54e903189a6a54dbdb95a3cec278c8c67f2919da34767e3c71a8464ee6e7419a1d08123df1deab96ac6d8c55158cb08429411e36e31827d58ce79d17abe9fa69ba667b2d34b2d0c32d3fc30969f02445dbb4104e7900632745c78d3e83207a226592ced1df6a93ee9564854410edc1c0185d9852146d0473863abd60e9c96c3515d2b5d27ac8eae579d9658901dec7c965196c0c28cfb2eb43a8bfcba0195f64a6bacd0cb505f11a4a8141c65645da7fcbc686d1f46c34f6faba7a8b85556495421479e5081b6458dab85007d79c67d5ad30f1a7d053f808bef7371c9eef67b18f6dbbb77f5cea5414ad45410d33d44b52d1205334cd977fd49faead6b99273e741d34b41ba7e69665b8f76579365c2645dcc4e141e00fd346740da4071a7d3683fffd9, 0001);
INSERT INTO `expenses` (`expensesID`, `expensesName`, `expensesAmount`, `expenseDate`, `receiptNum`, `receiptImage`, `employeeID`) VALUES
(0000004, 'Casket', '35000.00', '2018-01-03', '000085748C', 0xffd8ffe000104a46494600010100000100010000ffdb00430007050506050407060606080707080b120b0b0a0a0b160f100d121a161b1a191619181c2028221c1e261e1819233024262a2b2d2e2d1b223235312c35282c2d2cffdb0043010708080b090b150b0b152c1d191d2c2c2c2c2c2c2c2c2c2c2c2c2c2c2c2c2c2c2c2c2c2c2c2c2c2c2c2c2c2c2c2c2c2c2c2c2c2c2c2c2c2c2c2c2c2c2c2c2c2cffc0001108016b00ce03012200021101031101ffc4001c0000010501010100000000000000000000050001020406030708ffc4004810000201030303020306030505060407000102030405110012210613312241143251071523426171528191163362a1b124728292c12543a2a3b3f0173435d144455373b2d3e1ffc40014010100000000000000000000000000000000ffc40014110100000000000000000000000000000000ffda000c03010002110311003f00fa4354dee3451ccf1495b4eb2c632e8d22860319c91edc73ab79cf1a0b53d3cb557096b3e3a78ccb194d8218180e319cb4658ff324682fc772b7c918923aea678f380c255233f4ce751fbe6d7f8a3ef2a5fc1e24fc65f4738e79e39e39d0a3d269f7747462e129d8fbcb9a4a639e7c6ded6df6f619d749ba684a2abfed2abff69f63140c13d5bb8dd1f3ff00167fae809add6deef1a2575333ca32804ca4b8fd39e74df7bdb7693f7852e171b8f7978fa679d094e9751534b37c7ca7e1c05da69a9f0f827dfb795f3f948d2a6e931050b538b95482c41deb0c0b8c02301447b7df9e3405bef5b7990c7f1d4fbc0dc57bab9c6339c67c639d45ef56b8d6367b8d22aca4aa133280e47b0e79d0d6e950d592d40b8ce3b9118b67c3d3103281720f6b27c78271fa638d463e918529e187e3ea076999b72c30216c907042c78c71ec34055ef16c53286b8d2830ff007999946ce71cfd39e39d25badb9990ad753b3381b00994ee04f18e79d0c93a55656ab26e551fed4d920c14e427af77198b9fa7ab3fd79d453a5523afa4a8f8e9b14ca1428a6a71bb058fcc23caf9fca47fae809adf6d2f17796e746d10214b89d36e7e99cf9e35d3ef5b7ef74f8ea7dc8bbd877572171e7cf8d053d290fc19a4fbd2b98160db9d2173e08f0d1e3dfe9aecdd351b544d2fc7cdf8917688f87a7200da1739ed64f8f04e3f4c682e8ea3b2b471c82ed425266288ddf4c3303c8073c9d58fbd6832e3e369f311c38eeae50e71cf3c73a19fd9b5ed5329badc48a725813221dfc8386caf8e31c7b6b949d28b28abff00b46702a88620d3d3b6cc36ec731fa87fbd9d017174a033ac3f1b4fdd600aa77577107c71a6179b63445c5c697606d85bbcb8ddf4ce7ce85c3d32b4f353486e354ff0e810284892338cf2555303cfb635cc74942688d3a5c6a1417ee6ef86a6ce70478ed63dfe99d01896ed6f84b772ba9d3682ec0caa30a0727cf8c697ded6e608457d2e1ce10f797d47e839e7430f4ba7c64d51f78542196231e238e18c8ca805b72c79278f7247e9a66e99565814dc6a4f60960cf1c2c4e483ce63fd3db1a026f78b6451cb23dc295560fef0999711f38e79e39e34a2bcdb679238e2b852c8f2aee455994961f5033c8d0a5e98ccb5127de5549f10e1b31c302327ab770563cff3273fcf5653a77654c129ba57bf6576ed77460fe79395ce79f63a0b9f7cdb0c65c5c297683b0b779701be99cf9d70fbfed0934901ba51f7a35dee9de5ca2e339233c0c73aa12f48c52519a7fbc6a07e207de69e989e063de2c7f9675da4e9b579657fbd6e69dc8fb6156550b1f006546de3c7eda0bd1deed9304d971a56eee4211329de47d39e7507ea0b3c5dd0f75a31d9c6fcd42fa7278cf3c6a92f4c2a0a6c5d2b0fc3b96cba42c5f241c1fc3fe5c60e993a5f11542fdef734efbee26278e30bce780aa07e84e327df404a3bc5b2592248ee34aef380d1289949901f040f7fe5abfa070f4d886b69aa7ef4ae93e1c01b2431b093f5625339fd88d1b1c0c681f4c78d3e74b41062deda410fb9d4f5979bae6de91a76609ea666076c31ed0c4f752203960012d2291cf8d017bf48f0d82bde1665a814d2988afcdb821231faebcda96f572ea15a6252a6a95a7489a9e0ae6a6ee010cae0ef56e095789cf233c6b727a9e15ac8696a6db5704addb49778465a76918aa2bb06232d8f6cfcc33aa96ba0b1dfe8aa699ba73b54b4f22c256aa2421da3054000313e8f193fcb403e085c7545453d55756186a5a68a27a7ac73194455fc22bbb31c89b73b97e6f564f38d1fe8e42bd1d6a779e7a879a9a399e4a895a472cca09396e7c9f1aa74d0f4ec37e8eae2b6c515789de8127d8011b23dc79cf8dab8cf9d422eafe9cb574fc33d3c822a4f846ab8631804c618290067cee6031a0c73f53de92c082b5ea681a5a014f0d4f73ba5de49d50c9b5790ea39c6091aaf59d55d4b7069cd2f77e1aa23a699a44623b2df0feb880f20b48cb81fe17f7d6a5ba86dbf0d2cff00d99a9d942b25541fdce648d65fc4913d7c6194310704f1ab0971b3f7529e4b24d4e6b9e169cbaa158dddd9e2129563c9639e33f3f3a0071d9a4fb8525a84b9d053495b44228dae2ecfb59a35958ba39f4b67c13faf19d42ef3dc61a2b9d5515caa62ae77afa542f33148fb63f0bd04e011b436e0324649d6b6c776b3f53daa14a3895e8c53433ac642955525b60c7d54c7a175f71e9b8ef773a9acb0bb54253d42bd5f6d0fc42c68bdd45c3673b481c819f19d010e8ab84f74b756d4d42343502b9d6581f3985c2a02b8f61ee3f46ceb076daabd4767486a3ef1dd5868e50b0dc59a498f7ca4c5598af68e5a3564ce06bd163bd416f929056dbdedd5174aaed4719d8cccdb38772bc0e142f9fa0d01a61d27535953427a71a996e9280b232285ac1dd277a956ca80e371c8079071a01d79bfd759eff0d152bdc22f87b6344239f74d896557642f27a86f0f146837373bcf9d46b2a2b2c93dba2b0d4565dcd751cb32d3bd664ab344a55c3c87273b1d82e7eb8c6b6f65a4b3496a436fa348e992431a864e7745210324f270c091ceaa4b49d35d292d12c76da6a435b52d1c4628957f10c4e4ff005552ba0a7d45575e3ecc0565bea315420a7952663fe38c924fea339d646dd2f51dcfa9a5a7a9a7ad1712c2a1152af6c3440cc18ac8bb80702368c636b675e894d71b1565a20a70f4ab4cd4f13fc348eb98e360bb32bede540d5da6a6b79ae9eaa9e284d4e4c5348806edd85c863f5c05d0647a36a271574d2495551335c289a7996699a40274976c9b413840376dc2e17c635b9472dc1d656d75dd33495f575b4f4715be59a27a8aca870a8142cac8439cf04b86fdf69d15acea5b4525209fef0a590cb0f7e04132e665da586ce7d59da718d019d2c6aa5057435f4e1e3605c2a9923041319650d83fae0ead8d02d2d3e9b2340b4b4b20e98f9d02e74b3b7193e78d3e9b9d03ebca4fd9edde916ae55ff6d691d18469526262a2b15c80ff0094f6a38f918f5675eada5a0c225aaee2f56a9a0b3b5276c44af542bb7b4710277c32e5b3371f29c1c16f6c6b4d61a29a8a92a5664d8d2d64f3019cfa5a5620ff004c68ae9683ce2f5d1975a8f8ba8a50ff0017535754549a9631c692c4d12bec2db77007d8675427fb36aeb82d4c15e22a96a38e6f809c62256677dd82833b572de3fc20ebd58ffae9b78039d062adfd16d45d2f5c85a69aeb5547353812d433a47bcb36d4cf0a3246703d87d34ae765bb497b920a7a42f49533d2ce6abb8a162117254ae77139518c0c7abf4d6db70f6d67af3515d0f5558160aa29495124d14f4fb1489311332927c8c15f034027a13a52b3a5cd6254bc5da9e9e955151f3b1d233dd1fb6f62c3fded06b9747dcea2baf9353da523a8a84acc54fc4ae6a52440123db9f4f201c9c636febab15935dc435901aebad6c6b7796276a2645aa11f643a22781b558f38e71e7df552a6e5761462eb4f74ae4992c3f1f53197dd177a440b12aa6300e5646fdf1eda0bd59d2574af6a2a8a383ee75a1532c54b24cb3b49219d243bdce704f6d79539f51e74bee3bd57525bacd5b49f0d6ea0a9466a886acac932832619763065e36e479cb7d0687892ec68de0fbcaef15c96b9e9a8e89ea56495a42913ef95d3d2c8aa598afca0363ce3462782a22bbdfea17a8aba86d9462359649a5ee2c6c4f765ede7e53b0aa8f38dc78f1a023d2d4f72b250daecef4ad24212a649a7790b943ddcc40b1f98b0727ebe9d47af3a76b3a9282929e8f68789a59524623f0e5ed3889bf9395d6728abefef7aa16ac92b961a634cacdf10b1b62695c289620b8762bdb0791b7db9d7a714f047b683c9297a0afaad328a664aa891a4a7a89248bb1bf6c7b54055ee1f9769dc76fa78f6d6fba42cb5562b4cf4b592f7a56a97657ce4b20c2a13fe22aaa4febad00f1a5a0c455f4d545256575c286de95323dda2acec34814488b10f19e1712b33fef93e75c683a3ab60a1ac33d3d2b554d6a34f173b84733493395048f9419146ef7d6fb4b419be8fb356d82db35bea9fe21629374754c4196a015193263cb83e9cfb851ad17706ec69f502079d04f234cc4ed3b793eda8851a971a089076fe5cfbea5eda58c7eba6c81c6825a5a5a6c8d03e964696968164691e471a6c0d3f8d032023e66c9d2704f8d2ff002d3f9d065c75cda47c4fa6b1bb0c02914cc7bf9904798b03d637b05e356eb6e16933daaaeb98c13932494a260c8c0f698be54f8c26ece7c6b2974b25c2bef95f3d574f54cb176923611562a2d488e7478cc3eaca36d04b29da09f73e75557a53a8e5acb1dc432c6b4fbe9961a94df3d1c2cb32ef2c18866dad1e473ca8e74046bef1d3373a1912aad3732f2d4f7fb11c2e950e4c47f194236761404673fa633ab8f74e91952b698a6da39e88432cbdb71049146a488d1c71b955cfa473fd359fa0e9cbadbec95d46fd395669eaa28609e04b8a99dd823abc91485fd2b911fa588fcdc7d6c5674edf2bd6db1c96dd959474db3beb2afc315edab6dd99c893b8a177051e9cf3a09cc3a1e44a026d35d29a7690bc8e2559697322ef79cb307196da4eec9239f03576eb5dd377186e36bb8515ce9cf7d2a678c43324b2c9bc2c6d194e5893164053e1738d0bbcf4cddae6b555915aab6396e5249f8695890bc40ac617bc33b5d772b36d19207ee7462f761ada95b9d576a79246b852cf18a6709349146b1ee08d91b4e4cb8191fe7a0236eb1f4dd5c5477b862698c31ab47535134acd842c46fde72c54b37cdcaea69d6b689294d416aa55dfb3b4d4d27708dbbb7ecc6766d1bb778c686d8fa56a25b0430d5d6dce962edc912d13c88008cb3edee6df99cab02c73e743a1b45fe2ae8eeb5366791e1a68e8a78239a32f52363abc887700a325300e0e33a0d41eadb6355cd494df11573c48ceab0c2c5652a03158dcfa59b041da0eae58ef70dfedc6b20a7a9a78c4af115a84d8db91b69e33e3208d626cdd3d74b7f5059e3782e11fc1b1965659237a33ba9cab95e37872e718f1e48f3ada74c5be5b5f4c5be8e65d93450a89141070f8cb7efc9d017d2d3674d9d03e39d23a5a4741038071a591fc5a9e9b9ddf971fe7a059d470753c6a24b678f1a07f3e358dacb95d5af732d2d60895eb1edf142ea0a0ff0066328909c6776efd718d6cf8d00afe8fb5dc6b2aaaa6f8957aa8d95c47332aab347db32281c07d9e9ddf4d006a6bc5c1ba6ea3e1abdeba5a9ad1456eab91115a50700c985014aa912302072a9aab71acbfa5c2e9050d756564b1aa99238238c8a72d3a76d23dcbf3f6773306271e93ad25aba621b535222d6d55541448e215aa7ee32b101721be8141503fc4755d3a26de9f1aa6b2e6c2b2533be6b1fd326f0e193f848200047b71a0e10df27aaa2b2d2d2bd4fc655543acc6a3619235858f7b7ecf4fcca1323f8f8d0ca5b8df2a6e4f6a96f0d28698432d6410a2f6a558a47912338c32a9118cb027e61e7c692d9d354d6bab692096529d81020762ccb9767762c492ccecd927fc3aa347d0d6fa2b4adb7e32e1514f19dd0f727c3c270c0ec7401b2c1db24924e82bd25cef55d534663ad82215b6535088f17a639f727ac9cf23d7e3447a52baaeb22b8a55bceef495ad0035112a4bb42237a82f1e5b208f2b8d59a9e9db6d5d37c3b44c917c235084472bb6338e07d0fa460ea766b34162a6961a796a2769e5334924f2192477c0192c7f4503419ebb5dee2b4576ab8279ff00fa843410c54eaad22a07457281b8de4b360b7038d0eb7f545e64b72d6bd43eca278e29219a340f2ef9de3fc4207a5955573b78dd9f6d6a26e97a3a9fbc5259a758abea23aa2913ec68a54dbeb561c8276aff00eceb9d3f445a29a5a574f89614fb772bccccb3b2b3306907e76dcecd93efa0cfc774bb4161ae696e52cd570dbe0ba2bbaa8c3157778fd200d9f87800f3eaf3a215335ca6eac8e8e1bc4aa95113c92431247b6961ede12424a93dc3278c9da4678e3579ba3e812d13dba9bbb04352504d973234912f1dacb676ae3d381e0671a943d33430df2aee427ac135667bd19a97ed3fa4203b3c7ca38fa6832e971bc25aadb767abbad5dbd9aa2ae796278519610e9dadc36f2bb0336d519f568df52752b476f9a2b70ae8eb12a6281b146c24dad285262ee2ec6623c738c73a2351d2d68aba2a3a69639bb54712c11aa4ccbba31b7d0db4fa87a4641d5abc5be1bcd10a69e4962db22489244fb1d194e4303a0c8db6b2ef7697a70fdef5914951de92a21091283144c54f7176e43b3346a70700e71a6966bbc7d3b79aa8aff716ecd5fc35031109791c622009ede0ab4a7e9e17ceb596bb050dacd3bc28ed2d3c2f02c9239662aee1dc927c92c324ea62c5429410d108dc410d48aa41bce77ef32673fef1f1a0e3799eb2d3d212c8b3896b6185504cca397385df8f1e4e71ac9dcfac6a2c9534d656b9446a4dcd2133d5ba2bb5306877fd017266dbc0f193edadf56d1d3dc2866a3aa459609d4a3a1f041f6d0f5e9bb5fc2a53352f711665a8dd2317732070db8b1c9277019ce8395d6b6b053570ee1b5c14ac8ed5afb4878f1b9ca8e7047cbc8d6761abea0a57b2d455d5d4e279e2a69216ede224762419f8dc5d94aa8db801bceb4577e92b7de69eb60a892b1056cb1cd218a76521a3da176fd07a4647bea1fd8fb60ada3ab5f89ee5214c179de412ecced2e189de46e3863c8d00aeb5eb1a8e9ce96ab9cc515057cb3494f47f112aed70aa5bbbff002a9217eb81ab349535b3f5aac50dcdeaa128d3cf126decc10b20110f19decc0b79f19fd345e7e9bb6d4db2ae82a29c4d055bc924824258ee7277104f8f3c63c6a347d336ea2bc545ce11522aaa18b499a990a1f485feef76cf0a078d067baaeed7183aa6968e86a2bd58d2896286969fb89248650bf8a4a9da98f7cafbf3aafd13d5b75ea1bf9a5ab88c71d2d3cc246f0257ef0d8c3f4ed953fbb11adc7c0c02e46bf69f8831087764fcbbb763fa9d56a0b2515b9a06a78d94c109810924fa0b0623fa8d013d2d3674d91a072359dacb4dd26bec9550d4c294ac854219270f9da40380fb3cfe9fe7ad16b3573ebbb1da2eb35beae7956a20c6f02324723239fd8e82b3586f62dbd94a8532ef273f78d40f4f18f5727db4a4b0dd64acaf97e229d45402b10efd4ee0723c91201e07e5031ab3075ed8e689e412ce15319cd3c99e4e3c01aab55f695d354b3f65eb24dd8c9fc22319fa8383fe5a0b31d9eee8f401ea226487fbedb5550b9f5678058eee3f88ff0096aaff00676f32d1d44524d02bc846d325654cc3183fe242be4783a947f697d372282b3ced9f1b6063fe9aed51f685d3b4ca0c958e32a5803132e71ec370193fa0d071363bc25523fc4c45561d985a9a95cb76f6e71bc8c67dfcfbf9d73362bccf6e4a79a6849dcc6467aca975c1c638c827c1f718d447da6f4d3ca512a2a6463e36425bfa6356cf5c58853fc47c44bb31bf985d7dfea463fcf4106e9ebab4f5f2254d284a807b6a24a95232c0f244be9e07e503524b25e124b71351114a7399b1595233eacf8dc77f07f37fa6a568ebbb25f6ea96ea2a876a960cc1480381e79ce9aeb73bb5375753d3acb153503f65544b092b5059d848a24f0ac140214fcda0a49d23708e825816a6932f2861ebab03001f7ef67393ec71ae8dd3b754acee47534e53b262204d520eed9b781dc2073ce719fe7aa47ab66ea4e8fbd555bda5b7d65b9832bc0e240ea30c18165c1420107031e9383efab971ebea2b6df6a6d7252c923409215092a9924648c49811f9c6d3c31e3d3a0e1fd92ae9a8a28e49a95a5495998bcb54f9ce3f37741cf1efc6ac8e9dbb472d7343514e16762620b3d4a104b8273eb214e3dd40fe9a2fd397b8fa86dcf53122466390c6c893c7300463f32123c1d63e83ae2b2df2dc24b854b56454fbbb91490ad37c339a930a2f71b0a54f3ea3e3679e7406e3e9bb9b4d6d9259e226970642d535326e3b8e71eb00f1eedbbf6d715e97bb8b7494e2a2937b4a19584d5606d00fbf7720f3ec71fe5ab36eeb41799299ad96d7aba7214d4c91cc84d392ce9800121f0c87254e31c8ce86d17da22de6c570a9a285167a258e775827498a404f2e78001015b29e7e9a0262c375f8a7669e23134263e6aea0aeed9b798f760f3ef9cff3d70fec95c045020a8a6cc723337e255e0e401c7e367c0f7c8d5ba8ea99fe2eae8e9ed72895246a6a79a5955639a7ed8755f7201539048c6ac74ade6aaebd2b6eafb840b0d4d442aec11f703c7cde0633e718e34148f4edd96aae12473d305a8feec0a8a9523d7bb9fc42178fe103fa71aeb0f4d5645556f90cd4bb69800e077c127713c7e2e0f9fcc0ff00d35c2afed26c3475d534723cfdfa672b22ac45b91e718d528fed4ac0c72f2ca9819c9788ff00a3e82cc7d2d74868a68854536f32864c4d54005da4727ba4e79f6e3569fa7eadebdea1ea2954b43dbc7e396dddbdb9ddddc11fcb3fae79d0dffe2bf4c95cfc54a7f68813fe475093ed3ac28dff00e248c6771ed27fe16707fcb4160f4b5c5e0a7415545ba2959d86faa0083b7c7e367dbdf235625e9cac9e5ad325452b2ce7f0c1efbe177038c1938e07e5c6a927da6f4d32ff00f3128ff90ffa369cfda6f4ff001da35129fa61131cff008d941fe5a0bd074d55a57dbe63514e63a5c6f51f100b1dc49c0eee3dff00306d69f6eb229f69bd3be9ccac9938037c479ff85ceb643919d03e834d59d3f537b6b64cf452dcb1cc0eaa64236eef1e7c73a33ac6c568b854751ddaba5a868a8e0af151141d93ba5614b1a06df9f9724f00795f3a03cfd39649411259e8183637034c8738f1eda82d058a8a682de941450b4e1da38560501b18dc70063dc6b19571d6dafa72dfdfadbc377eded2bc82495e46addb176c1db920677fa7e5fae864b3569bcd3dc65a6bb3dc292a65f8f748e631ac42aa2c0418da7f0d7384e48ce83d324b05a25f9ed342f9f39a743ff4d4292cb6484bbd1db682324ed6314283907c1207b1d60e92e155517e792bc5fe013ce0dba38e295463e264ddbc63605da23c87fc9e347ba2d22a45bb5344f58664af98cab52f2b601918a152fc1047391e7df41a37b2daa5f9ed946ffef40a7fe9a847d3f668655922b450c722fcacb4e808fe78d77ee4da98351e0edfdf4114a0a48e512a52c0922f86118047f3d0bbc74c25e2e50d4bd7d5431af6c4d4f1ededce11f7a86c82460fba907467737d79fa69c65b419ea0e8ba2a182e30ad6d7cf1d7530a4659a60c238c6f01538e301c8e73aa9576bb34fd593529ea1a982b2a622ef6f8aa15327b7b3b830378609f438f7c6b5e4e179d79b5fdeae96fb5f25b28ab67a9fc59da9cc2cd0bb0a6dab3a4a07a5b811ec0d93f41a0d1514541d249b2a2ae7a9a8b8d4a2b544a80b4926d0881b628038503240e7f5d57aee95a2ae8f892a6193f136c88573969c4e0f2083b5c7191f5d00b0d3d649d2d1d3efabae14d7e8823cb0cb1b7644b1be76c84bed009f24eacf44d35d13abae2d7079c31f88ef23d3ccaa7f1bf08ef76edb7a3c76c0e3ce82d7f67a9a9a58e4abbd571687b427066445a8632968f7855181b98a855da31c6acc5d394d67b1dc29e7ba573d1cf4e60635128614f10046d5007006ef7c9d50ea559c5fae549153554b357251342d142cc816295d9897030b8c7b9cf8d554b0d5d3f49d74016e6d2bdaa92a30d34ace6a86fdc41ce437a572a3fa680f52f4cd3a7544f5f357d449289c55a52777f0a3262110629eede86c1ce8bd96c90d96d31d041513cf0c79d86670ccabeca0e07a47b68452dbe921fb51b854b45562a66a285a36dd298480ce1ff00c00fc9c79fa7beb598fa6806cf65b64d2979edd492b3725a485189fdc91ab0d6ea3740bf0b071e3d0bc7f96ac6cfaea58d002bb274fda69526ba25be9e27711ab4d1a0058f81e3cf1aef471da9bb705253c023953e210470808ca71ce40c739fdf543aba86bee135963a0a9929254afee19e38849db510cbc9078e49c73f5d09eabb4564d595d2d1d3cef3d45a4c0f3c595666ee26391e180dc46341b134143ef4701fafe12fff006d50a26b3357d6d3d15353ad452955a854a7d846e1b8738e41fd33af39ea4a0ba5aab9e96db4b718a820abf88a6929e29a73bbf072b90de95c771b73023e61af43a18a5fed4de243132c4f1d3889c8e1f01f38fdb3a022b4b48f9dd4b01c7d517ffb6adef1ae6233eed9d4bb63409240dacadc3a9ab6dd7d9da6349f74c1511d33fa584aa5a2de5f767040cfcb8f1ce75a5685b59ab9746fde774aa9aaabe67a2a86129a4545037f6bb5bb7fcc78e71f5d04a1ebfb5cd03b082b7bead834e02348576ab6e1b588230c380777e99d77a9eaca4a796adda8eb8d252452c8d5491663668865d3ce770f032304e40e740a4fb3a73649a816e902f79897c5b6111e0a850420f0e36e4367396d115e8c99e2b8d2cb7cab9286ae39a38e9f0a047ddf9d98f976c938dde34041efb3196d6050d553256d53c0c278864008cc3386f4eedb90707e840d0dadebb8dacf53576fa0aa69e248a48d26455eec6efb77a8ddcafb7b1d68eb6de6b64a272fb3e12713ae3dcec65c1ff9b598a0e81963b1352d6ddea26aa7a58a9964554c53846de027a7d4377f17b680e555e851dc628ea627a680d1c956e5d036366ddc32ac7054378c107d8e8649d7d490d3bb3db2e42a903b3529897b815515cb1f56146d60464fe9e78d15afb0a5c95054d4b922926a46600027b81016fd0fa3fcf43297a36459ab67afbabd654d6412d3bc82158c05758d410a380404fe7bb41a68664a9a78e68f949143a93c704646baeb853402928e08132cb122a03ef8031aee4e82120dcbac8d45fae74bd43b152096816ad687b4aa7bf23b41dddcac5828f61b48fe7ad6bbe5781acc547483cbd5f4f7a4ba4e9145377de8b6031bc9dad9bb3e41c01ffb3a0ab6feb85a8e97a4b8dce826a37a8a596a003b76b940a70bea3f303c67f84eb65112d12b15284804a9f23f4d6423e909051592df3d6a54d0daa7ef1dd01591c203db5c838c64fab23d5ad9060cb91a0c6751753d5db3aa29e869eb28a353f0e452c885a7aa324cc8c13d5c0555dd9c1fe9ab53f56b3d8ae770a3b7566ca20e16578d1964d92323951bc6e0bb0b1e471e34622b5c51f50545cf2af2cf0c708ca0ca042e7cf9e777fe1d708ec3145d335366150fdba8598190e370ee3331ff00f9682a5c7ac692d757511d45257762994f72a9220610e23eeecce739d9ce71b7db39d77e98ea583a968669e18844f04bda9104d1ca01da186190953c30f0754ae3d272dcaaebbbd789a3b6d6ee33d122280cc62ed7cfe71801b6fd4688d82d2b65a39206af92b1a4732b4b22227b0180a8a140c0f61a033a5a8ef5fe21a7d067faa6f12da21a131d750d02cf506392a2b866345edbb7f12f39503ceb8d9ba9ea2e935253fdd93775e922a9a8955944511915881c9c9f97d8719d18adb6455b55473cbcfc248d2042010c4a3273fc9b4a0a18e92e5575bdc62d542352a71b50282063fe6d067a9baba58ad34b3d45aeb6aaaa5efb4b0c2885e148a428c48dd86c1c01b492dec3442d9d556fbadf25b640b2ac882428edb76ca23708f8c1c8c3103903f4d71abe9769121f83bad6dbd90cc1e4876167495f7bae48f4f3e187235cacdd39158ef3575d15477054172233044a577bef3f88177b73e371d06ab1a6c1cfcdaadf167d9469fbf29e42ae3416b597bc0eaf37294da7e005180367764c367033f90fbe7df5a62eabe4eb0fd47d67536aeaba7b7c68af0100b8381bb2acde7cf8438c7f3d05ea77eb214921a882ded30da5023e73cf20f03db5c58f5ccca5a34a081bd94caa3fcb6b7fae9fa13a9aafa8e2aef8944ff67740ac8bb41dcbbb819f182319e7eba1d3fda4087a92aadd240025be7a9350c38fc18e02eac3f52c197fe03a0b6ebf688ac767dd8c0f8fc5f1ff008356699faddc48951050c6db3d0e25006efe8dfe9a053f5e5d105b6226082ba485b7d3761a5efd42cbdb312907d39da482757d3abae6f47593acf6e924969cc94b4eadb64859a5edc5bc67d4a49c96007cbe341da64fb42560626b738f70651fff005e9d5faf436d68687078cabaf1faf23fe9a1f4fd715759d4b430c350bb6a22a797e0c53337715d0b4afddf0bb3ce0ff0febab56eea3ba5d7a520bb51dc2866965929d1d0d1c8a23321452bf3fab05f391c1d05978baf172a8f40ff0046330ff4ed6ab13f68ddce16dbb7e82507fd506af4378b8cd7d7b189631511bcdba6ed671188e328db73fc528f7fcba9f4fde6e154f6782be68a692b2df25648c91ecc36f8c28c67c61c8fd7414e383af7b5bde5a12edc85ee81b0fd3fbaff00ae99a3fb4208b87b7163f36661c73ffed6ba5d7aa2b22e891738e55a699abc52ef484ca513e28c5908392db478fae8fd0cf28e9f8aa24a86a9730993baf0f68b719194f6fdb4196347f691500b7c7dba9b1c050e0e7ff28e91a6fb434c2f7edf201e4f741fdbfee86a8d17da1dcebecf05c23a352ca90c3340a849f88951c2afeddc083f67d7a2c0b2a53c6b3b8794280ec06016c7274182349f68d3fe1b4f434fe087475f6c71fdd9ff004d4fe03ed04295596de7c726519ffd2d6f3b8bdc0ba9e8300683ed0778065b705e0160e09fd4f31ea62cdd7312a9fbca9253f9977ae3ff00435b60b377f717f47d35db41829283af19bd125bc8fd65191ff95f5d416d5f682abbbef4a2463c940fc0ce3dfb3edaf40d2d060fe1fed0633e9aaa2900c7cf28c9c7bf116b9fc07da0d42ef7b951d3b0e0046cff003feeb5e807582bcf575de93ed121b1c10c1152b40eca64472f50db3236301b5486e0293eae7c719074b6f5ea3126e7492839f496007fe8e7485bbaf26fc37aab7c03f8c3027f6feeb453a2aed5971b438b8c958f5d114ef255409132ee456e0271b7938cf3f5d67aabacaec9d435b491cfb51e692961534a447111345109164f12b7e264a7b1fdb9028967eb58957fed4a3723ce5c0cff00e4eb662318d06e9aaba9a9a0a98aae76a89a8eaa5a6331014c815b8240e338fa68e682bac723fced81ace5dfa5ac35fd554b70ab313568888581f612ea01058646e18dfc907e9ad5eb35d416ea6a8ea1b4d44d0070eb514b336ccfe13c458a93e7ca0d00fe8fb674f59ad35b5363b9c1534b24a0cd5092a1505140c165e32079ceabd7d93a7666b852d6d7c1b9659ab2a97ba81e3471ea0fee1006f7fe2d66aa1e5ea2e8bbd565b28cc892ccb2c944a5a07869e188f654ee5e4ee40c547b7a7572b96496e9758054d5abd6c6f2d7d0474c85e9d0d3063223e3326241180338f231a0d0daba4ac5554d2d5da27514b52c1a134a53b51324a1c18c0181eb5d55b6f4ad86b6e4ea9793738a90985e88b44f1c4bdc2e236503c06fe2e4edfd345fa46b2a6aedd5199ea2b69a39ca5354d4c5db925408b924607e72c070385d655ee7475725faa219678d9ae70c7551c11c8b28a646111ced5ddea60c78e70d9d06ae8ba2ad54453e18cf108e659a3018623c2326c031c2ed62b8d75b6f4cb50d921b5cd75aaac869de1684ca91a98d62652abe95191e819ceb1548d78712dca39aec1d65a78692291dc0313caf1e4a37963176d896190dcfd75dbecfeafa8eaacb32d3d6d34f22760b7c62d4c815ca1ee0dcf83bb2172a3217f9e835c16cd57d4d72149728e3bd494ab4f3089d4cb12a96208523c8327b8fa6b8d3747bd18b6fc35eeba37b7c0699642222d2c6594ed6ca63f2019001d0cb6d44351f684285a99a90dbe390e529e5095351280d2b872301463eb925bf4d6ef41958fa2905be4a3fbdee211aa7e2a2c3463e1dbba651b3d3f56c1ce747e2a22b6df8496a259f3198da6931bdb2319380067f96ac2797e73cea591a0cf507465b2dbde10f74f7a4a695f9032d02aaa1e07f806747d95bdb53c8d2ce83876caf235d06753d2d02c7d74b4fa63e340b3a439e75154dbfaea7a0623591ade82b75c3ac5afb512cedbe0689a9fbac13b854277060fcdb06dfe87ceb5da7d067287a4e3a0a27a75ba5ca59249e29dea6598195b66dc2138c6c21704639c9d5793a12827aca896a2aeb248a6691e2837aaad3c92387678c81b836e1b8649c6b55a5a0a168b54166b7ad240d2b8dcd23492b6e777662cccc7dc92757f4b4fa06271ac65c3abe6a6eb71688e5a0edac94f1982463f132f77397419f9578278faeb658ce83d3daa9293a86aebe59626a9af7431ab2a870113042fb9f7271a01d275a53cdd3f35da929aad604923559278182b0670a580ce4a8e79ffa6bad475b5b29eeb5546d1d56699256698427b2ed1a6f7457f0580f6fdf53adb0d2c3d16b67a8ae5829e248e335126147a58119e71c918d52fec7fc4d6dc775d164a499ea1960588168659936b92fbb9186242e07cda0b9fda812c36b9968ab2963afaa14ebf130e081b490480dc6ef63fd46b9dbbaba3adaaae8ea682aa9169ebd68a39258b0aecc060f9fe238ff00887d744ebecc95a96e4ee320a19d27181f36d52003fd7412f3d33573da2fb4a95703c172984ca2526234be37b8719248da187031f5d014fbe229ba5e7bbd302d1ac324d1f738de141c1fd8edcfedacc5b7ed46dd556fa9b8cf4d3ad2532d3879234ddb1e48cbba9fa042bb4febc6b5f3dba9ab7a6e4b6d3308e967a534f1b4782110a6d047d703c6b1776e88b25de8e47a3bd5153411834ee4c51cd12314643919003ee7dc0f907f7d06aa2bb4f51d4d556b8d5a244a349e295d032396661907764818e5481fbebbf4d57d45cfa728eaea9a369e54f5b44a5549048c819381c7d752a4b32d35d12bccccf22d225215c00a42b16ddfbf3aed66b5ad9ecd4d6f491a45a74da1dbc9e74170af391fcc69c818ce9ce9b41cd93fa9d2c6df3e3ebaeba7d044313e069c6969f40b4c4e3489c6979d020d919d3e969681696969681696969681696969681b402f347049d5bd3d56615351149320971caa189b233f4240d1e120fdb51770a85bc950481efa011d5e037475cd0ae4340cb8fdf8d65ed95a57ed1a78a0bccaf24972992a2dbbd36a4429d48936e377cc17d59c7ab1a2963eb35aeb2fde1747a0a78da3126292a1a7108d9bcaca768dac07b7bebb3f5c74ec125548d2c91b53c6eeee699d41daa1ca824619b690db41ce3407a82ba0b9d0c7574c58c328254b2953e71e0f3ae779a686b2c95d4f511096296075743e186d3c684ff6dacebd9573548efbf7c6d4cfba00857264007a146f5393c61b3e34d4fd67432add1a58aaa016da95a760f4ee0c85b6ecda08e4b16e31fa1f0740a8ab528ba52d740038ac9eddf831a83925225c8cfb1e46bcf2cf2dae15a6fbc2a286aed6ab177aa56158e212fc349889d4705d73c13eacb0079c6bd02a7ada8166a586956692496585652616db0892531e1cf856dc08c1f7d59ea0bc55db2a6829a86db1573d5b49e8925ede4a26fdabe920b100e3381e9f3a0a72cf5f41f65914ccf2c55b0dba2ee3e32f1b6c01db1f51c9d6605ea1a8a9b6db60ea7ac8d1ae2c696ae4a9c0a8a75ed97058ff007a4b928bfcfe9ad853f575bee55a28a88ca2691476a59233d92e63ee042c3f305392bae34bd48ff72d9ea6e10c4951575428e6eda3944937b210300e3d6303271fae80fc35d4d5357554b14aaf352955957f80b2861fe473ab2359babeafb550c7de6323970d848e325d9965116dc7f16f6da3ebaeb07585aea0522c66a1a4ab56748d69dd98057d8db801c61b839d01fd3e81b7555ad2df2d67759a18e08aa5ca46cc42499d870067271e3562fb736b3d96a2e023eef600664ce32bb8671fae3c68099d36f1acad3f5eda6547799a48d0c842148d9ff0c2a1ee3601d8bf88064f1ae945d5115cfa90db29e197b4b14cddf78caac8d1c8a84a37865cb11ff0e834fc1d2c6b2f70ea69e92ff252c74426a58040b2c8af8903cce5515571861c73cfbeab50f565c3eeabbcd73a6a7a7a8b7c2923a42ed208ddd0b08589032e3d39c7f18d06cb4daca2df6fb1de63a1a8b751a3d5232d383336edeb107676001fc3de766473e38d461ea8af9ba54dc1a969d2ae7abf83a348dd9d263dcd8186429dbc337fba33a0d769b596aaea2ba0afbcd253db6067a068444ef310851c12d239c7a428078193abb62bf1bc74f52dc9625fc70dfddb6e420315dca7dd4e323f4d01dd3675ce37deb9f19d4f40f91a7d732a34e338d048a83ae6d85604ebaeb9c830a5fdc0d062697a1a59fa6e4b1d7d5d1c96e988dc69698c3248bea23736e396dc55b3fe1fd75c9ba22e1768ee74d74b9c069aa6462562846e790d2ac264ce781f31d98fe7a1b53d6496dfb2eb53daae14e2afe0973209a20b13243bcab96c8078c6dc64fe9aa0fd5970a182e7596fbac124f532cccf4584cc38a657ef03c90032fbe570da03b4bd1d5561783e06f96cb655d434b0fe1d0ac68eae23e238f7fce3b59c92dfb63456e9d295772fbd623554c69ab2a60ab8d258598abc7db043fab0ca447e063e6d06b7564f72b150495d51057bc57b8929e71324e40c8ffbc45552dcb0c81e38d18fb46bb55db3a2eaea6df34b1542490aabc51191b99141c01fbf93c682bd2f424f44615a5b9d3c5097a76a88928d5164ed4ed280815bd00ee23df46fa82d570b84f6ea8b6d5414d3d1cacfba788c8b868d90f008e7d59f3acf74ad555258fa529ea6b9e29a7a4777a7a850d2cd845390cbc2edce7f66c79d6c96a0a79e74193b37d9ec565ea382e50d541247180497a45efb308845fdee784c2eeda079f7c68a0e9d74b253501a8cf62bc5697dbe7f1ccdb71fcf1a3a2a109c1e35d7861f5d062ee3d0905c24bc93511915f510cf1a4b0ac91c46360e5594fccacfb988cfe6d11b0f4cfdc2202b2c4e61a530048a110a64c85c90a385196c01ad185039d2d0647a7fa72b687a62aa0eff00dd970ad99a62d11130a75dde88d491860a8a17c68edf6d4b7ae9fafb617317c5c2f1071e5091c1febce88e9683cf2afecc51ea525a7968dd7bd312b550b388d24746f400c3d4a13033c7e9a3765e97abb5de7e2a4b8a4f491c73474f4e21dad18925121dcf93b8fa71e06b51a7d0656e1d2f5553d41f1d05c123a790c324d03c5b8bbc24b464367d2b92370c73b78c6aad9fa4eef4d6fa1a4ba5c69eb447562b2a9e389a3695802dc924eecc9b5b9c602e35b1257779e74ffeee83354fd3d748bab2e37592eb0cb0d5276a3434c7bb0a0518557dd80bbb2c78e4ebad0f4fbd24d6488ba352da694a201905e62a137e3c636eff00f9f5a119f7d3e83375d60ac92b2bab6df72f83aaaa681958c7bd57b790430c8dc1831f71ab963b41b459a0a392513bc7b9ddc26c0eecc598ed1e0658e068b9d2fcba0e6b1ed5ff00a6a58d3ffbda40682207ab52c679d3e34b40b3a66215493e07274b601e34fc91f43a0c047d534df74bbcdd3d434f1ce90cf0a4f511a4524720728cedb70a7087839fdf579fa82dd41595129b2c4821468e4aa88260c820ef18f38c91b07cde354adfd175d6cf88960a7b27c44bdb061ecb0865d824f5b71e96265cfa46078f7d4a97a26eb490474495b47f0910ef2cad1977ef7c2f63050f053f379cfb7eba03fd3f7386f7644a98568c45b8ec14b309907f30000dcf231c68652750fde135e61f808e64b6170512a1249a56462398b036e48c824e8a74ddaeb2db0d5357bd2b54d54ddd22910a448022200a09fa26754286c15d15faaaaea3eee8e129511c6f4d11596532bab664e3191b7db39f3a0af0f548aafbb655b68293414b34f2338cd3fc49da800c65b91cf8e3456cd79a7bdd75d29e9d1b6db6a053349ed236c56247e809dbff000e85c1d215d03d0c515740d4b1c149154e51bb8cd4e7721439c0c9f39d5ee94e945e967b8471d5cf534f3bc662599c332aac6abe7039241d055bbf53cd65ac9be2adcc28977ac72897f1256588ca484c636f1b7767cea8d575dcd6caa1473db228ebd5996581ab1546008c811b11f88c44a30bc7beac5c3a52ed74bf5d66a9aba3347574ed4b4fe8732d32151e39dbcb8dcdc648c0ceaadc3a32f170792a65a8b64b575a9245565a16d91ab76c0310e4ee0b17e63e7405ec3d5c2f97baaa28e9e08e183780e2a51e5cac9b3d7179404838cebbde3a94d9ee90412d2afc34ae886679b6b1662788d31ebdb8c9c1e06a874e74cd5daef52cf50949d9884c90c908224944b377499323c8c01c13efab77db1dc6ef74a65f88a616d578e46578c99a365249edb781bb8073ed9d00baaebe921b624ef45050cb33c46335953b621148923a3b32a920e2260571c1f7d5cb7f569afeaa92ce9153388c94678eac190111ab96ed919d87760303fcb5c697a62f74f0a49f176e3550ac50465a9d9902471baabe339df9909e0e31c695a3a42b2d77ca665a9a792db48e668fd07be5cc221209f1b70377d7c682fdf2f9259ee76ea2482195eb8b8dd2d52c0142941c647a9bd7c28d0487ed0e692b6a6962a1a79a5594c34f1ad57af709c438986dfc2c93b879e3463aaec55f7aedc74cb6f78da27859aa909787732fae32079c2f8e39c73a08fd057111d6a89ad73a30758125a5622557a813113f3ea23180c3183ce80952f57d554cb49bece638249569e698ce311ca6468f6a71f89865e48c71eda2dd4d7e83a67a76a6e932348615f4429f34afeca3f7ff00fdd676d3d2178b65ded0cd25b26b75046db6101d3b52c8eed23a2f83c36d5cf819fae8e756f4b41d576934b2cd3c134624304914ac9b1da364c9c1e4618f07415a9faa659fa9cdb8d005a5350f48951dff005995231230d98f971919cff2e75a80436b1d4dd1d3c5d751de6434261801ed4ab11f8a93f08461647f0c07a8e7c9f4fd35b1c681f4da5a5a058d2f1a7d36816969b9dda6078ce0f9c6825a5a5a7d036a0fb8b631c6b3f43d5d4f2d2dc6aae707dd14f4352d4c64a8950872be48c1d5e7ea5b2c758691ee94a2a161f88319906eede33bb1f4c73a02283d3fae753fae3ce85d6f505a2d95090d6dc60a77965eca2c8f825f00e3fa30febae978ba0b3d08a8f8696a59a58e258a2dbb8b3b051e481e4fd740471a5acd50f57c552b89e8a7a59c3431344cc1887799e1232383b590e4eacd8ba81eed056cb534125b9692a5a9b33488c1ca9c12369e067eba03ba5a5a5a0e4e5fd8f8d3890ff0ea78d2034102fe9cfbea2252cbc79d74281b5158d55b2340c19f383a98cfbe9f034fa05a5a5a8970bc7be81f59eea4afbc5254520b6415322b6eeef6a95661e463399131efe33a3dbf48cab8d0647efbea04a8b9ab51cfb2039a726dac41f5e3da5cbf1cf007d7514bedfe4aba087b122ace15a53f754c36faf046e2fb5381f9bf7d6c83e5777b6b3d5bd696ca1eaa8ac0eb3b554a9b8bac64c71938da18fb139d0034be756416d9259296b64944aaaa1ad4bbb6ed6cfa167e79039ceae35fba816be784d348228e0322b1b5ca41611e7861260fabf2e33edfae8a74a7511ea6b4fc7f669e156236ac354b51c150d862a3d2c33f2ea8cfd77494977aba49a927ed5319104a8cacd24881494d9f30ceec03e0e809f4e54dc6a6d664b9acc27ee363b94e203b78c7a43371fb9cfe9a33a1b65b9bdd28e579a98d2d4432b432c3bc3ec61fa8e0f041d13d036969f4da0c04bd3dd4135b6b43d0d28a93729aae1ed573a3ec742062409e96e70410411a1d2746f53c95cf101471a4b4c55ea3bc4c2d27c308f221dbe83bd7e6538dbedaf501a7d07995d7a37a92eb57535f5494af25599236a7a7af961448dd2103242e6403b472be9ceed6cfa8ed32ddedb152c6f2205a9865731c8637da8e18ed61c83c7d746738d2ce832cdd1b4f15eecd5148162a3b7870f06325db964624f2486663fa96ceb9515b2ee966be53555ae86679aae5a8a68e49cbc73067dc037a46df03ebceb5d91a89917f7d0487cbce9f4da7d036a0255dc41d74d73740cc3413043696b83b84fdf4849bb8f73a0ef91a5ae71e777e9aeba0e6f20f1efae7ea7f3e3db5d8a06d3818d07311e38f3a818f6eac69b415c82bf271f5d617a97a5aeb71fb40b2dde84d3414f000b5132e566455392a08f9d587a76b7035e82506a063fae831d66b45f6d90d7cc896882ade0860a68e9d1d206285bd6e3d890d8c0f1b7cea9ddfa2abae3d455f534f1d042b56cd30ae191520fc3f6844401ca6e0afe7f2f8cf3add0034b219b86e7eba01d61b7d6d1ad64d70783e26b67efbc7067b71fa154004f2785ce7eba33ae285b5d3d58d04b4da590350908db8d04f4faa61cab71e35dd27561cf9d04d813e35cf6373aea1b72e469683988c379d4c205d3e968169f4b4b40b4da7d2d073d835ca68cb78f6d58d3637a8d0422c95c91fd75d34fa5a06d3e969681b5c66aba781374b3c51a938059c019d46b69be32827a6c85eec6532c81c0c8c723c1fdb5905e83d94494bf1b4b1f6e47937416b81725828f0c180f97938e7f9683602b29999956a222cbf300e323533227ffa8bfa72359293a2fbb575f2bd6c0c6b015024b7d3b04cb06e4edcbfcbf9bf7f3a74e880b576d9cd45bdbe0b1ffe5710270e5bd27f279f6fdf41a34b8d0cc331d6d3c8a0e091229e7dbc1d748e48b3fdea67c8e478d650740016f92985cd0ef9164dcd6da53e0371b7b783f3793cff0053aea7a19be3cd4fc65291f0fd80a6db0f1f87b3390338ff000f8c71e341a17b9d02b735b4eb8254832a8e4638f3e75741ca83ac80e834343053b5c1310bb3e050536c390060298ce071f5cfd49d6c00c0c682047abfd3597bfc333f535948b95753c0e64df04328447d885c13c67cf1e718d6b354ea2dd4f555b4b552a665a4663190c46372ed3fbf074181a9eaaea0afb23cb4d4d434d354c34b594ac247204534bb42b71f378ce38c31d158faa2b17ada0b03d1a491b2f6e6a883b9b639c47dc2992bb71b7c0ceed1583a2ec54f0d6430d118e3ac0ab22acce000ac5942f3e8c1391b718d24e8fb52dda9ae4ab52b574c432b0a9930cc1366e61bb0ec57d258f24682974dcd534dd3e91d22495816e3341f8b504b2462a5d4b6e6c96daa3c7be35acd0b96c36f9a8a4a67a7cc5254fc5150ec3f14387dd90723d433c68a0271c8e740bce9138d2d2d02d2cea1cab63db52f9b40f9d3e9b4fa06cf38d3ea20ee63fa71a7ce81f4b51de34fa07d36912175cc9dff00a681cbfd3f9ea3f379d381ead3e068238dbcff003d7997545e6b6d9f6b36a8cdd6514b3c491a5242e320bb6dcb21f9812a7d40ee1f4fafa8e03686d4d9286b2e347709e96292aa8f776257505a3dc307074191e80aba2b35aaa28e5aab41869e082a64aca125623bc15fc42c4faf299cf19dde06825f6a2b6dfd5179ab156ab189a4a769229dfe2361a65971b0fa554046c30e73fccebd2a3b1dba2826823a1a648aa0e6641128121fab0c7abf9ea66cf6e7b89af7a1a76ac29da350d12990aff0eec671fa6805f489a68e1b9d1d1323d1d2d63240636dc814a2390a727382c73faeb49ae14d4b052532c14d0470c49c2c71a85503f4035df40b4b4b587ea9bf5c283aae9e828aae60cd4eb2c549153893e224ee6dc3360955c7939181a0dbe981e75898fad65bb43d454f4b4c636b7c0f3535444e76cca0baee0cc98ce53d832feba94fd595b3dc6822a1a26107769054cddd5f49986766d23246181dc0f9fe7a0da92174b592ea6bd5cadb78b67ddb00abeec550658259bb4855155b7670dcfb0ff7b562d5d5d15cee70d02533acafbe4209f92211a3ab9fdfba83f7cfd341a5d303fa6aa5b6ae4afb641532d2cd4524a819a09b1be33f43abba06233a58d3e96816998e173f4d3eb9cb92bb7eba071f264ea2575d34b0341c323dfcea41cae7df523182d9c6a213fc3a07f9b4e134c23fe5a704ab63db412d834b6fab4e34b1a06d3e46911aa94d574d58f2ac32f70c4db5c72307416801e469f4b4fa05a5a5a5a0a725436b3f72bb5aed37e82a2aab3b55d5310823539394127938185196c6e3c6b4e29e35fcb9d65eef34d6dea16963b44b701594f0d3c4b1c7b9372cac5f79c61461c364f9dba085074750db5eb4c0b58055c2d4ec8f333a471b3162a8a78500b1c634a3e97b7565ed678aaeb2396824877c08e4445d1018cb0c7a8ed61ffb1ac652d9eee2a2fd15550dd112778e79b6522981e40d28902206ccc877c67921885fd31a2760b65c33437596d95d45591d5522b23173880c4b130c127dd7736790319e46836779e96a2bef60d4c9531b41bc23c13b44d870030257c82069ad3d3d1db2f15f5cd28964aa58e1880882762140764608e4e0b1393ff4d1ed2d054b750a5b2dd051c524b2a408115e672ee40fa93e4eade969681696969682323ec5ceb8c1b9db71f9478d4a6f59118f7d7551b571f4d03e96969b1e3f4d02d2c6969f40d8d2c0d3e9682241dc3078f71a969696816a380b9f03dce9dced4275e47d4574aa83ed526a292ef3082b291a08a9e397887746065e32395c92fb9493e93f4d07adab02320823f4d4b584e85b8d05bacd51486a2d2b4f4af09f88a01b2091a55000f27d59c0f3cee5faeb2f553cf49d4772927a88d69e6ab9e09da099c4ef18963722404e15447940571c37eba0f61ddb9410783efa7d67ba36489acd3434c14d2d355cd153b2f28630e76853ee0676ff00c3ad168169b5ce49197c26754ea6eb4d41dbf8ca98a0121da9bdb193a0bf9c7b1d3ab03e0e75429eed4559532d353ce249a1255d790460e0fb7383c6aad45e6d745758edf3d6c1155cf83140ed867c920607ea4680ce9f5449756fcc35133b2fe66d010d3687c357df891e37de8e032b0e7208c8235d91c379fe5a0b591f5d42599635cf9d51f8e85e792047532c38debee991919fdf5d691a2a9df206de63628c304618791ce83bc4377e2e305bd8ebaea0c9eac83e7cea407f5d04b4b4dae2d346b551c0c7f1240cca30790319e7f9e83b69f510834e31a07d2d70a6a98aae9a39e06dd1c837292a4647ec74e93c334d2c68eaef0b05703ca9201c1fe441d076d2d31d7194161c37f4d0762372e0fbea84b65a09ae70dc64a58dab608da28e62a37aab104807f96a2eedeecd8d707abed4f1c467c3cdbbb6bf5da3271fb0d0598ed16e8603047470470b3090c691a852c0820e318cf039d2369b71ad9aa8d0d31a99d7b724a625df227f0938c91c783ae49de95b01f3a21040225fab7b9d028628e08962891638d0615540000fa0d75d7369541c79d377d7e9a0e8718e75e67f69b4b5b5b77b3c347016491fb4cdb885cf713d27039e3f2fbff2d7a365a5fd0681de6fb35b6a6b228d22c4144b50acd9277172b8fdb8d0657a0acb71a2eb7bbcf5b4ad1c488f1891f765f321c63d38c607b13a3571a5ba7f6cee3594552618a2b7c216330ab0a87cce40dc7c6095f1a183abef51d4cd1d556dba8b75488585442c8d4396931bc16024521410e08075d2dbd5376b8de2dd4f28a2114f0c6cc0a329a90436f9616271b4100ece5b1ce807592825ab829fe169ae34b433cf4d2542cad244cee2390ccdea3b8293db07d8eb6f510c735b64a3dcc43446318760d8c7d41ce7f5ceb8dd6b92dd2c11c74d2cf3546e2238b19daa06e6e48f191fafab54fefba6a790f712509bcc61c2e43b860a4000e7209c78fae802daec9056dbba6a9615ae16f82094cdba5951b7854c06c9ddc36e2078f4f1a050545dbef8ba1b87de70524f2c3255431c33a2c6bdf9158236496caf6b2531c6bd2ed5748ae94ddf8525084edc4a9b5b3804707f42354a3eafa431cb2c94b54a102343845733abcbda564da7ddb1c1c1c368331d394b721d5b0ce696b66b37e1046a9de2a11fb6db1df3f32053b707905816e46af7dcb399851f66b62a25a9ae94223ba82081b390738249239d6c4dc512cef719e2969a38e269648e4037a00093900f9e3ebacf5c7afa9ecf6715f73b655d12f7d622b2bc40905776f5f561f8f65c9cfb680074b5c6a27eb1a3a3aa9ab1ae085deacb54650a88576a98f764104f92a39f739d14eb3a69e5bd42eb4f59330853e09a1562b15477465988e178dbcb71853a2f17c437595d2943c489250c52452a42a2489999d4e5bf37c81b9d76b0d5545c7a4adb5b58fddaa7855a560a065bdf8f039f6d073e9bb6343257d74ed51f13515738ccb2b30ed895b600a4e00dbe30343babe82b1ab85551413bcdf75d6c65e1cf9daa635fdf7138d5da0ea0f86a9bbade6a28a8a0a4aa48617dfb54a346acbb8b7e6cb1fd340ee5d755149d4b32534b1d5d12460a44b0b6d914c2ee1c4e0ed0c5d7604c64fb68055dadb576c8e78de2bd4b6c8e1ee1f8796567151d8e1f39cedca9cf380de756ba75ebee75743475d4d5d2470cb546a6695196278de3c22863f3021b236f8d1393a9ef0934d41b6867a8855ea59fb6db268446ae111776771dcca1b247a09c7b68ad4dfa96be114363afa1376962578a1770ddb538cb1553eca7705c8ce833f6bb3cf514dd314d56b591414d432b491895d312068760720e4918380754fa8e8ae32c5778a14aa7a56bb4134a9d992a43c66052f88c302c9dc232aa75762ea0bf350d25c1a7b7bd12d60a36610b6eae635262ca0ddf86368ddf9b3fb6af515faa68ababa0ea3a9a1a75822866df1065584c8ce044c493b9b0a3d4319fa6833362a3b953754595aa29ae33bac5147bea29dd4451f69b2c24572aa01e0c6db8e7df443ed36e505252d28ac592a29e586a80a749bb7be5d8bb0939190327819396e01d17b85faae2ae8a7b7fc1d5dbaa68279a9ce486967400805bc04233a0b41d4f5b73b34b5a168abc50d753ef9a4a69203d87084c891bf3b86f201ce0ede340ba5e82ba1ea088d45beb63ab8bbcb575522b76e58c851080de1b181c0f9769d19bfd9a8e5eb0e9cafaba29e768649224922491846c42ec2db780b9cf2dc68bd1d557275856dbaa7b0693e1a29e93b6843fcc564de49e4e76e31eda3d8d079ffd9ed154455d348d69acb77fb2a2d5b54a6d15353bd8b48bcfab8fcdfe21af41d300174fa083a06e7dc6b811b0e4f93ab27c6a08a79cf9fae8258e78d67eff00d34d7a9c4b156b52092234f5004618cb1ee040073e96073861fc5ad0e90d06617a313ef415735caa6a1627dd0452221112993794ce32c0fcbc9381aef71e9b92baf34d569729a1a58648e67a408a559d09da413ca71c1c791ad0e98e800d5f4f4b396923bb554353de9258e6daae6357500c6030c6de01fdf559fa4508ed1af9de30772eec16490a8058379e48dc47f11ceb4cff002ea29f2e806d96d1159e29218a4924491c38dfe170a1703fe5ce85ff0063236966dd73ab78882b0445540a7532aca402064f2a00c9e078d6a478d3e839cd12cd03c520ca480ab0fd08e7591a8e8233d0474ed7fb8178476e1919623db8fb4d1ec036e3956396c675b2d3680651d99292ae96a3bef23d3d20a4190007190771fd7d3aed6fb7456db78a4849280b919f39662c7fcdb570e9c6805c56c8a1b9d5d57ced54230eaca0a8080e31ff0036a85c3a4a96e5741572d54e903189a6a54dbdb95a3cec278c8c67f2919da34767e3c71a8464ee6e7419a1d08123df1deab96ac6d8c55158cb08429411e36e31827d58ce79d17abe9fa69ba667b2d34b2d0c32d3fc30969f02445dbb4104e7900632745c78d3e83207a226592ced1df6a93ee9564854410edc1c0185d9852146d0473863abd60e9c96c3515d2b5d27ac8eae579d9658901dec7c965196c0c28cfb2eb43a8bfcba0195f64a6bacd0cb505f11a4a8141c65645da7fcbc686d1f46c34f6faba7a8b85556495421479e5081b6458dab85007d79c67d5ad30f1a7d053f808bef7371c9eef67b18f6dbbb77f5cea5414ad45410d33d44b52d1205334cd977fd49faead6b99273e741d34b41ba7e69665b8f76579365c2645dcc4e141e00fd346740da4071a7d3683fffd9, 0015);
INSERT INTO `expenses` (`expensesID`, `expensesName`, `expensesAmount`, `expenseDate`, `receiptNum`, `receiptImage`, `employeeID`) VALUES
(0000005, 'Special Paper', '250.00', '2018-02-15', '083019284C', 0x89504e470d0a1a0a0000000d49484452000000a5000001320803000000ace1e0a70000010b504c5445ffffffded4d7f1efefc5c5c5eaeaeac2bcbd918f8ff5f3f3cac4c54e4a4a000000e1e0e0888382554e4dbfbdbdfcfbfbd7cfd1f8f7f7dad9d9ff00653f3634989594d1cfcfe9aabbe7e6e6e5dee0716c6bcec7c9c6c4c4a2a2a2dddbdbff0061b3b0afada7a87d7877676160e3c6ce7e7a794541404e4645aea8a8605b5cebe3e6888888a19b9b110e0e6b6667aeaeaeef8ba82c2827333232d8dedc3b312f857d7e2320202b1d1bfc367a2726261a17173a3a3a5c5454ff0058ff0a6cffc9d8e2edebe7507f312624150805f77ea1bb9da4f94d85eedde2d4b7beeb1365f55f8dfcd6e0ef8faaffb0c5ed9fb4fcedf0ed0058a18389b7657bd04972be778ad492a4e2b4c0d13367f66c9633434cc800001cbf49444154789ced9d8b63dbba7def61880f0904098111510a2219902c295282a84ab39463894dbbb8edb6b65bb7bbdd7bf7ffff2503283bf639278e1c5971723a7d13d17cf343bc1f3f8000fc42049def5421790419e3ef55e60325b3beb59b3da190650f943debf502d797c9e00feb17ca97c9a86d48efd6bf634a770cef31bf63ca41ff0ac2c3fa774d695ed987f5ef9cf2cecbbf734afb90017de794f0e0e5df39e509e1924e6c320161a872ff7ea877c0c9a49f004f65b8c6188c757c1cf7873a24c1a11c02a70ad2ab104c885d4d4ea53c215c42148f11707368203e626a4768a1dcb3b6c8f4d05666ea4e7d94eda40a4a6cd56cdbc154c67943d6c5763065a7527eb98fc30f4585e02df2b94b82c373d75538621e6ad3f1cd280040ee495c7594a1b95809409a32da5f0f0c991db9f53929af770b24b66bc13938780559578eeb0fd1ce73d648513a3bd91d48f6c904ed2c67c677ab056a4850bc26255aa01c7b417d5f10d094d34794c0db611d3cfdb53341a8cc25575794af4fb958eca753f71165983fa604210f3a1f77268b554aa1a27c75b7fc80105a58d56a97d38add5142d7eb2fda80ad571621e60072aba364bdedbaa344a81eb0f909e9dda994765e0eca9641eed5bc3ec49ebd00a2bcae86d36b2b2803ab2a792ed4eec4cdf37453cb6a5e96b5c02b0e5f8f1238be122509703c76c8ba220350e601c23cea789e07d9e180da4e4818315f5d1152da73be1cf29794f7fc9d507a3c34b13fc9866add09134828208050b53c24955dae474c93e86d02c24977a03b184aa6f6ded5a79dac4f0005a10f546e4abb003a96c0cc53270b662fa574729e06586e72576d609c79290efbc361608566663b4bc7fce0ab03d5d4f2d28d2da4534ce1642388251587184c9314dfe58ab59b0a3f2013315b34366ef555fed6961b184fa7e2c5940d9f1896c8f256b989855a3c4592e37480b37a20aaa93fb94ed4590d57717c57b56e6ab906befd00af97eabec2daf4cb223cdca837951bb19da5819d55fe0ea57a5f3e8b7281dd33506229b38a60962bca98d7995b568b5155ba2dcfb1590152ebb3829ce1294eb1a8ae1a8279ea60edcfdea611f5bd6f7a5999cf1733610129fc725475ee0bbd389bd6fcc594d072cd697b971b4ad30a0668dcb8c37d3eb65062aadb37fa79b3515ee5d3e1c6ac603b94eedcc1fada68d5901ac27e1780272810dbd12c8ac1841bed75179c03db740b739a7d2e857a661c57f1c4b6c1ec63a35297100eef56c07d2422c03eb89a8a2df0f1a980da8f367eb2f60cfd3da544df5a275092241cff74df4c872ae2050f81cbf958240f05a19ea156a08ca90c420f875131eed75f50667f9a925c9913d905b32b25f514389657a93a13f24af483a10f27a674889c00df04a3461f984e250cfc500e491505a3bbfbd8cd344edd42855c91b5016f8bad1564d3a0cef0f38b1d9fa1fcbf6fdffe563bc1af7fab567ead20fef4f6ed9f35ed87055eb819cedd12b978b09e0c5cd272da9539653dcd0217a52b99ed6ec4c12939255870a34b8786914ac07895a3ca1d65e7a17cf3e73f00f0fbfff7fefd9bf76f1425fdd73fbcf9c77f5030e5bab8693146391fe5adcc854a4484be144edd2a7737b246d2225663e1ae9e1fd63d1658b5428af82a1da5933ccbb376eabad699dcf257eacfaffefdedfbbfbed1948af86d47a9d2edf2d632db1497de649b276908fabad4682b47c4b71bebf636c92d0ba799a9ef4bad95886e37caada3c1485c7333df8a6064cd6f25fd19cd9753d2ffea28ffe9877ffbdb5fde1e28c3cec7556d8c86be410ddb1feac207504e46baf6798741c80c9838c049a06187877cd1f6294db4bb519610c7b1c38440c7b6fd2f280d7f268effaaa3d449f9efdedc53fee30995e9c7faa2b4fc4147dd52cbf9cfb78fddf291588b6dc3c20e904dafdbd1cf3c6a6638591638e87c34b1c25981b9b4701604d80d4ea84f3c235c6afdeecec78d2e5c3e5238c035c76e517b7babd52fe0a3b89e0f544ae3c6bd5ee770fd5dcf8e4499455e5d7b513a08cf4ff97bfa8892d8bfff29254389401f04bcb99e93812e2d5a08040503028dcc3b1c9b7bead28d2aa44955469ab867764bfa5f6f7ef8e1e0c1e3ffafd34bfb0f7f7af3131f379a726f596b77c4d67c64f28c47fb6224ecf960deee6acb533b6636efe93e0606e866a9de029f02f9d9d8a312ca7b28ed79f67fbf7fff93d803b372c7e5685d8a6d790dafae66feaadd796036e599cf76c35978a5722ae5969ef2687fc50041deb9299f21867c819007d748d28f3ece7d55661770b84bba17519404c7cac3331548cb93205f48e994325bb985585bae57ea92864051d68e181e954b73e177948d00762b54993c5075a6e65b509249ed323f57f1877fd06d4280ca0fdc09daa9a8da36e8ee6a074cb9a70a28bac7334dbf05a5ba5e173f54c603c34372404208681812123a7729b8cecca1fad9ea04fafc4cf1ac94afa30be5f974a13c9f2e94e7d385f27cba509e4f2753268ce92c5c977b20633eb099cacc7d7ad8643e513546c620e8314681a1561df5dfe88ef86ac9beac9a762a6552e48d04341e798006a3b2f5fb0b03f44687d2dbbe6c7c28f7e59a39759347c6a62cf7628d62819a26f3f312edd65f56b13895b291f6709ff8d9a606fed40b4566ae20605ddd4b7cf0c3545eadb4e9973bb6456eeed52a1035f546945645c25ce1bc8e5b5e07ba9096c560ef3999f27a9badcde1a186c8dafe30e31552371d2f86801ad55a334d6ae2dd021fb7d41e7d69bde24b296384bafe6ddd030e0cddffb907d10a958095bbdda2eddcd2dda2063a6b74eb393bdd5e3c4468eb8354b9e5ae45b901e048e85b84355a3d13f74b29a17f6839d16e99845be9e13d701247f2feba9f1cdc524ce5600292ad19d9f67606ec70b233551412ca2d51d7ee724709423f79a6c79feae3b584c3e9646080e1dec845229afecab80f97233f6d428684cfc6a3b121b26a61fa2c4c6bdb438737bda37cbe4ea5f4b3c1da0a77aabab805c176350823a4e2f8ba8be3ef6c98598e44ab5de4948391083768b50d7648567794ef5e8b1218a1aae91814d8868a1fa101888a42d4e86a683a32a91da13e230cd53e55110aa1fa6fdfb577185f5afdf93bcf7b1e049fe132f6894d82777a06a52fc4a1eb8155c08be304d8228e0f79871f8148361100cb3856fecce2b86b1ff497f72fb05cea139320abd45288aeb5c388634f45f9388e23bd19a9150684aab52f9f6c8f3b4e199a9c57dab91c1c098c2d49a2b9c5b9be648c875e66e12264199e66940556b60e75dbd5fa9e32d30d1c0eb72c3ea18273a19c34acf066201c94e78bce06a519595640afb3718a7ed641f37c4a8c81d3ea46ac34009900f6fecaf54875a3dd688e0196201cb041655bc8c605f050058c6abebfbf78b655e7f55b000aac9bdb5ca10d7840d872d355afd0b5747009ece6aa5cb8357ab28bfc19945925cb1e2016eabab3ad75bfacfa5c1717f2b5f2321a4aeeeca559233bcb9c4c51a6adf99172b8f36d7573c72c4dcb15621753aa124debba519e93ba5d80e6413f28cde914158b17501a92d7888110eb504483b584235e5f2937823cd4bd39e52005256f64691783cc5c57d1adc06bfbde2d77432c6dab1c64d48eb98b3c89c542622ba7e0d0fca528f3c14080723e173757a753ea9e3b610399eabe1087f8ebabeb2c513e492adddd5c48a852bf7dc392bd5d9402eca51c0c56dbe89e729118aa5464770929f162000d6f84c132a734b30ef19e632324a0ace86cfb02b754e1aad27d35fa1659351e67e37ce399bb99d4dd61206b22cfa36d26e4075be6225a982af90ed6f7098f7a7262c47b750e03a45f1110aa725b1cf182d03c3e9cc23be32ef582f04594c39d8a3bebee98912394027f8090191e8a5fdae00af5c03b843c606384ba064ab9bdbf7686263c90fa9c0cf823456a71d847a854657b571e4ec973bd7c1780040d5fe296df5e17caf3e942793e5d28cfa70be5f974a13c9f2e94e7d385f27cba509e4fffdb28c327ea0324b13f7de00bf4694a886f56abf8f179d5ee662eca9b2dfef123971cccb7ab1b17f8e5ae6bf61bee752b0b910ba90e6c252172b7e8ac73b21386481da124b810719300919ac08c3a3b55ab74bc4532ac7e64e9c75c7e35c2c22deca9e9c72e20e3e6d0fbe0d4d20afca1e5a4dc4f5c1310b1e3e0743d4599dae1b59804814870d1ed9e34c0bb0620ae1f51326dd69412ca2b2a28884b90f06ad55557e9268d7a603c305904c84a00afc8ce4f696ff22ce7509bd10677662bba2344f9699c13cbbfbfb611b2a180ce55fd1fcaac34a915cc760eb32c41f4ab792e4f00c37c671b5984cf4f49377287c7a018e46cb976bb8ab7ee62187594f9fd88468cea72310466e900bbc0d202e6d6ad17956f597d82d5bdfc0d1ff7b320884081f25579921ddee7280916b2f50077943fca430b695f7731fcd8c7e5dc6a3f2420dd5060740c0ccfad8577b841202b409a89a605245567ae9273532ab70441032d9618c1c1aed2ccf7be8752294dd03cb275d3d05253a296731d97670b78b8412a2c2903986d33dee8191ef857f0f1a50748c08855a4e6c1097a782e9835c78200ec3f5cdeab08f09614d87325dd68ea589dc712cf030263b550fbb17ed1e5129caeff6d79cfd7d485f27cba509e4f17caf3e942793e5d28cfa75f3625f14f34da3e4d8e6fd8beef77c650d4f713bdf01f109ea0246699ea31d4401f21f0b0d62da061c097190e7c4a160abcdbfd5ef7bfc27830b80dfd77ebbdfbb1bffc094aa749578ca88a57e08080c744dab462e9985abeacf3c0f8f9635e289b4bd1b244bbe5a41d4317fbd328718eb9e532277c6eb73c5efb4bc678ca21c5558d4111c179fb15dc124ce5323faca5eb7e92076cf0d85eefd394618bb68b52142eca7d0b0269694a91596ece40fc92aac193ca8268b540dd541c3db42b817fbd583c0c60798ad2f2e252644b9cfbdca05c51da45c5a9dc2bca13c7957c5ed741980ad1aa6a47bf4912cbb22be1351f872c7d9ad2a9198003c16ddafa1c92cce294d6fd0cd2f66b518e641418611353d2cf43bbc10e76e84315fe09ca750f188baa8170cafc79c61d81b362dc6d02597f0dca7716c4edc0350269576e7b6dd841dbae3e56039fa88f87141047db31a8159596a98d04ea91996a13bea0f6ffb442a8678c348011029a388e8af58ef3f0a05f76def3399157cd96b43e4d6988a5587a3f6eaa8c96cb6567da125bd8009eda4a008b6ce09d34c2f109d9de525ba22d7b502c97e2e39d9f883d7c84eab90d926e22856ee691ab6d992375825d61dc48703daa5dd370a73e3b6d1ce65394169a00e05df3e4c3a06e8ee5905494d406610eedc0078176c27e3eb66b09c06c3a0362446e0585c45f73919b3f7bd44b74302a929c4d7dfbc1d0f0a970d919c75a2a5dc00c147736c6e2608003fd4d0690506f41339e9f39c6259dbd7396b1d27f3494ee7394d1885d8b105bc1ddae95be8c84abb2f441b3daa29eda57b3f3163de08d6ed10b78e86e77ab23e1f2401973390868511ffc946eba1953e02854691ba83c56bd037e964df159cb1e70ab2939b7abc8df7c9c61ebb3943d8071ead9599707109c6a7b5fb88aa28881d60b2b04706515e5e7a6ec3981724ca1a24c3216f22339a41e0ca1dcdd53a76f98b6bad4d737cad57aadb943085ddbfef50e31513a6277de0c13a289cc489e8378bbbb3956befcce74a13c9f2e94e7d385f25382bd1e03773fca7acc487a2c347a3ddffec4818ff308bd36a55f3798d6cd86d44d66e086fb71de98519ea7c9a70e7c2b4a02d5c3ee7f36b4890d21a1eaf7c903df8af2345d28cfa70be5f9f4046552afdd10724ba51c8ed8ef070e70f7e5fec6f76fd63590ebb2dcc7202c13107e767ac0672b2a1b75d7fdbeebf22f562b13d0f96afd70eb272c759aa20a9aaba600ecdaaf76027f807deb1ac7a11b577900d3412b1cf50eed8cd6fd735026e9de1f054b57d75d5239ac4663590da5fbd15ce0a9363775423ace256023dfdb03a734405833301c18206854ed49eaf7f7f3949c8712f4f7862020d7a35c3e042046e33c06d6c3043c4fb4135556bca434cf34a5b98be71baa3cb80784f2645dcecf326017fb7850fb7a1e1ae09d369fcf23996b555bc19d49d508cb60316e028917472801595ab99c351d65b5b02cc94038e875e62e7794ce60d0d47bb3abba05c14b29c55e55f8de7575c6d1c01aaec6bcc4f0985bc2c007e1aa5fa7c057e15279719175949381aa393507ca9c91b0edd7a74c44fe73c58ab23854c6aeb3d0de8eb3dc01c728eda2ce381ecb51d664b04245565a2a6cf6c0b06eb3a9e80c5af4a6b1ebcb2ce39e3c71429f4794eb83958c2d489017453dab7896ed8f9589422b9b1b005859c1405414999edc3dd08306b3ce9e6cb9ec36e1dc0156912d83eaa5949175b092490a08e22c632ac8e9e511caef4c17ca2fd5ecc999233e4de9bfd3b38c6384aa002d165fa583e767f2db4597271a7a2c1d08b35bf4e0684f5890316b1b313bb740cafdb0386f13e5a70533e1b036018095a6e711ab0aabc5911c523703023dfc11a40184e83542026536616bbf33f4545b754c8ee73d8756d60c83745a97ae23975fa1ebf127b2ad76af9b027d94730c720bcbe752a6cac74565001181af2d6805c2ece6f2c418a398af82a379cf1d2557945d23ead77749dda948a84d0848620a24c63c791e258dd1c09799ad67bc135f9f7250d6354f8437c61c4fab3eafebfa6363f85394ce12d068b9642cd261397ae144a7cf90ad7b9004ec45c0889702909eee4f3a46f97de942793e5d28cfa70be5a7c416372e45372541377ba7deaea3f976158bdd16fb9f3820bf15a53d1cce081b8e81fa117f98506738b40dc6e0a70e1ced87fcbe74a13c9f2e94e7d3132d309e528f247a6214a65685019c9e2a1c795fc5e2493f5addd98f227d7b2ad4f30061f773373d4da96d605aec5bed2087818b46039f64b949c08993651f17bff6489077b32c39a8754bc0acacce8fa444c45e9636f5b230c44b6a8f0404666be5c6d7a3a43b110486d346da4a348406e531a8d0c77acc672d2272dacd7ca367ebdbc7bafdb29b48e9ab542f505534a6d0d3d17513eca9e73acdee59f59e6065df537abb9bdd22073bfd765fc541479e8deb52dfdfdeed16b746c3ebc9f36a67714ec83de58ab13907ddd70ba3f39b051f5e9d9ab1adbfa612b1dccacae89975c8caf53cb73a506e015836e0d6625172660ba2074aa142564887856f601e708fa1e36d1b485b10dd223d0dd73babdb942e65ef16c8da7d0d1f5794d1ad7a169e93e5edfa83e13408cd8ff79676671072bf7af7236acf57893d1f9f71f790fb671fa1fcaef47d50c22303e19fa0b4e3b91edacc7417099bcf05d1634623f9c44d5ea8b068367a3ebb7937ae9e2ce7730688d0cbcf53da424a19c3907301c292f3468c1733607df82a9057584ad78341a0e78303a06f499ccf4c290bfeb1d4f0440fdfa0078cbd1fb8e661d4b827f584811f3fc2745e4d361470ce06e1f05ab70caa744f743d7cf1b196c170aa07002765c03e5461e3fb0698212cf31170be465a095855466c605adb8e721e614d69f26339a4764b9d6696e5ba2049eb36ec0ab54d3902d94b462e3f2118d73907bd925bdd476c476d36598f79cd9363798fee18a342b62c09f0b8a2b6958d77896d8db4f1fbd9d5e7da02b8574a6269caebc6ffdb76cc5d76348734b2caef732ba320c5c385108535dbda3a5c9afecf9ff2524d4a21aa848d2ce1ce4102785389721cf04a1ccd21c366bb8fbc2904554197bb1db687eb44659180c73f7fca4b25763737bb0278eb6d0bd8dea0d97627808db7bb877ec3ef23553fa60be5f974a13c9f2e94e7d385f27cba509e4f17caf3e9174de9e82f5ab09d017a7b0784d7aa84aecddbd6527f358377f34237472aa75f2cf5c8ad00f736304686d04395f5895230361356a42b45390d01c779028a45a54a974c264e667a5c78e7ee31578f74f473002b3d4f90a01aa7d323a5e0ae46118bb50fc520f44bc792a018149e2ba52ebe7bf8c5968c3f9753325aefd9830d0c386a0373a89db1fda02d5b832fe6831d55b5e302c9a09bef7f531616e87dc197669fa17020b8b566da0686abbbe7d63c785e4d97ad8374e3c2729ae57aba7c30dec629beaa0755bce573e005e7a5744b69ac1425cdb202557c6d9163b533ed966123ba4ff2c0fd509d656f2cfdd19e0ac30a05416e8373b7bd853cb3434d99a404c418f3e356a234c516b63c1dc74b636d82640df50c7c37f2aac8791d2dcb3a97defcac6e492b9ed7992da27191595369f226778fd9c0a8ca78ec181505e1922e1908631aa917536b7e1cab959e5a4ec4791d938a3876b421b411c44b40a2387ea855ffa253f5ef4c17caf3e942793e5d28cfa70be5f974a13c9f2e94e7d385f27cba509e4f17caf3e942793e5d28cfa70be5f974a13c9f2e94e7d385f2131a0ab3dfcd713856d256cae6448e8f1bc1bf32e53fbf7dfbdb5f2bb8abf76ae5576ae537bf7df3fe1f8e5ef6ca947f7cf3a73ffc9382fd97f76fdebf5194e0777f78ffc3eb5086a212be031c486704388052fb61ba51f263fbf63fbefdab5afee58737bffdd7371d25f8fd0faf44c9d6a8959860e1bb8eed428fbb4408b5df960e6cfa7c30a904c4872ffafef3dbdf28febffdf9377ff9dbdb03a5f1c3bff45e851278887a9c7029503543f11221d3d52335204f67286b83d5b48083c36417fff1465382990de8ffb9a7fce1b8b5e49928412f4ff280aff2316a33b4b8ebe88c7792f365b8461f290f6ea9f52ddc92442bbccb722f1ba2dd6a714fa982829379ce23ca3f7e82f295c2a5a6f472984ff7b28d775c3965dd755702827780ff84f2afbf3f60daffd951daaf167b808f488f93cce5c17a5d46b70b94e487412fc108e4f1788df0838ffff0a75f776b7ffbf72ebdfcb73fbd7f451ff738e5d30004680f03a482e920bca34c57ed62eef6070763caff78fffecd81f260e14f7ff3e6fd6bc51e4780b04f3c1102262cd08b3149d2ee96ac028642847cc05fd469f94a79cf0bbb2c9f4d4908798539189ed0b329ad417628bb40573e32b4868fbe11b8ec4ea004dccd7a3b83f0b04680fdf80dbffc6d9f4d695c0bd268db65564e65856d0fdb13cb070213d3a1577a8eaf1859c624a49881bc83f33757180d274d38435ed4cda4e0af32ca8309caf5071daeeb216ffca504137eb4e8f66c4a38f2bc4c7fea8c8ddc7c8b709b47797d65ede7f836937b6d15900f6d96bf23a5b8a3d41395e589df86791979ad7e8455727f9b59187b7dd15fe5d5556345191dbae7a48ca279a34702ee78b14773be11f530cc7180b7f3accb6a72cf8938a2b5a2ec8a16c112f81c3037d973a18dcaf5bcd88d396aaa6d23acc2bca923b3656140617ef4ab72cfa6a4a9432d4ba527a1f465edb2200fe32b5a4da5bc8d654769ae036f84a84ad0eb8ed2e7546c540071e2db40c43a307ad366b85fc9dd9411305cf174846118d8707ad436e9f929918ae28759ba29208601a8d14dbd1eda90d9f6e17a06c924d28318fcc340b03e347c004d48cc8979f8a29c3f0191709ac0d69f4dcc8678ea4393d2ea7c3efe4d7522a5416878979bc0875cc5fe711a437f9afc50fbc41ce8444a6cfaf9dd9064f9315451f321212509a1d5a3a121be0f92446069c3e509a42752f2417f60b0ae308323723f841a12157a0ff73236069d3e1a382902500538e2510f5dbd1ee50dae71eb0a2079394947878f925061847993e97485a6db7a92f30a8280772eea6150cde7c009d3fc0453be532957bc0e12c6c588b69c87dd34f8c0c62cb9055e37b8c6ce12da6cf000f36a04ef287bc5076acbe10913b29f4a39456dead68d4c81c507d6feea9ed205acb3d2b33348738f343566fc8e321030a85976caa7214ea56c566569b25a624de9c9c794927494b6ad0204e7b5a8e881325dda60938fca13c6f99e1ac7ab2cb36aecf6736b906e82b26bfbb10b964c955b7689ce6609b9ca2badccdb68b713352c02cbcf4698e12f1ffc792225b44348fdbe6f87fd3e1c578769e9c810da15080f29531f8f4d9f5434fdd0d525a8b52d8ccc6d4504cc2f9fc4eef5f29e97583bff5de790afac0be5f974a13c9f7e7994fedcfb4e259a074a22b03b70bf47b5f28112e82e0eb3ff5dca7c4449e195dafe3e75f550c1b2af86df9ae6094dc60f0501185e0dfb43f3f06fa2d6fa93893a63d23787fd89f90d0f0cafe0e3363463361b5f5d8def7e57e1a39ff38d0ee83f33f8a3123e8110dab6fdc9df373a70d87ffe54f8a28bcea5ff0131394cfab48b5ea10000000049454e44ae426082, 0001),
(0000006, 'Token Holder', '5000.00', '2018-02-15', '901724971A', 0x89504e470d0a1a0a0000000d49484452000000a5000001320803000000ace1e0a70000010b504c5445ffffffded4d7f1efefc5c5c5eaeaeac2bcbd918f8ff5f3f3cac4c54e4a4a000000e1e0e0888382554e4dbfbdbdfcfbfbd7cfd1f8f7f7dad9d9ff00653f3634989594d1cfcfe9aabbe7e6e6e5dee0716c6bcec7c9c6c4c4a2a2a2dddbdbff0061b3b0afada7a87d7877676160e3c6ce7e7a794541404e4645aea8a8605b5cebe3e6888888a19b9b110e0e6b6667aeaeaeef8ba82c2827333232d8dedc3b312f857d7e2320202b1d1bfc367a2726261a17173a3a3a5c5454ff0058ff0a6cffc9d8e2edebe7507f312624150805f77ea1bb9da4f94d85eedde2d4b7beeb1365f55f8dfcd6e0ef8faaffb0c5ed9fb4fcedf0ed0058a18389b7657bd04972be778ad492a4e2b4c0d13367f66c9633434cc800001cbf49444154789ced9d8b63dbba7def61880f0904098111510a2219902c295282a84ab39463894dbbb8edb6b65bb7bbdd7bf7ffff2503283bf639278e1c5971723a7d13d17cf343bc1f3f8000fc42049def5421790419e3ef55e60325b3beb59b3da190650f943debf502d797c9e00feb17ca97c9a86d48efd6bf634a770cef31bf63ca41ff0ac2c3fa774d695ed987f5ef9cf2cecbbf734afb90017de794f0e0e5df39e509e1924e6c320161a872ff7ea877c0c9a49f004f65b8c6188c757c1cf7873a24c1a11c02a70ad2ab104c885d4d4ea53c215c42148f11707368203e626a4768a1dcb3b6c8f4d05666ea4e7d94eda40a4a6cd56cdbc154c67943d6c5763065a7527eb98fc30f4585e02df2b94b82c373d75538621e6ad3f1cd280040ee495c7594a1b95809409a32da5f0f0c991db9f53929af770b24b66bc13938780559578eeb0fd1ce73d648513a3bd91d48f6c904ed2c67c677ab056a4850bc26255aa01c7b417d5f10d094d34794c0db611d3cfdb53341a8cc25575794af4fb958eca753f71165983fa604210f3a1f77268b554aa1a27c75b7fc80105a58d56a97d38add5142d7eb2fda80ad571621e60072aba364bdedbaa344a81eb0f909e9dda994765e0eca9641eed5bc3ec49ebd00a2bcae86d36b2b2803ab2a792ed4eec4cdf37453cb6a5e96b5c02b0e5f8f1238be122509703c76c8ba220350e601c23cea789e07d9e180da4e4818315f5d1152da73be1cf29794f7fc9d507a3c34b13fc9866add09134828208050b53c24955dae474c93e86d02c24977a03b184aa6f6ded5a79dac4f0005a10f546e4abb003a96c0cc53270b662fa574729e06586e72576d609c79290efbc361608566663b4bc7fce0ab03d5d4f2d28d2da4534ce1642388251587184c9314dfe58ab59b0a3f2013315b34366ef555fed6961b184fa7e2c5940d9f1896c8f256b989855a3c4592e37480b37a20aaa93fb94ed4590d57717c57b56e6ab906befd00af97eabec2daf4cb223cdca837951bb19da5819d55fe0ea57a5f3e8b7281dd33506229b38a60962bca98d7995b568b5155ba2dcfb1590152ebb3829ce1294eb1a8ae1a8279ea60edcfdea611f5bd6f7a5999cf1733610129fc725475ee0bbd389bd6fcc594d072cd697b971b4ad30a0668dcb8c37d3eb65062aadb37fa79b3515ee5d3e1c6ac603b94eedcc1fada68d5901ac27e1780272810dbd12c8ac1841bed75179c03db740b739a7d2e857a661c57f1c4b6c1ec63a35297100eef56c07d2422c03eb89a8a2df0f1a980da8f367eb2f60cfd3da544df5a275092241cff74df4c872ae2050f81cbf958240f05a19ea156a08ca90c420f875131eed75f50667f9a925c9913d905b32b25f514389657a93a13f24af483a10f27a674889c00df04a3461f984e250cfc500e491505a3bbfbd8cd344edd42855c91b5016f8bad1564d3a0cef0f38b1d9fa1fcbf6fdffe563bc1af7fab567ead20fef4f6ed9f35ed87055eb819cedd12b978b09e0c5cd272da9539653dcd0217a52b99ed6ec4c12939255870a34b8786914ac07895a3ca1d65e7a17cf3e73f00f0fbfff7fefd9bf76f1425fdd73fbcf9c77f5030e5bab8693146391fe5adcc854a4484be144edd2a7737b246d2225663e1ae9e1fd63d1658b5428af82a1da5933ccbb376eabad699dcf257eacfaffefdedfbbfbed1948af86d47a9d2edf2d632db1497de649b276908fabad4682b47c4b71bebf636c92d0ba799a9ef4bad95886e37caada3c1485c7333df8a6064cd6f25fd19cd9753d2ffea28ffe9877ffbdb5fde1e28c3cec7556d8c86be410ddb1feac207504e46baf6798741c80c9838c049a06187877cd1f6294db4bb519610c7b1c38440c7b6fd2f280d7f268effaaa3d449f9efdedc53fee30995e9c7faa2b4fc4147dd52cbf9cfb78fddf291588b6dc3c20e904dafdbd1cf3c6a6638591638e87c34b1c25981b9b4701604d80d4ea84f3c235c6afdeecec78d2e5c3e5238c035c76e517b7babd52fe0a3b89e0f544ae3c6bd5ee770fd5dcf8e4499455e5d7b513a08cf4ff97bfa8892d8bfff29254389401f04bcb99e93812e2d5a08040503028dcc3b1c9b7bead28d2aa44955469ab867764bfa5f6f7ef8e1e0c1e3ffafd34bfb0f7f7af3131f379a726f596b77c4d67c64f28c47fb6224ecf960deee6acb533b6636efe93e0606e866a9de029f02f9d9d8a312ca7b28ed79f67fbf7fff93d803b372c7e5685d8a6d790dafae66feaadd796036e599cf76c35978a5722ae5969ef2687fc50041deb9299f21867c819007d748d28f3ece7d55661770b84bba17519404c7cac3331548cb93205f48e994325bb985585bae57ea92864051d68e181e954b73e177948d00762b54993c5075a6e65b509249ed323f57f1877fd06d4280ca0fdc09daa9a8da36e8ee6a074cb9a70a28bac7334dbf05a5ba5e173f54c603c34372404208681812123a7729b8cecca1fad9ea04fafc4cf1ac94afa30be5f974a13c9f2e94e7d385f27cba509e4f2753268ce92c5c977b20633eb099cacc7d7ad8643e513546c620e8314681a1561df5dfe88ef86ac9beac9a762a6552e48d04341e798006a3b2f5fb0b03f44687d2dbbe6c7c28f7e59a39759347c6a62cf7628d62819a26f3f312edd65f56b13895b291f6709ff8d9a606fed40b4566ae20605ddd4b7cf0c3545eadb4e9973bb6456eeed52a1035f546945645c25ce1bc8e5b5e07ba9096c560ef3999f27a9badcde1a186c8dafe30e31552371d2f86801ad55a334d6ae2dd021fb7d41e7d69bde24b296384bafe6ddd030e0cddffb907d10a958095bbdda2eddcd2dda2063a6b74eb393bdd5e3c4468eb8354b9e5ae45b901e048e85b84355a3d13f74b29a17f6839d16e99845be9e13d701247f2feba9f1cdc524ce5600292ad19d9f67606ec70b233551412ca2d51d7ee724709423f79a6c79feae3b584c3e9646080e1dec845229afecab80f97233f6d428684cfc6a3b121b26a61fa2c4c6bdb438737bda37cbe4ea5f4b3c1da0a77aabab805c176350823a4e2f8ba8be3ef6c98598e44ab5de4948391083768b50d7648567794ef5e8b1218a1aae91814d8868a1fa101888a42d4e86a683a32a91da13e230cd53e55110aa1fa6fdfb577185f5afdf93bcf7b1e049fe132f6894d82777a06a52fc4a1eb8155c08be304d8228e0f79871f8148361100cb3856fecce2b86b1ff497f72fb05cea139320abd45288aeb5c388634f45f9388e23bd19a9150684aab52f9f6c8f3b4e199a9c57dab91c1c098c2d49a2b9c5b9be648c875e66e12264199e66940556b60e75dbd5fa9e32d30d1c0eb72c3ea18273a19c34acf066201c94e78bce06a519595640afb3718a7ed641f37c4a8c81d3ea46ac34009900f6fecaf54875a3dd688e0196201cb041655bc8c605f050058c6abebfbf78b655e7f55b000aac9bdb5ca10d7840d872d355afd0b5747009ece6aa5cb8357ab28bfc19945925cb1e2016eabab3ad75bfacfa5c1717f2b5f2321a4aeeeca559233bcb9c4c51a6adf99172b8f36d7573c72c4dcb15621753aa124debba519e93ba5d80e6413f28cde914158b17501a92d7888110eb504483b584235e5f2937823cd4bd39e52005256f64691783cc5c57d1adc06bfbde2d77432c6dab1c64d48eb98b3c89c542622ba7e0d0fca528f3c14080723e173757a753ea9e3b610399eabe1087f8ebabeb2c513e492adddd5c48a852bf7dc392bd5d9402eca51c0c56dbe89e729118aa5464770929f162000d6f84c132a734b30ef19e632324a0ace86cfb02b754e1aad27d35fa1659351e67e37ce399bb99d4dd61206b22cfa36d26e4075be6225a982af90ed6f7098f7a7262c47b750e03a45f1110aa725b1cf182d03c3e9cc23be32ef582f04594c39d8a3bebee98912394027f8090191e8a5fdae00af5c03b843c606384ba064ab9bdbf7686263c90fa9c0cf823456a71d847a854657b571e4ec973bd7c1780040d5fe296df5e17caf3e942793e5d28cfa70be5f974a13c9f2e94e7d385f27cba509e4fffdb28c327ea0324b13f7de00bf4694a886f56abf8f179d5ee662eca9b2dfef123971cccb7ab1b17f8e5ae6bf61bee752b0b910ba90e6c252172b7e8ac73b21386481da124b810719300919ac08c3a3b55ab74bc4532ac7e64e9c75c7e35c2c22deca9e9c72e20e3e6d0fbe0d4d20afca1e5a4dc4f5c1310b1e3e0743d4599dae1b59804814870d1ed9e34c0bb0620ae1f51326dd69412ca2b2a28884b90f06ad55557e9268d7a603c305904c84a00afc8ce4f696ff22ce7509bd10677662bba2344f9699c13cbbfbfb611b2a180ce55fd1fcaac34a915cc760eb32c41f4ab792e4f00c37c671b5984cf4f49377287c7a018e46cb976bb8ab7ee62187594f9fd88468cea72310466e900bbc0d202e6d6ad17956f597d82d5bdfc0d1ff7b320884081f25579921ddee7280916b2f50077943fca430b695f7731fcd8c7e5dc6a3f2420dd5060740c0ccfad8577b841202b409a89a605245567ae9273532ab70441032d9618c1c1aed2ccf7be8752294dd03cb275d3d05253a296731d97670b78b8412a2c2903986d33dee8191ef857f0f1a50748c08855a4e6c1097a782e9835c78200ec3f5cdeab08f09614d87325dd68ea589dc712cf030263b550fbb17ed1e5129caeff6d79cfd7d485f27cba509e4f17caf3e942793e5d28cfa75f3625f14f34da3e4d8e6fd8beef77c650d4f713bdf01f109ea0246699ea31d4401f21f0b0d62da061c097190e7c4a160abcdbfd5ef7bfc27830b80dfd77ebbdfbb1bffc094aa749578ca88a57e08080c744dab462e9985abeacf3c0f8f9635e289b4bd1b244bbe5a41d4317fbd328718eb9e532277c6eb73c5efb4bc678ca21c5558d4111c179fb15dc124ce5323faca5eb7e92076cf0d85eefd394618bb68b52142eca7d0b0269694a91596ece40fc92aac193ca8268b540dd541c3db42b817fbd583c0c60798ad2f2e252644b9cfbdca05c51da45c5a9dc2bca13c7957c5ed741980ad1aa6a47bf4912cbb22be1351f872c7d9ad2a9198003c16ddafa1c92cce294d6fd0cd2f66b518e641418611353d2cf43bbc10e76e84315fe09ca750f188baa8170cafc79c61d81b362dc6d02597f0dca7716c4edc0350269576e7b6dd841dbae3e56039fa88f87141047db31a8159596a98d04ea91996a13bea0f6ffb442a8678c348011029a388e8af58ef3f0a05f76def3399157cd96b43e4d6988a5587a3f6eaa8c96cb6567da125bd8009eda4a008b6ce09d34c2f109d9de525ba22d7b502c97e2e39d9f883d7c84eab90d926e22856ee691ab6d992375825d61dc48703daa5dd370a73e3b6d1ce65394169a00e05df3e4c3a06e8ee5905494d406610eedc0078176c27e3eb66b09c06c3a0362446e0585c45f73919b3f7bd44b74302a929c4d7dfbc1d0f0a970d919c75a2a5dc00c147736c6e2608003fd4d0690506f41339e9f39c6259dbd7396b1d27f3494ee7394d1885d8b105bc1ddae95be8c84abb2f441b3daa29eda57b3f3163de08d6ed10b78e86e77ab23e1f2401973390868511ffc946eba1953e02854691ba83c56bd037e964df159cb1e70ab2939b7abc8df7c9c61ebb3943d8071ead9599707109c6a7b5fb88aa28881d60b2b04706515e5e7a6ec3981724ca1a24c3216f22339a41e0ca1dcdd53a76f98b6bad4d737cad57aadb943085ddbfef50e31513a6277de0c13a289cc489e8378bbbb3956befcce74a13c9f2e94e7d385f25382bd1e03773fca7acc487a2c347a3ddffec4818ff308bd36a55f3798d6cd86d44d66e086fb71de98519ea7c9a70e7c2b4a02d5c3ee7f36b4890d21a1eaf7c903df8af2345d28cfa70be5f9f4046552afdd10724ba51c8ed8ef070e70f7e5fec6f76fd63590ebb2dcc7202c13107e767ac0672b2a1b75d7fdbeebf22f562b13d0f96afd70eb272c759aa20a9aaba600ecdaaf76027f807deb1ac7a11b577900d3412b1cf50eed8cd6fd735026e9de1f054b57d75d5239ac4663590da5fbd15ce0a9363775423ace256023dfdb03a734405833301c18206854ed49eaf7f7f3949c8712f4f7862020d7a35c3e042046e33c06d6c3043c4fb4135556bca434cf34a5b98be71baa3cb80784f2645dcecf326017fb7850fb7a1e1ae09d369fcf23996b555bc19d49d508cb60316e028917472801595ab99c351d65b5b02cc94038e875e62e7794ce60d0d47bb3abba05c14b29c55e55f8de7575c6d1c01aaec6bcc4f0985bc2c007e1aa5fa7c057e15279719175949381aa393507ca9c91b0edd7a74c44fe73c58ab23854c6aeb3d0de8eb3dc01c728eda2ce381ecb51d664b04245565a2a6cf6c0b06eb3a9e80c5af4a6b1ebcb2ce39e3c71429f4794eb83958c2d489017453dab7896ed8f9589422b9b1b005859c1405414999edc3dd08306b3ce9e6cb9ec36e1dc0156912d83eaa5949175b092490a08e22c632ac8e9e511caef4c17ca2fd5ecc999233e4de9bfd3b38c6384aa002d165fa583e767f2db4597271a7a2c1d08b35bf4e0684f5890316b1b313bb740cafdb0386f13e5a70533e1b036018095a6e711ab0aabc5911c523703023dfc11a40184e83542026536616bbf33f4545b754c8ee73d8756d60c83745a97ae23975fa1ebf127b2ad76af9b027d94730c720bcbe752a6cac74565001181af2d6805c2ece6f2c418a398af82a379cf1d2557945d23ead77749dda948a84d0848620a24c63c791e258dd1c09799ad67bc135f9f7250d6354f8437c61c4fab3eafebfa6363f85394ce12d068b9642cd261397ae144a7cf90ad7b9004ec45c0889702909eee4f3a46f97de942793e5d28cfa70be5a7c416372e45372541377ba7deaea3f976158bdd16fb9f3820bf15a53d1cce081b8e81fa117f98506738b40dc6e0a70e1ced87fcbe74a13c9f2e94e7d3132d309e528f247a6214a65685019c9e2a1c795fc5e2493f5addd98f227d7b2ad4f30061f773373d4da96d605aec5bed2087818b46039f64b949c08993651f17bff6489077b32c39a8754bc0acacce8fa444c45e9636f5b230c44b6a8f0404666be5c6d7a3a43b110486d346da4a348406e531a8d0c77acc672d2272dacd7ca367ebdbc7bafdb29b48e9ab542f505534a6d0d3d17513eca9e73acdee59f59e6065df537abb9bdd22073bfd765fc541479e8deb52dfdfdeed16b746c3ebc9f36a67714ec83de58ab13907ddd70ba3f39b051f5e9d9ab1adbfa612b1dccacae89975c8caf53cb73a506e015836e0d6625172660ba2074aa142564887856f601e708fa1e36d1b485b10dd223d0dd73babdb942e65ef16c8da7d0d1f5794d1ad7a169e93e5edfa83e13408cd8ff79676671072bf7af7236acf57893d1f9f71f790fb671fa1fcaef47d50c22303e19fa0b4e3b91edacc7417099bcf05d1634623f9c44d5ea8b068367a3ebb7937ae9e2ce7730688d0cbcf53da424a19c3907301c292f3468c1733607df82a9057584ad78341a0e78303a06f499ccf4c290bfeb1d4f0440fdfa0078cbd1fb8e661d4b827f584811f3fc2745e4d361470ce06e1f05ab70caa744f743d7cf1b196c170aa07002765c03e5461e3fb0698212cf31170be465a095855466c605adb8e721e614d69f26339a4764b9d6696e5ba2049eb36ec0ab54d3902d94b462e3f2118d73907bd925bdd476c476d36598f79cd9363798fee18a342b62c09f0b8a2b6958d77896d8db4f1fbd9d5e7da02b8574a6269caebc6ffdb76cc5d76348734b2caef732ba320c5c385108535dbda3a5c9afecf9ff2524d4a21aa848d2ce1ce4102785389721cf04a1ccd21c366bb8fbc2904554197bb1db687eb44659180c73f7fca4b25763737bb0278eb6d0bd8dea0d97627808db7bb877ec3ef23553fa60be5f974a13c9f2e94e7d385f27cba509e4f17caf3e9174de9e82f5ab09d017a7b0784d7aa84aecddbd6527f358377f34237472aa75f2cf5c8ad00f736304686d04395f5895230361356a42b45390d01c779028a45a54a974c264e667a5c78e7ee31578f74f473002b3d4f90a01aa7d323a5e0ae46118bb50fc520f44bc792a018149e2ba52ebe7bf8c5968c3f9753325aefd9830d0c386a0373a89db1fda02d5b832fe6831d55b5e302c9a09bef7f531616e87dc197669fa17020b8b566da0686abbbe7d63c785e4d97ad8374e3c2729ae57aba7c30dec629beaa0755bce573e005e7a5744b69ac1425cdb202557c6d9163b533ed966123ba4ff2c0fd509d656f2cfdd19e0ac30a05416e8373b7bd853cb3434d99a404c418f3e356a234c516b63c1dc74b636d82640df50c7c37f2aac8791d2dcb3a97defcac6e492b9ed7992da27191595369f226778fd9c0a8ca78ec181505e1922e1908631aa917536b7e1cab959e5a4ec4791d938a3876b421b411c44b40a2387ea855ffa253f5ef4c17caf3e942793e5d28cfa70be5f974a13c9f2e94e7d385f27cba509e4f17caf3e942793e5d28cfa70be5f974a13c9f2e94e7d385f2131a0ab3dfcd713856d256cae6448e8f1bc1bf32e53fbf7dfbdb5f2bb8abf76ae5576ae537bf7df3fe1f8e5ef6ca947f7cf3a73ffc9382fd97f76fdebf5194e0777f78ffc3eb5086a212be031c486704388052fb61ba51f263fbf63fbefdab5afee58737bffdd7371d25f8fd0faf44c9d6a8959860e1bb8eed428fbb4408b5df960e6cfa7c30a904c4872ffafef3dbdf28febffdf9377ff9dbdb03a5f1c3bff45e851278887a9c7029503543f11221d3d52335204f67286b83d5b48083c36417fff1465382990de8ffb9a7fce1b8b5e49928412f4ff280aff2316a33b4b8ebe88c7792f365b8461f290f6ea9f52ddc92442bbccb722f1ba2dd6a714fa982829379ce23ca3f7e82f295c2a5a6f472984ff7b28d775c3965dd755702827780ff84f2afbf3f60daffd951daaf167b808f488f93cce5c17a5d46b70b94e487412fc108e4f1788df0838ffff0a75f776b7ffbf72ebdfcb73fbd7f451ff738e5d30004680f03a482e920bca34c57ed62eef6070763caff78fffecd81f260e14f7ff3e6fd6bc51e4780b04f3c1102262cd08b3149d2ee96ac028642847cc05fd469f94a79cf0bbb2c9f4d4908798539189ed0b329ad417628bb40573e32b4868fbe11b8ec4ea004dccd7a3b83f0b04680fdf80dbffc6d9f4d695c0bd268db65564e65856d0fdb13cb070213d3a1577a8eaf1859c624a49881bc83f33757180d274d38435ed4cda4e0af32ca8309caf5071daeeb216ffca504137eb4e8f66c4a38f2bc4c7fea8c8ddc7c8b709b47797d65ede7f836937b6d15900f6d96bf23a5b8a3d41395e589df86791979ad7e8455727f9b59187b7dd15fe5d5556345191dbae7a48ca279a34702ee78b14773be11f530cc7180b7f3accb6a72cf8938a2b5a2ec8a16c112f81c3037d973a18dcaf5bcd88d396aaa6d23acc2bca923b3656140617ef4ab72cfa6a4a9432d4ba527a1f465edb2200fe32b5a4da5bc8d654769ae036f84a84ad0eb8ed2e7546c540071e2db40c43a307ad366b85fc9dd9411305cf174846118d8707ad436e9f929918ae28759ba29208601a8d14dbd1eda90d9f6e17a06c924d28318fcc340b03e347c004d48cc8979f8a29c3f0191709ac0d69f4dcc8678ea4393d2ea7c3efe4d7522a5416878979bc0875cc5fe711a437f9afc50fbc41ce8444a6cfaf9dd9064f9315451f321212509a1d5a3a121be0f92446069c3e509a42752f2417f60b0ae308323723f841a12157a0ff73236069d3e1a382902500538e2510f5dbd1ee50dae71eb0a2079394947878f925061847993e97485a6db7a92f30a8280772eea6150cde7c009d3fc0453be532957bc0e12c6c588b69c87dd34f8c0c62cb9055e37b8c6ce12da6cf000f36a04ef287bc5076acbe10913b29f4a39456dead68d4c81c507d6feea9ed205acb3d2b33348738f343566fc8e321030a85976caa7214ea56c566569b25a624de9c9c794927494b6ad0204e7b5a8e881325dda60938fca13c6f99e1ac7ab2cb36aecf6736b906e82b26bfbb10b964c955b7689ce6609b9ca2badccdb68b713352c02cbcf4698e12f1ffc792225b44348fdbe6f87fd3e1c578769e9c810da15080f29531f8f4d9f5434fdd0d525a8b52d8ccc6d4504cc2f9fc4eef5f29e97583bff5de790afac0be5f974a13c9f7e7994fedcfb4e259a074a22b03b70bf47b5f28112e82e0eb3ff5dca7c4449e195dafe3e75f550c1b2af86df9ae6094dc60f0501185e0dfb43f3f06fa2d6fa93893a63d23787fd89f90d0f0cafe0e3363463361b5f5d8def7e57e1a39ff38d0ee83f33f8a3123e8110dab6fdc9df373a70d87ffe54f8a28bcea5ff0131394cfab48b5ea10000000049454e44ae426082, 0001),
(0000007, 'Token Plastic', '200.00', '2018-02-15', '128739812', 0x89504e470d0a1a0a0000000d49484452000000a5000001320803000000ace1e0a70000010b504c5445ffffffded4d7f1efefc5c5c5eaeaeac2bcbd918f8ff5f3f3cac4c54e4a4a000000e1e0e0888382554e4dbfbdbdfcfbfbd7cfd1f8f7f7dad9d9ff00653f3634989594d1cfcfe9aabbe7e6e6e5dee0716c6bcec7c9c6c4c4a2a2a2dddbdbff0061b3b0afada7a87d7877676160e3c6ce7e7a794541404e4645aea8a8605b5cebe3e6888888a19b9b110e0e6b6667aeaeaeef8ba82c2827333232d8dedc3b312f857d7e2320202b1d1bfc367a2726261a17173a3a3a5c5454ff0058ff0a6cffc9d8e2edebe7507f312624150805f77ea1bb9da4f94d85eedde2d4b7beeb1365f55f8dfcd6e0ef8faaffb0c5ed9fb4fcedf0ed0058a18389b7657bd04972be778ad492a4e2b4c0d13367f66c9633434cc800001cbf49444154789ced9d8b63dbba7def61880f0904098111510a2219902c295282a84ab39463894dbbb8edb6b65bb7bbdd7bf7ffff2503283bf639278e1c5971723a7d13d17cf343bc1f3f8000fc42049def5421790419e3ef55e60325b3beb59b3da190650f943debf502d797c9e00feb17ca97c9a86d48efd6bf634a770cef31bf63ca41ff0ac2c3fa774d695ed987f5ef9cf2cecbbf734afb90017de794f0e0e5df39e509e1924e6c320161a872ff7ea877c0c9a49f004f65b8c6188c757c1cf7873a24c1a11c02a70ad2ab104c885d4d4ea53c215c42148f11707368203e626a4768a1dcb3b6c8f4d05666ea4e7d94eda40a4a6cd56cdbc154c67943d6c5763065a7527eb98fc30f4585e02df2b94b82c373d75538621e6ad3f1cd280040ee495c7594a1b95809409a32da5f0f0c991db9f53929af770b24b66bc13938780559578eeb0fd1ce73d648513a3bd91d48f6c904ed2c67c677ab056a4850bc26255aa01c7b417d5f10d094d34794c0db611d3cfdb53341a8cc25575794af4fb958eca753f71165983fa604210f3a1f77268b554aa1a27c75b7fc80105a58d56a97d38add5142d7eb2fda80ad571621e60072aba364bdedbaa344a81eb0f909e9dda994765e0eca9641eed5bc3ec49ebd00a2bcae86d36b2b2803ab2a792ed4eec4cdf37453cb6a5e96b5c02b0e5f8f1238be122509703c76c8ba220350e601c23cea789e07d9e180da4e4818315f5d1152da73be1cf29794f7fc9d507a3c34b13fc9866add09134828208050b53c24955dae474c93e86d02c24977a03b184aa6f6ded5a79dac4f0005a10f546e4abb003a96c0cc53270b662fa574729e06586e72576d609c79290efbc361608566663b4bc7fce0ab03d5d4f2d28d2da4534ce1642388251587184c9314dfe58ab59b0a3f2013315b34366ef555fed6961b184fa7e2c5940d9f1896c8f256b989855a3c4592e37480b37a20aaa93fb94ed4590d57717c57b56e6ab906befd00af97eabec2daf4cb223cdca837951bb19da5819d55fe0ea57a5f3e8b7281dd33506229b38a60962bca98d7995b568b5155ba2dcfb1590152ebb3829ce1294eb1a8ae1a8279ea60edcfdea611f5bd6f7a5999cf1733610129fc725475ee0bbd389bd6fcc594d072cd697b971b4ad30a0668dcb8c37d3eb65062aadb37fa79b3515ee5d3e1c6ac603b94eedcc1fada68d5901ac27e1780272810dbd12c8ac1841bed75179c03db740b739a7d2e857a661c57f1c4b6c1ec63a35297100eef56c07d2422c03eb89a8a2df0f1a980da8f367eb2f60cfd3da544df5a275092241cff74df4c872ae2050f81cbf958240f05a19ea156a08ca90c420f875131eed75f50667f9a925c9913d905b32b25f514389657a93a13f24af483a10f27a674889c00df04a3461f984e250cfc500e491505a3bbfbd8cd344edd42855c91b5016f8bad1564d3a0cef0f38b1d9fa1fcbf6fdffe563bc1af7fab567ead20fef4f6ed9f35ed87055eb819cedd12b978b09e0c5cd272da9539653dcd0217a52b99ed6ec4c12939255870a34b8786914ac07895a3ca1d65e7a17cf3e73f00f0fbfff7fefd9bf76f1425fdd73fbcf9c77f5030e5bab8693146391fe5adcc854a4484be144edd2a7737b246d2225663e1ae9e1fd63d1658b5428af82a1da5933ccbb376eabad699dcf257eacfaffefdedfbbfbed1948af86d47a9d2edf2d632db1497de649b276908fabad4682b47c4b71bebf636c92d0ba799a9ef4bad95886e37caada3c1485c7333df8a6064cd6f25fd19cd9753d2ffea28ffe9877ffbdb5fde1e28c3cec7556d8c86be410ddb1feac207504e46baf6798741c80c9838c049a06187877cd1f6294db4bb519610c7b1c38440c7b6fd2f280d7f268effaaa3d449f9efdedc53fee30995e9c7faa2b4fc4147dd52cbf9cfb78fddf291588b6dc3c20e904dafdbd1cf3c6a6638591638e87c34b1c25981b9b4701604d80d4ea84f3c235c6afdeecec78d2e5c3e5238c035c76e517b7babd52fe0a3b89e0f544ae3c6bd5ee770fd5dcf8e4499455e5d7b513a08cf4ff97bfa8892d8bfff29254389401f04bcb99e93812e2d5a08040503028dcc3b1c9b7bead28d2aa44955469ab867764bfa5f6f7ef8e1e0c1e3ffafd34bfb0f7f7af3131f379a726f596b77c4d67c64f28c47fb6224ecf960deee6acb533b6636efe93e0606e866a9de029f02f9d9d8a312ca7b28ed79f67fbf7fff93d803b372c7e5685d8a6d790dafae66feaadd796036e599cf76c35978a5722ae5969ef2687fc50041deb9299f21867c819007d748d28f3ece7d55661770b84bba17519404c7cac3331548cb93205f48e994325bb985585bae57ea92864051d68e181e954b73e177948d00762b54993c5075a6e65b509249ed323f57f1877fd06d4280ca0fdc09daa9a8da36e8ee6a074cb9a70a28bac7334dbf05a5ba5e173f54c603c34372404208681812123a7729b8cecca1fad9ea04fafc4cf1ac94afa30be5f974a13c9f2e94e7d385f27cba509e4f2753268ce92c5c977b20633eb099cacc7d7ad8643e513546c620e8314681a1561df5dfe88ef86ac9beac9a762a6552e48d04341e798006a3b2f5fb0b03f44687d2dbbe6c7c28f7e59a39759347c6a62cf7628d62819a26f3f312edd65f56b13895b291f6709ff8d9a606fed40b4566ae20605ddd4b7cf0c3545eadb4e9973bb6456eeed52a1035f546945645c25ce1bc8e5b5e07ba9096c560ef3999f27a9badcde1a186c8dafe30e31552371d2f86801ad55a334d6ae2dd021fb7d41e7d69bde24b296384bafe6ddd030e0cddffb907d10a958095bbdda2eddcd2dda2063a6b74eb393bdd5e3c4468eb8354b9e5ae45b901e048e85b84355a3d13f74b29a17f6839d16e99845be9e13d701247f2feba9f1cdc524ce5600292ad19d9f67606ec70b233551412ca2d51d7ee724709423f79a6c79feae3b584c3e9646080e1dec845229afecab80f97233f6d428684cfc6a3b121b26a61fa2c4c6bdb438737bda37cbe4ea5f4b3c1da0a77aabab805c176350823a4e2f8ba8be3ef6c98598e44ab5de4948391083768b50d7648567794ef5e8b1218a1aae91814d8868a1fa101888a42d4e86a683a32a91da13e230cd53e55110aa1fa6fdfb577185f5afdf93bcf7b1e049fe132f6894d82777a06a52fc4a1eb8155c08be304d8228e0f79871f8148361100cb3856fecce2b86b1ff497f72fb05cea139320abd45288aeb5c388634f45f9388e23bd19a9150684aab52f9f6c8f3b4e199a9c57dab91c1c098c2d49a2b9c5b9be648c875e66e12264199e66940556b60e75dbd5fa9e32d30d1c0eb72c3ea18273a19c34acf066201c94e78bce06a519595640afb3718a7ed641f37c4a8c81d3ea46ac34009900f6fecaf54875a3dd688e0196201cb041655bc8c605f050058c6abebfbf78b655e7f55b000aac9bdb5ca10d7840d872d355afd0b5747009ece6aa5cb8357ab28bfc19945925cb1e2016eabab3ad75bfacfa5c1717f2b5f2321a4aeeeca559233bcb9c4c51a6adf99172b8f36d7573c72c4dcb15621753aa124debba519e93ba5d80e6413f28cde914158b17501a92d7888110eb504483b584235e5f2937823cd4bd39e52005256f64691783cc5c57d1adc06bfbde2d77432c6dab1c64d48eb98b3c89c542622ba7e0d0fca528f3c14080723e173757a753ea9e3b610399eabe1087f8ebabeb2c513e492adddd5c48a852bf7dc392bd5d9402eca51c0c56dbe89e729118aa5464770929f162000d6f84c132a734b30ef19e632324a0ace86cfb02b754e1aad27d35fa1659351e67e37ce399bb99d4dd61206b22cfa36d26e4075be6225a982af90ed6f7098f7a7262c47b750e03a45f1110aa725b1cf182d03c3e9cc23be32ef582f04594c39d8a3bebee98912394027f8090191e8a5fdae00af5c03b843c606384ba064ab9bdbf7686263c90fa9c0cf823456a71d847a854657b571e4ec973bd7c1780040d5fe296df5e17caf3e942793e5d28cfa70be5f974a13c9f2e94e7d385f27cba509e4fffdb28c327ea0324b13f7de00bf4694a886f56abf8f179d5ee662eca9b2dfef123971cccb7ab1b17f8e5ae6bf61bee752b0b910ba90e6c252172b7e8ac73b21386481da124b810719300919ac08c3a3b55ab74bc4532ac7e64e9c75c7e35c2c22deca9e9c72e20e3e6d0fbe0d4d20afca1e5a4dc4f5c1310b1e3e0743d4599dae1b59804814870d1ed9e34c0bb0620ae1f51326dd69412ca2b2a28884b90f06ad55557e9268d7a603c305904c84a00afc8ce4f696ff22ce7509bd10677662bba2344f9699c13cbbfbfb611b2a180ce55fd1fcaac34a915cc760eb32c41f4ab792e4f00c37c671b5984cf4f49377287c7a018e46cb976bb8ab7ee62187594f9fd88468cea72310466e900bbc0d202e6d6ad17956f597d82d5bdfc0d1ff7b320884081f25579921ddee7280916b2f50077943fca430b695f7731fcd8c7e5dc6a3f2420dd5060740c0ccfad8577b841202b409a89a605245567ae9273532ab70441032d9618c1c1aed2ccf7be8752294dd03cb275d3d05253a296731d97670b78b8412a2c2903986d33dee8191ef857f0f1a50748c08855a4e6c1097a782e9835c78200ec3f5cdeab08f09614d87325dd68ea589dc712cf030263b550fbb17ed1e5129caeff6d79cfd7d485f27cba509e4f17caf3e942793e5d28cfa75f3625f14f34da3e4d8e6fd8beef77c650d4f713bdf01f109ea0246699ea31d4401f21f0b0d62da061c097190e7c4a160abcdbfd5ef7bfc27830b80dfd77ebbdfbb1bffc094aa749578ca88a57e08080c744dab462e9985abeacf3c0f8f9635e289b4bd1b244bbe5a41d4317fbd328718eb9e532277c6eb73c5efb4bc678ca21c5558d4111c179fb15dc124ce5323faca5eb7e92076cf0d85eefd394618bb68b52142eca7d0b0269694a91596ece40fc92aac193ca8268b540dd541c3db42b817fbd583c0c60798ad2f2e252644b9cfbdca05c51da45c5a9dc2bca13c7957c5ed741980ad1aa6a47bf4912cbb22be1351f872c7d9ad2a9198003c16ddafa1c92cce294d6fd0cd2f66b518e641418611353d2cf43bbc10e76e84315fe09ca750f188baa8170cafc79c61d81b362dc6d02597f0dca7716c4edc0350269576e7b6dd841dbae3e56039fa88f87141047db31a8159596a98d04ea91996a13bea0f6ffb442a8678c348011029a388e8af58ef3f0a05f76def3399157cd96b43e4d6988a5587a3f6eaa8c96cb6567da125bd8009eda4a008b6ce09d34c2f109d9de525ba22d7b502c97e2e39d9f883d7c84eab90d926e22856ee691ab6d992375825d61dc48703daa5dd370a73e3b6d1ce65394169a00e05df3e4c3a06e8ee5905494d406610eedc0078176c27e3eb66b09c06c3a0362446e0585c45f73919b3f7bd44b74302a929c4d7dfbc1d0f0a970d919c75a2a5dc00c147736c6e2608003fd4d0690506f41339e9f39c6259dbd7396b1d27f3494ee7394d1885d8b105bc1ddae95be8c84abb2f441b3daa29eda57b3f3163de08d6ed10b78e86e77ab23e1f2401973390868511ffc946eba1953e02854691ba83c56bd037e964df159cb1e70ab2939b7abc8df7c9c61ebb3943d8071ead9599707109c6a7b5fb88aa28881d60b2b04706515e5e7a6ec3981724ca1a24c3216f22339a41e0ca1dcdd53a76f98b6bad4d737cad57aadb943085ddbfef50e31513a6277de0c13a289cc489e8378bbbb3956befcce74a13c9f2e94e7d385f25382bd1e03773fca7acc487a2c347a3ddffec4818ff308bd36a55f3798d6cd86d44d66e086fb71de98519ea7c9a70e7c2b4a02d5c3ee7f36b4890d21a1eaf7c903df8af2345d28cfa70be5f9f4046552afdd10724ba51c8ed8ef070e70f7e5fec6f76fd63590ebb2dcc7202c13107e767ac0672b2a1b75d7fdbeebf22f562b13d0f96afd70eb272c759aa20a9aaba600ecdaaf76027f807deb1ac7a11b577900d3412b1cf50eed8cd6fd735026e9de1f054b57d75d5239ac4663590da5fbd15ce0a9363775423ace256023dfdb03a734405833301c18206854ed49eaf7f7f3949c8712f4f7862020d7a35c3e042046e33c06d6c3043c4fb4135556bca434cf34a5b98be71baa3cb80784f2645dcecf326017fb7850fb7a1e1ae09d369fcf23996b555bc19d49d508cb60316e028917472801595ab99c351d65b5b02cc94038e875e62e7794ce60d0d47bb3abba05c14b29c55e55f8de7575c6d1c01aaec6bcc4f0985bc2c007e1aa5fa7c057e15279719175949381aa393507ca9c91b0edd7a74c44fe73c58ab23854c6aeb3d0de8eb3dc01c728eda2ce381ecb51d664b04245565a2a6cf6c0b06eb3a9e80c5af4a6b1ebcb2ce39e3c71429f4794eb83958c2d489017453dab7896ed8f9589422b9b1b005859c1405414999edc3dd08306b3ce9e6cb9ec36e1dc0156912d83eaa5949175b092490a08e22c632ac8e9e511caef4c17ca2fd5ecc999233e4de9bfd3b38c6384aa002d165fa583e767f2db4597271a7a2c1d08b35bf4e0684f5890316b1b313bb740cafdb0386f13e5a70533e1b036018095a6e711ab0aabc5911c523703023dfc11a40184e83542026536616bbf33f4545b754c8ee73d8756d60c83745a97ae23975fa1ebf127b2ad76af9b027d94730c720bcbe752a6cac74565001181af2d6805c2ece6f2c418a398af82a379cf1d2557945d23ead77749dda948a84d0848620a24c63c791e258dd1c09799ad67bc135f9f7250d6354f8437c61c4fab3eafebfa6363f85394ce12d068b9642cd261397ae144a7cf90ad7b9004ec45c0889702909eee4f3a46f97de942793e5d28cfa70be5a7c416372e45372541377ba7deaea3f976158bdd16fb9f3820bf15a53d1cce081b8e81fa117f98506738b40dc6e0a70e1ced87fcbe74a13c9f2e94e7d3132d309e528f247a6214a65685019c9e2a1c795fc5e2493f5addd98f227d7b2ad4f30061f773373d4da96d605aec5bed2087818b46039f64b949c08993651f17bff6489077b32c39a8754bc0acacce8fa444c45e9636f5b230c44b6a8f0404666be5c6d7a3a43b110486d346da4a348406e531a8d0c77acc672d2272dacd7ca367ebdbc7bafdb29b48e9ab542f505534a6d0d3d17513eca9e73acdee59f59e6065df537abb9bdd22073bfd765fc541479e8deb52dfdfdeed16b746c3ebc9f36a67714ec83de58ab13907ddd70ba3f39b051f5e9d9ab1adbfa612b1dccacae89975c8caf53cb73a506e015836e0d6625172660ba2074aa142564887856f601e708fa1e36d1b485b10dd223d0dd73babdb942e65ef16c8da7d0d1f5794d1ad7a169e93e5edfa83e13408cd8ff79676671072bf7af7236acf57893d1f9f71f790fb671fa1fcaef47d50c22303e19fa0b4e3b91edacc7417099bcf05d1634623f9c44d5ea8b068367a3ebb7937ae9e2ce7730688d0cbcf53da424a19c3907301c292f3468c1733607df82a9057584ad78341a0e78303a06f499ccf4c290bfeb1d4f0440fdfa0078cbd1fb8e661d4b827f584811f3fc2745e4d361470ce06e1f05ab70caa744f743d7cf1b196c170aa07002765c03e5461e3fb0698212cf31170be465a095855466c605adb8e721e614d69f26339a4764b9d6696e5ba2049eb36ec0ab54d3902d94b462e3f2118d73907bd925bdd476c476d36598f79cd9363798fee18a342b62c09f0b8a2b6958d77896d8db4f1fbd9d5e7da02b8574a6269caebc6ffdb76cc5d76348734b2caef732ba320c5c385108535dbda3a5c9afecf9ff2524d4a21aa848d2ce1ce4102785389721cf04a1ccd21c366bb8fbc2904554197bb1db687eb44659180c73f7fca4b25763737bb0278eb6d0bd8dea0d97627808db7bb877ec3ef23553fa60be5f974a13c9f2e94e7d385f27cba509e4f17caf3e9174de9e82f5ab09d017a7b0784d7aa84aecddbd6527f358377f34237472aa75f2cf5c8ad00f736304686d04395f5895230361356a42b45390d01c779028a45a54a974c264e667a5c78e7ee31578f74f473002b3d4f90a01aa7d323a5e0ae46118bb50fc520f44bc792a018149e2ba52ebe7bf8c5968c3f9753325aefd9830d0c386a0373a89db1fda02d5b832fe6831d55b5e302c9a09bef7f531616e87dc197669fa17020b8b566da0686abbbe7d63c785e4d97ad8374e3c2729ae57aba7c30dec629beaa0755bce573e005e7a5744b69ac1425cdb202557c6d9163b533ed966123ba4ff2c0fd509d656f2cfdd19e0ac30a05416e8373b7bd853cb3434d99a404c418f3e356a234c516b63c1dc74b636d82640df50c7c37f2aac8791d2dcb3a97defcac6e492b9ed7992da27191595369f226778fd9c0a8ca78ec181505e1922e1908631aa917536b7e1cab959e5a4ec4791d938a3876b421b411c44b40a2387ea855ffa253f5ef4c17caf3e942793e5d28cfa70be5f974a13c9f2e94e7d385f27cba509e4f17caf3e942793e5d28cfa70be5f974a13c9f2e94e7d385f2131a0ab3dfcd713856d256cae6448e8f1bc1bf32e53fbf7dfbdb5f2bb8abf76ae5576ae537bf7df3fe1f8e5ef6ca947f7cf3a73ffc9382fd97f76fdebf5194e0777f78ffc3eb5086a212be031c486704388052fb61ba51f263fbf63fbefdab5afee58737bffdd7371d25f8fd0faf44c9d6a8959860e1bb8eed428fbb4408b5df960e6cfa7c30a904c4872ffafef3dbdf28febffdf9377ff9dbdb03a5f1c3bff45e851278887a9c7029503543f11221d3d52335204f67286b83d5b48083c36417fff1465382990de8ffb9a7fce1b8b5e49928412f4ff280aff2316a33b4b8ebe88c7792f365b8461f290f6ea9f52ddc92442bbccb722f1ba2dd6a714fa982829379ce23ca3f7e82f295c2a5a6f472984ff7b28d775c3965dd755702827780ff84f2afbf3f60daffd951daaf167b808f488f93cce5c17a5d46b70b94e487412fc108e4f1788df0838ffff0a75f776b7ffbf72ebdfcb73fbd7f451ff738e5d30004680f03a482e920bca34c57ed62eef6070763caff78fffecd81f260e14f7ff3e6fd6bc51e4780b04f3c1102262cd08b3149d2ee96ac028642847cc05fd469f94a79cf0bbb2c9f4d4908798539189ed0b329ad417628bb40573e32b4868fbe11b8ec4ea004dccd7a3b83f0b04680fdf80dbffc6d9f4d695c0bd268db65564e65856d0fdb13cb070213d3a1577a8eaf1859c624a49881bc83f33757180d274d38435ed4cda4e0af32ca8309caf5071daeeb216ffca504137eb4e8f66c4a38f2bc4c7fea8c8ddc7c8b709b47797d65ede7f836937b6d15900f6d96bf23a5b8a3d41395e589df86791979ad7e8455727f9b59187b7dd15fe5d5556345191dbae7a48ca279a34702ee78b14773be11f530cc7180b7f3accb6a72cf8938a2b5a2ec8a16c112f81c3037d973a18dcaf5bcd88d396aaa6d23acc2bca923b3656140617ef4ab72cfa6a4a9432d4ba527a1f465edb2200fe32b5a4da5bc8d654769ae036f84a84ad0eb8ed2e7546c540071e2db40c43a307ad366b85fc9dd9411305cf174846118d8707ad436e9f929918ae28759ba29208601a8d14dbd1eda90d9f6e17a06c924d28318fcc340b03e347c004d48cc8979f8a29c3f0191709ac0d69f4dcc8678ea4393d2ea7c3efe4d7522a5416878979bc0875cc5fe711a437f9afc50fbc41ce8444a6cfaf9dd9064f9315451f321212509a1d5a3a121be0f92446069c3e509a42752f2417f60b0ae308323723f841a12157a0ff73236069d3e1a382902500538e2510f5dbd1ee50dae71eb0a2079394947878f925061847993e97485a6db7a92f30a8280772eea6150cde7c009d3fc0453be532957bc0e12c6c588b69c87dd34f8c0c62cb9055e37b8c6ce12da6cf000f36a04ef287bc5076acbe10913b29f4a39456dead68d4c81c507d6feea9ed205acb3d2b33348738f343566fc8e321030a85976caa7214ea56c566569b25a624de9c9c794927494b6ad0204e7b5a8e881325dda60938fca13c6f99e1ac7ab2cb36aecf6736b906e82b26bfbb10b964c955b7689ce6609b9ca2badccdb68b713352c02cbcf4698e12f1ffc792225b44348fdbe6f87fd3e1c578769e9c810da15080f29531f8f4d9f5434fdd0d525a8b52d8ccc6d4504cc2f9fc4eef5f29e97583bff5de790afac0be5f974a13c9f7e7994fedcfb4e259a074a22b03b70bf47b5f28112e82e0eb3ff5dca7c4449e195dafe3e75f550c1b2af86df9ae6094dc60f0501185e0dfb43f3f06fa2d6fa93893a63d23787fd89f90d0f0cafe0e3363463361b5f5d8def7e57e1a39ff38d0ee83f33f8a3123e8110dab6fdc9df373a70d87ffe54f8a28bcea5ff0131394cfab48b5ea10000000049454e44ae426082, 0001);
INSERT INTO `expenses` (`expensesID`, `expensesName`, `expensesAmount`, `expenseDate`, `receiptNum`, `receiptImage`, `employeeID`) VALUES
(0000008, 'Token Ribbon', '50.00', '2018-02-15', '141645645', 0x89504e470d0a1a0a0000000d49484452000000a5000001320803000000ace1e0a70000010b504c5445ffffffded4d7f1efefc5c5c5eaeaeac2bcbd918f8ff5f3f3cac4c54e4a4a000000e1e0e0888382554e4dbfbdbdfcfbfbd7cfd1f8f7f7dad9d9ff00653f3634989594d1cfcfe9aabbe7e6e6e5dee0716c6bcec7c9c6c4c4a2a2a2dddbdbff0061b3b0afada7a87d7877676160e3c6ce7e7a794541404e4645aea8a8605b5cebe3e6888888a19b9b110e0e6b6667aeaeaeef8ba82c2827333232d8dedc3b312f857d7e2320202b1d1bfc367a2726261a17173a3a3a5c5454ff0058ff0a6cffc9d8e2edebe7507f312624150805f77ea1bb9da4f94d85eedde2d4b7beeb1365f55f8dfcd6e0ef8faaffb0c5ed9fb4fcedf0ed0058a18389b7657bd04972be778ad492a4e2b4c0d13367f66c9633434cc800001cbf49444154789ced9d8b63dbba7def61880f0904098111510a2219902c295282a84ab39463894dbbb8edb6b65bb7bbdd7bf7ffff2503283bf639278e1c5971723a7d13d17cf343bc1f3f8000fc42049def5421790419e3ef55e60325b3beb59b3da190650f943debf502d797c9e00feb17ca97c9a86d48efd6bf634a770cef31bf63ca41ff0ac2c3fa774d695ed987f5ef9cf2cecbbf734afb90017de794f0e0e5df39e509e1924e6c320161a872ff7ea877c0c9a49f004f65b8c6188c757c1cf7873a24c1a11c02a70ad2ab104c885d4d4ea53c215c42148f11707368203e626a4768a1dcb3b6c8f4d05666ea4e7d94eda40a4a6cd56cdbc154c67943d6c5763065a7527eb98fc30f4585e02df2b94b82c373d75538621e6ad3f1cd280040ee495c7594a1b95809409a32da5f0f0c991db9f53929af770b24b66bc13938780559578eeb0fd1ce73d648513a3bd91d48f6c904ed2c67c677ab056a4850bc26255aa01c7b417d5f10d094d34794c0db611d3cfdb53341a8cc25575794af4fb958eca753f71165983fa604210f3a1f77268b554aa1a27c75b7fc80105a58d56a97d38add5142d7eb2fda80ad571621e60072aba364bdedbaa344a81eb0f909e9dda994765e0eca9641eed5bc3ec49ebd00a2bcae86d36b2b2803ab2a792ed4eec4cdf37453cb6a5e96b5c02b0e5f8f1238be122509703c76c8ba220350e601c23cea789e07d9e180da4e4818315f5d1152da73be1cf29794f7fc9d507a3c34b13fc9866add09134828208050b53c24955dae474c93e86d02c24977a03b184aa6f6ded5a79dac4f0005a10f546e4abb003a96c0cc53270b662fa574729e06586e72576d609c79290efbc361608566663b4bc7fce0ab03d5d4f2d28d2da4534ce1642388251587184c9314dfe58ab59b0a3f2013315b34366ef555fed6961b184fa7e2c5940d9f1896c8f256b989855a3c4592e37480b37a20aaa93fb94ed4590d57717c57b56e6ab906befd00af97eabec2daf4cb223cdca837951bb19da5819d55fe0ea57a5f3e8b7281dd33506229b38a60962bca98d7995b568b5155ba2dcfb1590152ebb3829ce1294eb1a8ae1a8279ea60edcfdea611f5bd6f7a5999cf1733610129fc725475ee0bbd389bd6fcc594d072cd697b971b4ad30a0668dcb8c37d3eb65062aadb37fa79b3515ee5d3e1c6ac603b94eedcc1fada68d5901ac27e1780272810dbd12c8ac1841bed75179c03db740b739a7d2e857a661c57f1c4b6c1ec63a35297100eef56c07d2422c03eb89a8a2df0f1a980da8f367eb2f60cfd3da544df5a275092241cff74df4c872ae2050f81cbf958240f05a19ea156a08ca90c420f875131eed75f50667f9a925c9913d905b32b25f514389657a93a13f24af483a10f27a674889c00df04a3461f984e250cfc500e491505a3bbfbd8cd344edd42855c91b5016f8bad1564d3a0cef0f38b1d9fa1fcbf6fdffe563bc1af7fab567ead20fef4f6ed9f35ed87055eb819cedd12b978b09e0c5cd272da9539653dcd0217a52b99ed6ec4c12939255870a34b8786914ac07895a3ca1d65e7a17cf3e73f00f0fbfff7fefd9bf76f1425fdd73fbcf9c77f5030e5bab8693146391fe5adcc854a4484be144edd2a7737b246d2225663e1ae9e1fd63d1658b5428af82a1da5933ccbb376eabad699dcf257eacfaffefdedfbbfbed1948af86d47a9d2edf2d632db1497de649b276908fabad4682b47c4b71bebf636c92d0ba799a9ef4bad95886e37caada3c1485c7333df8a6064cd6f25fd19cd9753d2ffea28ffe9877ffbdb5fde1e28c3cec7556d8c86be410ddb1feac207504e46baf6798741c80c9838c049a06187877cd1f6294db4bb519610c7b1c38440c7b6fd2f280d7f268effaaa3d449f9efdedc53fee30995e9c7faa2b4fc4147dd52cbf9cfb78fddf291588b6dc3c20e904dafdbd1cf3c6a6638591638e87c34b1c25981b9b4701604d80d4ea84f3c235c6afdeecec78d2e5c3e5238c035c76e517b7babd52fe0a3b89e0f544ae3c6bd5ee770fd5dcf8e4499455e5d7b513a08cf4ff97bfa8892d8bfff29254389401f04bcb99e93812e2d5a08040503028dcc3b1c9b7bead28d2aa44955469ab867764bfa5f6f7ef8e1e0c1e3ffafd34bfb0f7f7af3131f379a726f596b77c4d67c64f28c47fb6224ecf960deee6acb533b6636efe93e0606e866a9de029f02f9d9d8a312ca7b28ed79f67fbf7fff93d803b372c7e5685d8a6d790dafae66feaadd796036e599cf76c35978a5722ae5969ef2687fc50041deb9299f21867c819007d748d28f3ece7d55661770b84bba17519404c7cac3331548cb93205f48e994325bb985585bae57ea92864051d68e181e954b73e177948d00762b54993c5075a6e65b509249ed323f57f1877fd06d4280ca0fdc09daa9a8da36e8ee6a074cb9a70a28bac7334dbf05a5ba5e173f54c603c34372404208681812123a7729b8cecca1fad9ea04fafc4cf1ac94afa30be5f974a13c9f2e94e7d385f27cba509e4f2753268ce92c5c977b20633eb099cacc7d7ad8643e513546c620e8314681a1561df5dfe88ef86ac9beac9a762a6552e48d04341e798006a3b2f5fb0b03f44687d2dbbe6c7c28f7e59a39759347c6a62cf7628d62819a26f3f312edd65f56b13895b291f6709ff8d9a606fed40b4566ae20605ddd4b7cf0c3545eadb4e9973bb6456eeed52a1035f546945645c25ce1bc8e5b5e07ba9096c560ef3999f27a9badcde1a186c8dafe30e31552371d2f86801ad55a334d6ae2dd021fb7d41e7d69bde24b296384bafe6ddd030e0cddffb907d10a958095bbdda2eddcd2dda2063a6b74eb393bdd5e3c4468eb8354b9e5ae45b901e048e85b84355a3d13f74b29a17f6839d16e99845be9e13d701247f2feba9f1cdc524ce5600292ad19d9f67606ec70b233551412ca2d51d7ee724709423f79a6c79feae3b584c3e9646080e1dec845229afecab80f97233f6d428684cfc6a3b121b26a61fa2c4c6bdb438737bda37cbe4ea5f4b3c1da0a77aabab805c176350823a4e2f8ba8be3ef6c98598e44ab5de4948391083768b50d7648567794ef5e8b1218a1aae91814d8868a1fa101888a42d4e86a683a32a91da13e230cd53e55110aa1fa6fdfb577185f5afdf93bcf7b1e049fe132f6894d82777a06a52fc4a1eb8155c08be304d8228e0f79871f8148361100cb3856fecce2b86b1ff497f72fb05cea139320abd45288aeb5c388634f45f9388e23bd19a9150684aab52f9f6c8f3b4e199a9c57dab91c1c098c2d49a2b9c5b9be648c875e66e12264199e66940556b60e75dbd5fa9e32d30d1c0eb72c3ea18273a19c34acf066201c94e78bce06a519595640afb3718a7ed641f37c4a8c81d3ea46ac34009900f6fecaf54875a3dd688e0196201cb041655bc8c605f050058c6abebfbf78b655e7f55b000aac9bdb5ca10d7840d872d355afd0b5747009ece6aa5cb8357ab28bfc19945925cb1e2016eabab3ad75bfacfa5c1717f2b5f2321a4aeeeca559233bcb9c4c51a6adf99172b8f36d7573c72c4dcb15621753aa124debba519e93ba5d80e6413f28cde914158b17501a92d7888110eb504483b584235e5f2937823cd4bd39e52005256f64691783cc5c57d1adc06bfbde2d77432c6dab1c64d48eb98b3c89c542622ba7e0d0fca528f3c14080723e173757a753ea9e3b610399eabe1087f8ebabeb2c513e492adddd5c48a852bf7dc392bd5d9402eca51c0c56dbe89e729118aa5464770929f162000d6f84c132a734b30ef19e632324a0ace86cfb02b754e1aad27d35fa1659351e67e37ce399bb99d4dd61206b22cfa36d26e4075be6225a982af90ed6f7098f7a7262c47b750e03a45f1110aa725b1cf182d03c3e9cc23be32ef582f04594c39d8a3bebee98912394027f8090191e8a5fdae00af5c03b843c606384ba064ab9bdbf7686263c90fa9c0cf823456a71d847a854657b571e4ec973bd7c1780040d5fe296df5e17caf3e942793e5d28cfa70be5f974a13c9f2e94e7d385f27cba509e4fffdb28c327ea0324b13f7de00bf4694a886f56abf8f179d5ee662eca9b2dfef123971cccb7ab1b17f8e5ae6bf61bee752b0b910ba90e6c252172b7e8ac73b21386481da124b810719300919ac08c3a3b55ab74bc4532ac7e64e9c75c7e35c2c22deca9e9c72e20e3e6d0fbe0d4d20afca1e5a4dc4f5c1310b1e3e0743d4599dae1b59804814870d1ed9e34c0bb0620ae1f51326dd69412ca2b2a28884b90f06ad55557e9268d7a603c305904c84a00afc8ce4f696ff22ce7509bd10677662bba2344f9699c13cbbfbfb611b2a180ce55fd1fcaac34a915cc760eb32c41f4ab792e4f00c37c671b5984cf4f49377287c7a018e46cb976bb8ab7ee62187594f9fd88468cea72310466e900bbc0d202e6d6ad17956f597d82d5bdfc0d1ff7b320884081f25579921ddee7280916b2f50077943fca430b695f7731fcd8c7e5dc6a3f2420dd5060740c0ccfad8577b841202b409a89a605245567ae9273532ab70441032d9618c1c1aed2ccf7be8752294dd03cb275d3d05253a296731d97670b78b8412a2c2903986d33dee8191ef857f0f1a50748c08855a4e6c1097a782e9835c78200ec3f5cdeab08f09614d87325dd68ea589dc712cf030263b550fbb17ed1e5129caeff6d79cfd7d485f27cba509e4f17caf3e942793e5d28cfa75f3625f14f34da3e4d8e6fd8beef77c650d4f713bdf01f109ea0246699ea31d4401f21f0b0d62da061c097190e7c4a160abcdbfd5ef7bfc27830b80dfd77ebbdfbb1bffc094aa749578ca88a57e08080c744dab462e9985abeacf3c0f8f9635e289b4bd1b244bbe5a41d4317fbd328718eb9e532277c6eb73c5efb4bc678ca21c5558d4111c179fb15dc124ce5323faca5eb7e92076cf0d85eefd394618bb68b52142eca7d0b0269694a91596ece40fc92aac193ca8268b540dd541c3db42b817fbd583c0c60798ad2f2e252644b9cfbdca05c51da45c5a9dc2bca13c7957c5ed741980ad1aa6a47bf4912cbb22be1351f872c7d9ad2a9198003c16ddafa1c92cce294d6fd0cd2f66b518e641418611353d2cf43bbc10e76e84315fe09ca750f188baa8170cafc79c61d81b362dc6d02597f0dca7716c4edc0350269576e7b6dd841dbae3e56039fa88f87141047db31a8159596a98d04ea91996a13bea0f6ffb442a8678c348011029a388e8af58ef3f0a05f76def3399157cd96b43e4d6988a5587a3f6eaa8c96cb6567da125bd8009eda4a008b6ce09d34c2f109d9de525ba22d7b502c97e2e39d9f883d7c84eab90d926e22856ee691ab6d992375825d61dc48703daa5dd370a73e3b6d1ce65394169a00e05df3e4c3a06e8ee5905494d406610eedc0078176c27e3eb66b09c06c3a0362446e0585c45f73919b3f7bd44b74302a929c4d7dfbc1d0f0a970d919c75a2a5dc00c147736c6e2608003fd4d0690506f41339e9f39c6259dbd7396b1d27f3494ee7394d1885d8b105bc1ddae95be8c84abb2f441b3daa29eda57b3f3163de08d6ed10b78e86e77ab23e1f2401973390868511ffc946eba1953e02854691ba83c56bd037e964df159cb1e70ab2939b7abc8df7c9c61ebb3943d8071ead9599707109c6a7b5fb88aa28881d60b2b04706515e5e7a6ec3981724ca1a24c3216f22339a41e0ca1dcdd53a76f98b6bad4d737cad57aadb943085ddbfef50e31513a6277de0c13a289cc489e8378bbbb3956befcce74a13c9f2e94e7d385f25382bd1e03773fca7acc487a2c347a3ddffec4818ff308bd36a55f3798d6cd86d44d66e086fb71de98519ea7c9a70e7c2b4a02d5c3ee7f36b4890d21a1eaf7c903df8af2345d28cfa70be5f9f4046552afdd10724ba51c8ed8ef070e70f7e5fec6f76fd63590ebb2dcc7202c13107e767ac0672b2a1b75d7fdbeebf22f562b13d0f96afd70eb272c759aa20a9aaba600ecdaaf76027f807deb1ac7a11b577900d3412b1cf50eed8cd6fd735026e9de1f054b57d75d5239ac4663590da5fbd15ce0a9363775423ace256023dfdb03a734405833301c18206854ed49eaf7f7f3949c8712f4f7862020d7a35c3e042046e33c06d6c3043c4fb4135556bca434cf34a5b98be71baa3cb80784f2645dcecf326017fb7850fb7a1e1ae09d369fcf23996b555bc19d49d508cb60316e028917472801595ab99c351d65b5b02cc94038e875e62e7794ce60d0d47bb3abba05c14b29c55e55f8de7575c6d1c01aaec6bcc4f0985bc2c007e1aa5fa7c057e15279719175949381aa393507ca9c91b0edd7a74c44fe73c58ab23854c6aeb3d0de8eb3dc01c728eda2ce381ecb51d664b04245565a2a6cf6c0b06eb3a9e80c5af4a6b1ebcb2ce39e3c71429f4794eb83958c2d489017453dab7896ed8f9589422b9b1b005859c1405414999edc3dd08306b3ce9e6cb9ec36e1dc0156912d83eaa5949175b092490a08e22c632ac8e9e511caef4c17ca2fd5ecc999233e4de9bfd3b38c6384aa002d165fa583e767f2db4597271a7a2c1d08b35bf4e0684f5890316b1b313bb740cafdb0386f13e5a70533e1b036018095a6e711ab0aabc5911c523703023dfc11a40184e83542026536616bbf33f4545b754c8ee73d8756d60c83745a97ae23975fa1ebf127b2ad76af9b027d94730c720bcbe752a6cac74565001181af2d6805c2ece6f2c418a398af82a379cf1d2557945d23ead77749dda948a84d0848620a24c63c791e258dd1c09799ad67bc135f9f7250d6354f8437c61c4fab3eafebfa6363f85394ce12d068b9642cd261397ae144a7cf90ad7b9004ec45c0889702909eee4f3a46f97de942793e5d28cfa70be5a7c416372e45372541377ba7deaea3f976158bdd16fb9f3820bf15a53d1cce081b8e81fa117f98506738b40dc6e0a70e1ced87fcbe74a13c9f2e94e7d3132d309e528f247a6214a65685019c9e2a1c795fc5e2493f5addd98f227d7b2ad4f30061f773373d4da96d605aec5bed2087818b46039f64b949c08993651f17bff6489077b32c39a8754bc0acacce8fa444c45e9636f5b230c44b6a8f0404666be5c6d7a3a43b110486d346da4a348406e531a8d0c77acc672d2272dacd7ca367ebdbc7bafdb29b48e9ab542f505534a6d0d3d17513eca9e73acdee59f59e6065df537abb9bdd22073bfd765fc541479e8deb52dfdfdeed16b746c3ebc9f36a67714ec83de58ab13907ddd70ba3f39b051f5e9d9ab1adbfa612b1dccacae89975c8caf53cb73a506e015836e0d6625172660ba2074aa142564887856f601e708fa1e36d1b485b10dd223d0dd73babdb942e65ef16c8da7d0d1f5794d1ad7a169e93e5edfa83e13408cd8ff79676671072bf7af7236acf57893d1f9f71f790fb671fa1fcaef47d50c22303e19fa0b4e3b91edacc7417099bcf05d1634623f9c44d5ea8b068367a3ebb7937ae9e2ce7730688d0cbcf53da424a19c3907301c292f3468c1733607df82a9057584ad78341a0e78303a06f499ccf4c290bfeb1d4f0440fdfa0078cbd1fb8e661d4b827f584811f3fc2745e4d361470ce06e1f05ab70caa744f743d7cf1b196c170aa07002765c03e5461e3fb0698212cf31170be465a095855466c605adb8e721e614d69f26339a4764b9d6696e5ba2049eb36ec0ab54d3902d94b462e3f2118d73907bd925bdd476c476d36598f79cd9363798fee18a342b62c09f0b8a2b6958d77896d8db4f1fbd9d5e7da02b8574a6269caebc6ffdb76cc5d76348734b2caef732ba320c5c385108535dbda3a5c9afecf9ff2524d4a21aa848d2ce1ce4102785389721cf04a1ccd21c366bb8fbc2904554197bb1db687eb44659180c73f7fca4b25763737bb0278eb6d0bd8dea0d97627808db7bb877ec3ef23553fa60be5f974a13c9f2e94e7d385f27cba509e4f17caf3e9174de9e82f5ab09d017a7b0784d7aa84aecddbd6527f358377f34237472aa75f2cf5c8ad00f736304686d04395f5895230361356a42b45390d01c779028a45a54a974c264e667a5c78e7ee31578f74f473002b3d4f90a01aa7d323a5e0ae46118bb50fc520f44bc792a018149e2ba52ebe7bf8c5968c3f9753325aefd9830d0c386a0373a89db1fda02d5b832fe6831d55b5e302c9a09bef7f531616e87dc197669fa17020b8b566da0686abbbe7d63c785e4d97ad8374e3c2729ae57aba7c30dec629beaa0755bce573e005e7a5744b69ac1425cdb202557c6d9163b533ed966123ba4ff2c0fd509d656f2cfdd19e0ac30a05416e8373b7bd853cb3434d99a404c418f3e356a234c516b63c1dc74b636d82640df50c7c37f2aac8791d2dcb3a97defcac6e492b9ed7992da27191595369f226778fd9c0a8ca78ec181505e1922e1908631aa917536b7e1cab959e5a4ec4791d938a3876b421b411c44b40a2387ea855ffa253f5ef4c17caf3e942793e5d28cfa70be5f974a13c9f2e94e7d385f27cba509e4f17caf3e942793e5d28cfa70be5f974a13c9f2e94e7d385f2131a0ab3dfcd713856d256cae6448e8f1bc1bf32e53fbf7dfbdb5f2bb8abf76ae5576ae537bf7df3fe1f8e5ef6ca947f7cf3a73ffc9382fd97f76fdebf5194e0777f78ffc3eb5086a212be031c486704388052fb61ba51f263fbf63fbefdab5afee58737bffdd7371d25f8fd0faf44c9d6a8959860e1bb8eed428fbb4408b5df960e6cfa7c30a904c4872ffafef3dbdf28febffdf9377ff9dbdb03a5f1c3bff45e851278887a9c7029503543f11221d3d52335204f67286b83d5b48083c36417fff1465382990de8ffb9a7fce1b8b5e49928412f4ff280aff2316a33b4b8ebe88c7792f365b8461f290f6ea9f52ddc92442bbccb722f1ba2dd6a714fa982829379ce23ca3f7e82f295c2a5a6f472984ff7b28d775c3965dd755702827780ff84f2afbf3f60daffd951daaf167b808f488f93cce5c17a5d46b70b94e487412fc108e4f1788df0838ffff0a75f776b7ffbf72ebdfcb73fbd7f451ff738e5d30004680f03a482e920bca34c57ed62eef6070763caff78fffecd81f260e14f7ff3e6fd6bc51e4780b04f3c1102262cd08b3149d2ee96ac028642847cc05fd469f94a79cf0bbb2c9f4d4908798539189ed0b329ad417628bb40573e32b4868fbe11b8ec4ea004dccd7a3b83f0b04680fdf80dbffc6d9f4d695c0bd268db65564e65856d0fdb13cb070213d3a1577a8eaf1859c624a49881bc83f33757180d274d38435ed4cda4e0af32ca8309caf5071daeeb216ffca504137eb4e8f66c4a38f2bc4c7fea8c8ddc7c8b709b47797d65ede7f836937b6d15900f6d96bf23a5b8a3d41395e589df86791979ad7e8455727f9b59187b7dd15fe5d5556345191dbae7a48ca279a34702ee78b14773be11f530cc7180b7f3accb6a72cf8938a2b5a2ec8a16c112f81c3037d973a18dcaf5bcd88d396aaa6d23acc2bca923b3656140617ef4ab72cfa6a4a9432d4ba527a1f465edb2200fe32b5a4da5bc8d654769ae036f84a84ad0eb8ed2e7546c540071e2db40c43a307ad366b85fc9dd9411305cf174846118d8707ad436e9f929918ae28759ba29208601a8d14dbd1eda90d9f6e17a06c924d28318fcc340b03e347c004d48cc8979f8a29c3f0191709ac0d69f4dcc8678ea4393d2ea7c3efe4d7522a5416878979bc0875cc5fe711a437f9afc50fbc41ce8444a6cfaf9dd9064f9315451f321212509a1d5a3a121be0f92446069c3e509a42752f2417f60b0ae308323723f841a12157a0ff73236069d3e1a382902500538e2510f5dbd1ee50dae71eb0a2079394947878f925061847993e97485a6db7a92f30a8280772eea6150cde7c009d3fc0453be532957bc0e12c6c588b69c87dd34f8c0c62cb9055e37b8c6ce12da6cf000f36a04ef287bc5076acbe10913b29f4a39456dead68d4c81c507d6feea9ed205acb3d2b33348738f343566fc8e321030a85976caa7214ea56c566569b25a624de9c9c794927494b6ad0204e7b5a8e881325dda60938fca13c6f99e1ac7ab2cb36aecf6736b906e82b26bfbb10b964c955b7689ce6609b9ca2badccdb68b713352c02cbcf4698e12f1ffc792225b44348fdbe6f87fd3e1c578769e9c810da15080f29531f8f4d9f5434fdd0d525a8b52d8ccc6d4504cc2f9fc4eef5f29e97583bff5de790afac0be5f974a13c9f7e7994fedcfb4e259a074a22b03b70bf47b5f28112e82e0eb3ff5dca7c4449e195dafe3e75f550c1b2af86df9ae6094dc60f0501185e0dfb43f3f06fa2d6fa93893a63d23787fd89f90d0f0cafe0e3363463361b5f5d8def7e57e1a39ff38d0ee83f33f8a3123e8110dab6fdc9df373a70d87ffe54f8a28bcea5ff0131394cfab48b5ea10000000049454e44ae426082, 0001),
(0000009, 'Location Reservation', '5000.00', '2018-03-20', '356737357', 0x89504e470d0a1a0a0000000d49484452000000a5000001320803000000ace1e0a70000010b504c5445ffffffded4d7f1efefc5c5c5eaeaeac2bcbd918f8ff5f3f3cac4c54e4a4a000000e1e0e0888382554e4dbfbdbdfcfbfbd7cfd1f8f7f7dad9d9ff00653f3634989594d1cfcfe9aabbe7e6e6e5dee0716c6bcec7c9c6c4c4a2a2a2dddbdbff0061b3b0afada7a87d7877676160e3c6ce7e7a794541404e4645aea8a8605b5cebe3e6888888a19b9b110e0e6b6667aeaeaeef8ba82c2827333232d8dedc3b312f857d7e2320202b1d1bfc367a2726261a17173a3a3a5c5454ff0058ff0a6cffc9d8e2edebe7507f312624150805f77ea1bb9da4f94d85eedde2d4b7beeb1365f55f8dfcd6e0ef8faaffb0c5ed9fb4fcedf0ed0058a18389b7657bd04972be778ad492a4e2b4c0d13367f66c9633434cc800001cbf49444154789ced9d8b63dbba7def61880f0904098111510a2219902c295282a84ab39463894dbbb8edb6b65bb7bbdd7bf7ffff2503283bf639278e1c5971723a7d13d17cf343bc1f3f8000fc42049def5421790419e3ef55e60325b3beb59b3da190650f943debf502d797c9e00feb17ca97c9a86d48efd6bf634a770cef31bf63ca41ff0ac2c3fa774d695ed987f5ef9cf2cecbbf734afb90017de794f0e0e5df39e509e1924e6c320161a872ff7ea877c0c9a49f004f65b8c6188c757c1cf7873a24c1a11c02a70ad2ab104c885d4d4ea53c215c42148f11707368203e626a4768a1dcb3b6c8f4d05666ea4e7d94eda40a4a6cd56cdbc154c67943d6c5763065a7527eb98fc30f4585e02df2b94b82c373d75538621e6ad3f1cd280040ee495c7594a1b95809409a32da5f0f0c991db9f53929af770b24b66bc13938780559578eeb0fd1ce73d648513a3bd91d48f6c904ed2c67c677ab056a4850bc26255aa01c7b417d5f10d094d34794c0db611d3cfdb53341a8cc25575794af4fb958eca753f71165983fa604210f3a1f77268b554aa1a27c75b7fc80105a58d56a97d38add5142d7eb2fda80ad571621e60072aba364bdedbaa344a81eb0f909e9dda994765e0eca9641eed5bc3ec49ebd00a2bcae86d36b2b2803ab2a792ed4eec4cdf37453cb6a5e96b5c02b0e5f8f1238be122509703c76c8ba220350e601c23cea789e07d9e180da4e4818315f5d1152da73be1cf29794f7fc9d507a3c34b13fc9866add09134828208050b53c24955dae474c93e86d02c24977a03b184aa6f6ded5a79dac4f0005a10f546e4abb003a96c0cc53270b662fa574729e06586e72576d609c79290efbc361608566663b4bc7fce0ab03d5d4f2d28d2da4534ce1642388251587184c9314dfe58ab59b0a3f2013315b34366ef555fed6961b184fa7e2c5940d9f1896c8f256b989855a3c4592e37480b37a20aaa93fb94ed4590d57717c57b56e6ab906befd00af97eabec2daf4cb223cdca837951bb19da5819d55fe0ea57a5f3e8b7281dd33506229b38a60962bca98d7995b568b5155ba2dcfb1590152ebb3829ce1294eb1a8ae1a8279ea60edcfdea611f5bd6f7a5999cf1733610129fc725475ee0bbd389bd6fcc594d072cd697b971b4ad30a0668dcb8c37d3eb65062aadb37fa79b3515ee5d3e1c6ac603b94eedcc1fada68d5901ac27e1780272810dbd12c8ac1841bed75179c03db740b739a7d2e857a661c57f1c4b6c1ec63a35297100eef56c07d2422c03eb89a8a2df0f1a980da8f367eb2f60cfd3da544df5a275092241cff74df4c872ae2050f81cbf958240f05a19ea156a08ca90c420f875131eed75f50667f9a925c9913d905b32b25f514389657a93a13f24af483a10f27a674889c00df04a3461f984e250cfc500e491505a3bbfbd8cd344edd42855c91b5016f8bad1564d3a0cef0f38b1d9fa1fcbf6fdffe563bc1af7fab567ead20fef4f6ed9f35ed87055eb819cedd12b978b09e0c5cd272da9539653dcd0217a52b99ed6ec4c12939255870a34b8786914ac07895a3ca1d65e7a17cf3e73f00f0fbfff7fefd9bf76f1425fdd73fbcf9c77f5030e5bab8693146391fe5adcc854a4484be144edd2a7737b246d2225663e1ae9e1fd63d1658b5428af82a1da5933ccbb376eabad699dcf257eacfaffefdedfbbfbed1948af86d47a9d2edf2d632db1497de649b276908fabad4682b47c4b71bebf636c92d0ba799a9ef4bad95886e37caada3c1485c7333df8a6064cd6f25fd19cd9753d2ffea28ffe9877ffbdb5fde1e28c3cec7556d8c86be410ddb1feac207504e46baf6798741c80c9838c049a06187877cd1f6294db4bb519610c7b1c38440c7b6fd2f280d7f268effaaa3d449f9efdedc53fee30995e9c7faa2b4fc4147dd52cbf9cfb78fddf291588b6dc3c20e904dafdbd1cf3c6a6638591638e87c34b1c25981b9b4701604d80d4ea84f3c235c6afdeecec78d2e5c3e5238c035c76e517b7babd52fe0a3b89e0f544ae3c6bd5ee770fd5dcf8e4499455e5d7b513a08cf4ff97bfa8892d8bfff29254389401f04bcb99e93812e2d5a08040503028dcc3b1c9b7bead28d2aa44955469ab867764bfa5f6f7ef8e1e0c1e3ffafd34bfb0f7f7af3131f379a726f596b77c4d67c64f28c47fb6224ecf960deee6acb533b6636efe93e0606e866a9de029f02f9d9d8a312ca7b28ed79f67fbf7fff93d803b372c7e5685d8a6d790dafae66feaadd796036e599cf76c35978a5722ae5969ef2687fc50041deb9299f21867c819007d748d28f3ece7d55661770b84bba17519404c7cac3331548cb93205f48e994325bb985585bae57ea92864051d68e181e954b73e177948d00762b54993c5075a6e65b509249ed323f57f1877fd06d4280ca0fdc09daa9a8da36e8ee6a074cb9a70a28bac7334dbf05a5ba5e173f54c603c34372404208681812123a7729b8cecca1fad9ea04fafc4cf1ac94afa30be5f974a13c9f2e94e7d385f27cba509e4f2753268ce92c5c977b20633eb099cacc7d7ad8643e513546c620e8314681a1561df5dfe88ef86ac9beac9a762a6552e48d04341e798006a3b2f5fb0b03f44687d2dbbe6c7c28f7e59a39759347c6a62cf7628d62819a26f3f312edd65f56b13895b291f6709ff8d9a606fed40b4566ae20605ddd4b7cf0c3545eadb4e9973bb6456eeed52a1035f546945645c25ce1bc8e5b5e07ba9096c560ef3999f27a9badcde1a186c8dafe30e31552371d2f86801ad55a334d6ae2dd021fb7d41e7d69bde24b296384bafe6ddd030e0cddffb907d10a958095bbdda2eddcd2dda2063a6b74eb393bdd5e3c4468eb8354b9e5ae45b901e048e85b84355a3d13f74b29a17f6839d16e99845be9e13d701247f2feba9f1cdc524ce5600292ad19d9f67606ec70b233551412ca2d51d7ee724709423f79a6c79feae3b584c3e9646080e1dec845229afecab80f97233f6d428684cfc6a3b121b26a61fa2c4c6bdb438737bda37cbe4ea5f4b3c1da0a77aabab805c176350823a4e2f8ba8be3ef6c98598e44ab5de4948391083768b50d7648567794ef5e8b1218a1aae91814d8868a1fa101888a42d4e86a683a32a91da13e230cd53e55110aa1fa6fdfb577185f5afdf93bcf7b1e049fe132f6894d82777a06a52fc4a1eb8155c08be304d8228e0f79871f8148361100cb3856fecce2b86b1ff497f72fb05cea139320abd45288aeb5c388634f45f9388e23bd19a9150684aab52f9f6c8f3b4e199a9c57dab91c1c098c2d49a2b9c5b9be648c875e66e12264199e66940556b60e75dbd5fa9e32d30d1c0eb72c3ea18273a19c34acf066201c94e78bce06a519595640afb3718a7ed641f37c4a8c81d3ea46ac34009900f6fecaf54875a3dd688e0196201cb041655bc8c605f050058c6abebfbf78b655e7f55b000aac9bdb5ca10d7840d872d355afd0b5747009ece6aa5cb8357ab28bfc19945925cb1e2016eabab3ad75bfacfa5c1717f2b5f2321a4aeeeca559233bcb9c4c51a6adf99172b8f36d7573c72c4dcb15621753aa124debba519e93ba5d80e6413f28cde914158b17501a92d7888110eb504483b584235e5f2937823cd4bd39e52005256f64691783cc5c57d1adc06bfbde2d77432c6dab1c64d48eb98b3c89c542622ba7e0d0fca528f3c14080723e173757a753ea9e3b610399eabe1087f8ebabeb2c513e492adddd5c48a852bf7dc392bd5d9402eca51c0c56dbe89e729118aa5464770929f162000d6f84c132a734b30ef19e632324a0ace86cfb02b754e1aad27d35fa1659351e67e37ce399bb99d4dd61206b22cfa36d26e4075be6225a982af90ed6f7098f7a7262c47b750e03a45f1110aa725b1cf182d03c3e9cc23be32ef582f04594c39d8a3bebee98912394027f8090191e8a5fdae00af5c03b843c606384ba064ab9bdbf7686263c90fa9c0cf823456a71d847a854657b571e4ec973bd7c1780040d5fe296df5e17caf3e942793e5d28cfa70be5f974a13c9f2e94e7d385f27cba509e4fffdb28c327ea0324b13f7de00bf4694a886f56abf8f179d5ee662eca9b2dfef123971cccb7ab1b17f8e5ae6bf61bee752b0b910ba90e6c252172b7e8ac73b21386481da124b810719300919ac08c3a3b55ab74bc4532ac7e64e9c75c7e35c2c22deca9e9c72e20e3e6d0fbe0d4d20afca1e5a4dc4f5c1310b1e3e0743d4599dae1b59804814870d1ed9e34c0bb0620ae1f51326dd69412ca2b2a28884b90f06ad55557e9268d7a603c305904c84a00afc8ce4f696ff22ce7509bd10677662bba2344f9699c13cbbfbfb611b2a180ce55fd1fcaac34a915cc760eb32c41f4ab792e4f00c37c671b5984cf4f49377287c7a018e46cb976bb8ab7ee62187594f9fd88468cea72310466e900bbc0d202e6d6ad17956f597d82d5bdfc0d1ff7b320884081f25579921ddee7280916b2f50077943fca430b695f7731fcd8c7e5dc6a3f2420dd5060740c0ccfad8577b841202b409a89a605245567ae9273532ab70441032d9618c1c1aed2ccf7be8752294dd03cb275d3d05253a296731d97670b78b8412a2c2903986d33dee8191ef857f0f1a50748c08855a4e6c1097a782e9835c78200ec3f5cdeab08f09614d87325dd68ea589dc712cf030263b550fbb17ed1e5129caeff6d79cfd7d485f27cba509e4f17caf3e942793e5d28cfa75f3625f14f34da3e4d8e6fd8beef77c650d4f713bdf01f109ea0246699ea31d4401f21f0b0d62da061c097190e7c4a160abcdbfd5ef7bfc27830b80dfd77ebbdfbb1bffc094aa749578ca88a57e08080c744dab462e9985abeacf3c0f8f9635e289b4bd1b244bbe5a41d4317fbd328718eb9e532277c6eb73c5efb4bc678ca21c5558d4111c179fb15dc124ce5323faca5eb7e92076cf0d85eefd394618bb68b52142eca7d0b0269694a91596ece40fc92aac193ca8268b540dd541c3db42b817fbd583c0c60798ad2f2e252644b9cfbdca05c51da45c5a9dc2bca13c7957c5ed741980ad1aa6a47bf4912cbb22be1351f872c7d9ad2a9198003c16ddafa1c92cce294d6fd0cd2f66b518e641418611353d2cf43bbc10e76e84315fe09ca750f188baa8170cafc79c61d81b362dc6d02597f0dca7716c4edc0350269576e7b6dd841dbae3e56039fa88f87141047db31a8159596a98d04ea91996a13bea0f6ffb442a8678c348011029a388e8af58ef3f0a05f76def3399157cd96b43e4d6988a5587a3f6eaa8c96cb6567da125bd8009eda4a008b6ce09d34c2f109d9de525ba22d7b502c97e2e39d9f883d7c84eab90d926e22856ee691ab6d992375825d61dc48703daa5dd370a73e3b6d1ce65394169a00e05df3e4c3a06e8ee5905494d406610eedc0078176c27e3eb66b09c06c3a0362446e0585c45f73919b3f7bd44b74302a929c4d7dfbc1d0f0a970d919c75a2a5dc00c147736c6e2608003fd4d0690506f41339e9f39c6259dbd7396b1d27f3494ee7394d1885d8b105bc1ddae95be8c84abb2f441b3daa29eda57b3f3163de08d6ed10b78e86e77ab23e1f2401973390868511ffc946eba1953e02854691ba83c56bd037e964df159cb1e70ab2939b7abc8df7c9c61ebb3943d8071ead9599707109c6a7b5fb88aa28881d60b2b04706515e5e7a6ec3981724ca1a24c3216f22339a41e0ca1dcdd53a76f98b6bad4d737cad57aadb943085ddbfef50e31513a6277de0c13a289cc489e8378bbbb3956befcce74a13c9f2e94e7d385f25382bd1e03773fca7acc487a2c347a3ddffec4818ff308bd36a55f3798d6cd86d44d66e086fb71de98519ea7c9a70e7c2b4a02d5c3ee7f36b4890d21a1eaf7c903df8af2345d28cfa70be5f9f4046552afdd10724ba51c8ed8ef070e70f7e5fec6f76fd63590ebb2dcc7202c13107e767ac0672b2a1b75d7fdbeebf22f562b13d0f96afd70eb272c759aa20a9aaba600ecdaaf76027f807deb1ac7a11b577900d3412b1cf50eed8cd6fd735026e9de1f054b57d75d5239ac4663590da5fbd15ce0a9363775423ace256023dfdb03a734405833301c18206854ed49eaf7f7f3949c8712f4f7862020d7a35c3e042046e33c06d6c3043c4fb4135556bca434cf34a5b98be71baa3cb80784f2645dcecf326017fb7850fb7a1e1ae09d369fcf23996b555bc19d49d508cb60316e028917472801595ab99c351d65b5b02cc94038e875e62e7794ce60d0d47bb3abba05c14b29c55e55f8de7575c6d1c01aaec6bcc4f0985bc2c007e1aa5fa7c057e15279719175949381aa393507ca9c91b0edd7a74c44fe73c58ab23854c6aeb3d0de8eb3dc01c728eda2ce381ecb51d664b04245565a2a6cf6c0b06eb3a9e80c5af4a6b1ebcb2ce39e3c71429f4794eb83958c2d489017453dab7896ed8f9589422b9b1b005859c1405414999edc3dd08306b3ce9e6cb9ec36e1dc0156912d83eaa5949175b092490a08e22c632ac8e9e511caef4c17ca2fd5ecc999233e4de9bfd3b38c6384aa002d165fa583e767f2db4597271a7a2c1d08b35bf4e0684f5890316b1b313bb740cafdb0386f13e5a70533e1b036018095a6e711ab0aabc5911c523703023dfc11a40184e83542026536616bbf33f4545b754c8ee73d8756d60c83745a97ae23975fa1ebf127b2ad76af9b027d94730c720bcbe752a6cac74565001181af2d6805c2ece6f2c418a398af82a379cf1d2557945d23ead77749dda948a84d0848620a24c63c791e258dd1c09799ad67bc135f9f7250d6354f8437c61c4fab3eafebfa6363f85394ce12d068b9642cd261397ae144a7cf90ad7b9004ec45c0889702909eee4f3a46f97de942793e5d28cfa70be5a7c416372e45372541377ba7deaea3f976158bdd16fb9f3820bf15a53d1cce081b8e81fa117f98506738b40dc6e0a70e1ced87fcbe74a13c9f2e94e7d3132d309e528f247a6214a65685019c9e2a1c795fc5e2493f5addd98f227d7b2ad4f30061f773373d4da96d605aec5bed2087818b46039f64b949c08993651f17bff6489077b32c39a8754bc0acacce8fa444c45e9636f5b230c44b6a8f0404666be5c6d7a3a43b110486d346da4a348406e531a8d0c77acc672d2272dacd7ca367ebdbc7bafdb29b48e9ab542f505534a6d0d3d17513eca9e73acdee59f59e6065df537abb9bdd22073bfd765fc541479e8deb52dfdfdeed16b746c3ebc9f36a67714ec83de58ab13907ddd70ba3f39b051f5e9d9ab1adbfa612b1dccacae89975c8caf53cb73a506e015836e0d6625172660ba2074aa142564887856f601e708fa1e36d1b485b10dd223d0dd73babdb942e65ef16c8da7d0d1f5794d1ad7a169e93e5edfa83e13408cd8ff79676671072bf7af7236acf57893d1f9f71f790fb671fa1fcaef47d50c22303e19fa0b4e3b91edacc7417099bcf05d1634623f9c44d5ea8b068367a3ebb7937ae9e2ce7730688d0cbcf53da424a19c3907301c292f3468c1733607df82a9057584ad78341a0e78303a06f499ccf4c290bfeb1d4f0440fdfa0078cbd1fb8e661d4b827f584811f3fc2745e4d361470ce06e1f05ab70caa744f743d7cf1b196c170aa07002765c03e5461e3fb0698212cf31170be465a095855466c605adb8e721e614d69f26339a4764b9d6696e5ba2049eb36ec0ab54d3902d94b462e3f2118d73907bd925bdd476c476d36598f79cd9363798fee18a342b62c09f0b8a2b6958d77896d8db4f1fbd9d5e7da02b8574a6269caebc6ffdb76cc5d76348734b2caef732ba320c5c385108535dbda3a5c9afecf9ff2524d4a21aa848d2ce1ce4102785389721cf04a1ccd21c366bb8fbc2904554197bb1db687eb44659180c73f7fca4b25763737bb0278eb6d0bd8dea0d97627808db7bb877ec3ef23553fa60be5f974a13c9f2e94e7d385f27cba509e4f17caf3e9174de9e82f5ab09d017a7b0784d7aa84aecddbd6527f358377f34237472aa75f2cf5c8ad00f736304686d04395f5895230361356a42b45390d01c779028a45a54a974c264e667a5c78e7ee31578f74f473002b3d4f90a01aa7d323a5e0ae46118bb50fc520f44bc792a018149e2ba52ebe7bf8c5968c3f9753325aefd9830d0c386a0373a89db1fda02d5b832fe6831d55b5e302c9a09bef7f531616e87dc197669fa17020b8b566da0686abbbe7d63c785e4d97ad8374e3c2729ae57aba7c30dec629beaa0755bce573e005e7a5744b69ac1425cdb202557c6d9163b533ed966123ba4ff2c0fd509d656f2cfdd19e0ac30a05416e8373b7bd853cb3434d99a404c418f3e356a234c516b63c1dc74b636d82640df50c7c37f2aac8791d2dcb3a97defcac6e492b9ed7992da27191595369f226778fd9c0a8ca78ec181505e1922e1908631aa917536b7e1cab959e5a4ec4791d938a3876b421b411c44b40a2387ea855ffa253f5ef4c17caf3e942793e5d28cfa70be5f974a13c9f2e94e7d385f27cba509e4f17caf3e942793e5d28cfa70be5f974a13c9f2e94e7d385f2131a0ab3dfcd713856d256cae6448e8f1bc1bf32e53fbf7dfbdb5f2bb8abf76ae5576ae537bf7df3fe1f8e5ef6ca947f7cf3a73ffc9382fd97f76fdebf5194e0777f78ffc3eb5086a212be031c486704388052fb61ba51f263fbf63fbefdab5afee58737bffdd7371d25f8fd0faf44c9d6a8959860e1bb8eed428fbb4408b5df960e6cfa7c30a904c4872ffafef3dbdf28febffdf9377ff9dbdb03a5f1c3bff45e851278887a9c7029503543f11221d3d52335204f67286b83d5b48083c36417fff1465382990de8ffb9a7fce1b8b5e49928412f4ff280aff2316a33b4b8ebe88c7792f365b8461f290f6ea9f52ddc92442bbccb722f1ba2dd6a714fa982829379ce23ca3f7e82f295c2a5a6f472984ff7b28d775c3965dd755702827780ff84f2afbf3f60daffd951daaf167b808f488f93cce5c17a5d46b70b94e487412fc108e4f1788df0838ffff0a75f776b7ffbf72ebdfcb73fbd7f451ff738e5d30004680f03a482e920bca34c57ed62eef6070763caff78fffecd81f260e14f7ff3e6fd6bc51e4780b04f3c1102262cd08b3149d2ee96ac028642847cc05fd469f94a79cf0bbb2c9f4d4908798539189ed0b329ad417628bb40573e32b4868fbe11b8ec4ea004dccd7a3b83f0b04680fdf80dbffc6d9f4d695c0bd268db65564e65856d0fdb13cb070213d3a1577a8eaf1859c624a49881bc83f33757180d274d38435ed4cda4e0af32ca8309caf5071daeeb216ffca504137eb4e8f66c4a38f2bc4c7fea8c8ddc7c8b709b47797d65ede7f836937b6d15900f6d96bf23a5b8a3d41395e589df86791979ad7e8455727f9b59187b7dd15fe5d5556345191dbae7a48ca279a34702ee78b14773be11f530cc7180b7f3accb6a72cf8938a2b5a2ec8a16c112f81c3037d973a18dcaf5bcd88d396aaa6d23acc2bca923b3656140617ef4ab72cfa6a4a9432d4ba527a1f465edb2200fe32b5a4da5bc8d654769ae036f84a84ad0eb8ed2e7546c540071e2db40c43a307ad366b85fc9dd9411305cf174846118d8707ad436e9f929918ae28759ba29208601a8d14dbd1eda90d9f6e17a06c924d28318fcc340b03e347c004d48cc8979f8a29c3f0191709ac0d69f4dcc8678ea4393d2ea7c3efe4d7522a5416878979bc0875cc5fe711a437f9afc50fbc41ce8444a6cfaf9dd9064f9315451f321212509a1d5a3a121be0f92446069c3e509a42752f2417f60b0ae308323723f841a12157a0ff73236069d3e1a382902500538e2510f5dbd1ee50dae71eb0a2079394947878f925061847993e97485a6db7a92f30a8280772eea6150cde7c009d3fc0453be532957bc0e12c6c588b69c87dd34f8c0c62cb9055e37b8c6ce12da6cf000f36a04ef287bc5076acbe10913b29f4a39456dead68d4c81c507d6feea9ed205acb3d2b33348738f343566fc8e321030a85976caa7214ea56c566569b25a624de9c9c794927494b6ad0204e7b5a8e881325dda60938fca13c6f99e1ac7ab2cb36aecf6736b906e82b26bfbb10b964c955b7689ce6609b9ca2badccdb68b713352c02cbcf4698e12f1ffc792225b44348fdbe6f87fd3e1c578769e9c810da15080f29531f8f4d9f5434fdd0d525a8b52d8ccc6d4504cc2f9fc4eef5f29e97583bff5de790afac0be5f974a13c9f7e7994fedcfb4e259a074a22b03b70bf47b5f28112e82e0eb3ff5dca7c4449e195dafe3e75f550c1b2af86df9ae6094dc60f0501185e0dfb43f3f06fa2d6fa93893a63d23787fd89f90d0f0cafe0e3363463361b5f5d8def7e57e1a39ff38d0ee83f33f8a3123e8110dab6fdc9df373a70d87ffe54f8a28bcea5ff0131394cfab48b5ea10000000049454e44ae426082, 0001),
(0000010, 'Location Reservation', '5000.00', '2018-10-19', '36436L', 0x89504e470d0a1a0a0000000d49484452000000a5000001320803000000ace1e0a70000010b504c5445ffffffded4d7f1efefc5c5c5eaeaeac2bcbd918f8ff5f3f3cac4c54e4a4a000000e1e0e0888382554e4dbfbdbdfcfbfbd7cfd1f8f7f7dad9d9ff00653f3634989594d1cfcfe9aabbe7e6e6e5dee0716c6bcec7c9c6c4c4a2a2a2dddbdbff0061b3b0afada7a87d7877676160e3c6ce7e7a794541404e4645aea8a8605b5cebe3e6888888a19b9b110e0e6b6667aeaeaeef8ba82c2827333232d8dedc3b312f857d7e2320202b1d1bfc367a2726261a17173a3a3a5c5454ff0058ff0a6cffc9d8e2edebe7507f312624150805f77ea1bb9da4f94d85eedde2d4b7beeb1365f55f8dfcd6e0ef8faaffb0c5ed9fb4fcedf0ed0058a18389b7657bd04972be778ad492a4e2b4c0d13367f66c9633434cc800001cbf49444154789ced9d8b63dbba7def61880f0904098111510a2219902c295282a84ab39463894dbbb8edb6b65bb7bbdd7bf7ffff2503283bf639278e1c5971723a7d13d17cf343bc1f3f8000fc42049def5421790419e3ef55e60325b3beb59b3da190650f943debf502d797c9e00feb17ca97c9a86d48efd6bf634a770cef31bf63ca41ff0ac2c3fa774d695ed987f5ef9cf2cecbbf734afb90017de794f0e0e5df39e509e1924e6c320161a872ff7ea877c0c9a49f004f65b8c6188c757c1cf7873a24c1a11c02a70ad2ab104c885d4d4ea53c215c42148f11707368203e626a4768a1dcb3b6c8f4d05666ea4e7d94eda40a4a6cd56cdbc154c67943d6c5763065a7527eb98fc30f4585e02df2b94b82c373d75538621e6ad3f1cd280040ee495c7594a1b95809409a32da5f0f0c991db9f53929af770b24b66bc13938780559578eeb0fd1ce73d648513a3bd91d48f6c904ed2c67c677ab056a4850bc26255aa01c7b417d5f10d094d34794c0db611d3cfdb53341a8cc25575794af4fb958eca753f71165983fa604210f3a1f77268b554aa1a27c75b7fc80105a58d56a97d38add5142d7eb2fda80ad571621e60072aba364bdedbaa344a81eb0f909e9dda994765e0eca9641eed5bc3ec49ebd00a2bcae86d36b2b2803ab2a792ed4eec4cdf37453cb6a5e96b5c02b0e5f8f1238be122509703c76c8ba220350e601c23cea789e07d9e180da4e4818315f5d1152da73be1cf29794f7fc9d507a3c34b13fc9866add09134828208050b53c24955dae474c93e86d02c24977a03b184aa6f6ded5a79dac4f0005a10f546e4abb003a96c0cc53270b662fa574729e06586e72576d609c79290efbc361608566663b4bc7fce0ab03d5d4f2d28d2da4534ce1642388251587184c9314dfe58ab59b0a3f2013315b34366ef555fed6961b184fa7e2c5940d9f1896c8f256b989855a3c4592e37480b37a20aaa93fb94ed4590d57717c57b56e6ab906befd00af97eabec2daf4cb223cdca837951bb19da5819d55fe0ea57a5f3e8b7281dd33506229b38a60962bca98d7995b568b5155ba2dcfb1590152ebb3829ce1294eb1a8ae1a8279ea60edcfdea611f5bd6f7a5999cf1733610129fc725475ee0bbd389bd6fcc594d072cd697b971b4ad30a0668dcb8c37d3eb65062aadb37fa79b3515ee5d3e1c6ac603b94eedcc1fada68d5901ac27e1780272810dbd12c8ac1841bed75179c03db740b739a7d2e857a661c57f1c4b6c1ec63a35297100eef56c07d2422c03eb89a8a2df0f1a980da8f367eb2f60cfd3da544df5a275092241cff74df4c872ae2050f81cbf958240f05a19ea156a08ca90c420f875131eed75f50667f9a925c9913d905b32b25f514389657a93a13f24af483a10f27a674889c00df04a3461f984e250cfc500e491505a3bbfbd8cd344edd42855c91b5016f8bad1564d3a0cef0f38b1d9fa1fcbf6fdffe563bc1af7fab567ead20fef4f6ed9f35ed87055eb819cedd12b978b09e0c5cd272da9539653dcd0217a52b99ed6ec4c12939255870a34b8786914ac07895a3ca1d65e7a17cf3e73f00f0fbfff7fefd9bf76f1425fdd73fbcf9c77f5030e5bab8693146391fe5adcc854a4484be144edd2a7737b246d2225663e1ae9e1fd63d1658b5428af82a1da5933ccbb376eabad699dcf257eacfaffefdedfbbfbed1948af86d47a9d2edf2d632db1497de649b276908fabad4682b47c4b71bebf636c92d0ba799a9ef4bad95886e37caada3c1485c7333df8a6064cd6f25fd19cd9753d2ffea28ffe9877ffbdb5fde1e28c3cec7556d8c86be410ddb1feac207504e46baf6798741c80c9838c049a06187877cd1f6294db4bb519610c7b1c38440c7b6fd2f280d7f268effaaa3d449f9efdedc53fee30995e9c7faa2b4fc4147dd52cbf9cfb78fddf291588b6dc3c20e904dafdbd1cf3c6a6638591638e87c34b1c25981b9b4701604d80d4ea84f3c235c6afdeecec78d2e5c3e5238c035c76e517b7babd52fe0a3b89e0f544ae3c6bd5ee770fd5dcf8e4499455e5d7b513a08cf4ff97bfa8892d8bfff29254389401f04bcb99e93812e2d5a08040503028dcc3b1c9b7bead28d2aa44955469ab867764bfa5f6f7ef8e1e0c1e3ffafd34bfb0f7f7af3131f379a726f596b77c4d67c64f28c47fb6224ecf960deee6acb533b6636efe93e0606e866a9de029f02f9d9d8a312ca7b28ed79f67fbf7fff93d803b372c7e5685d8a6d790dafae66feaadd796036e599cf76c35978a5722ae5969ef2687fc50041deb9299f21867c819007d748d28f3ece7d55661770b84bba17519404c7cac3331548cb93205f48e994325bb985585bae57ea92864051d68e181e954b73e177948d00762b54993c5075a6e65b509249ed323f57f1877fd06d4280ca0fdc09daa9a8da36e8ee6a074cb9a70a28bac7334dbf05a5ba5e173f54c603c34372404208681812123a7729b8cecca1fad9ea04fafc4cf1ac94afa30be5f974a13c9f2e94e7d385f27cba509e4f2753268ce92c5c977b20633eb099cacc7d7ad8643e513546c620e8314681a1561df5dfe88ef86ac9beac9a762a6552e48d04341e798006a3b2f5fb0b03f44687d2dbbe6c7c28f7e59a39759347c6a62cf7628d62819a26f3f312edd65f56b13895b291f6709ff8d9a606fed40b4566ae20605ddd4b7cf0c3545eadb4e9973bb6456eeed52a1035f546945645c25ce1bc8e5b5e07ba9096c560ef3999f27a9badcde1a186c8dafe30e31552371d2f86801ad55a334d6ae2dd021fb7d41e7d69bde24b296384bafe6ddd030e0cddffb907d10a958095bbdda2eddcd2dda2063a6b74eb393bdd5e3c4468eb8354b9e5ae45b901e048e85b84355a3d13f74b29a17f6839d16e99845be9e13d701247f2feba9f1cdc524ce5600292ad19d9f67606ec70b233551412ca2d51d7ee724709423f79a6c79feae3b584c3e9646080e1dec845229afecab80f97233f6d428684cfc6a3b121b26a61fa2c4c6bdb438737bda37cbe4ea5f4b3c1da0a77aabab805c176350823a4e2f8ba8be3ef6c98598e44ab5de4948391083768b50d7648567794ef5e8b1218a1aae91814d8868a1fa101888a42d4e86a683a32a91da13e230cd53e55110aa1fa6fdfb577185f5afdf93bcf7b1e049fe132f6894d82777a06a52fc4a1eb8155c08be304d8228e0f79871f8148361100cb3856fecce2b86b1ff497f72fb05cea139320abd45288aeb5c388634f45f9388e23bd19a9150684aab52f9f6c8f3b4e199a9c57dab91c1c098c2d49a2b9c5b9be648c875e66e12264199e66940556b60e75dbd5fa9e32d30d1c0eb72c3ea18273a19c34acf066201c94e78bce06a519595640afb3718a7ed641f37c4a8c81d3ea46ac34009900f6fecaf54875a3dd688e0196201cb041655bc8c605f050058c6abebfbf78b655e7f55b000aac9bdb5ca10d7840d872d355afd0b5747009ece6aa5cb8357ab28bfc19945925cb1e2016eabab3ad75bfacfa5c1717f2b5f2321a4aeeeca559233bcb9c4c51a6adf99172b8f36d7573c72c4dcb15621753aa124debba519e93ba5d80e6413f28cde914158b17501a92d7888110eb504483b584235e5f2937823cd4bd39e52005256f64691783cc5c57d1adc06bfbde2d77432c6dab1c64d48eb98b3c89c542622ba7e0d0fca528f3c14080723e173757a753ea9e3b610399eabe1087f8ebabeb2c513e492adddd5c48a852bf7dc392bd5d9402eca51c0c56dbe89e729118aa5464770929f162000d6f84c132a734b30ef19e632324a0ace86cfb02b754e1aad27d35fa1659351e67e37ce399bb99d4dd61206b22cfa36d26e4075be6225a982af90ed6f7098f7a7262c47b750e03a45f1110aa725b1cf182d03c3e9cc23be32ef582f04594c39d8a3bebee98912394027f8090191e8a5fdae00af5c03b843c606384ba064ab9bdbf7686263c90fa9c0cf823456a71d847a854657b571e4ec973bd7c1780040d5fe296df5e17caf3e942793e5d28cfa70be5f974a13c9f2e94e7d385f27cba509e4fffdb28c327ea0324b13f7de00bf4694a886f56abf8f179d5ee662eca9b2dfef123971cccb7ab1b17f8e5ae6bf61bee752b0b910ba90e6c252172b7e8ac73b21386481da124b810719300919ac08c3a3b55ab74bc4532ac7e64e9c75c7e35c2c22deca9e9c72e20e3e6d0fbe0d4d20afca1e5a4dc4f5c1310b1e3e0743d4599dae1b59804814870d1ed9e34c0bb0620ae1f51326dd69412ca2b2a28884b90f06ad55557e9268d7a603c305904c84a00afc8ce4f696ff22ce7509bd10677662bba2344f9699c13cbbfbfb611b2a180ce55fd1fcaac34a915cc760eb32c41f4ab792e4f00c37c671b5984cf4f49377287c7a018e46cb976bb8ab7ee62187594f9fd88468cea72310466e900bbc0d202e6d6ad17956f597d82d5bdfc0d1ff7b320884081f25579921ddee7280916b2f50077943fca430b695f7731fcd8c7e5dc6a3f2420dd5060740c0ccfad8577b841202b409a89a605245567ae9273532ab70441032d9618c1c1aed2ccf7be8752294dd03cb275d3d05253a296731d97670b78b8412a2c2903986d33dee8191ef857f0f1a50748c08855a4e6c1097a782e9835c78200ec3f5cdeab08f09614d87325dd68ea589dc712cf030263b550fbb17ed1e5129caeff6d79cfd7d485f27cba509e4f17caf3e942793e5d28cfa75f3625f14f34da3e4d8e6fd8beef77c650d4f713bdf01f109ea0246699ea31d4401f21f0b0d62da061c097190e7c4a160abcdbfd5ef7bfc27830b80dfd77ebbdfbb1bffc094aa749578ca88a57e08080c744dab462e9985abeacf3c0f8f9635e289b4bd1b244bbe5a41d4317fbd328718eb9e532277c6eb73c5efb4bc678ca21c5558d4111c179fb15dc124ce5323faca5eb7e92076cf0d85eefd394618bb68b52142eca7d0b0269694a91596ece40fc92aac193ca8268b540dd541c3db42b817fbd583c0c60798ad2f2e252644b9cfbdca05c51da45c5a9dc2bca13c7957c5ed741980ad1aa6a47bf4912cbb22be1351f872c7d9ad2a9198003c16ddafa1c92cce294d6fd0cd2f66b518e641418611353d2cf43bbc10e76e84315fe09ca750f188baa8170cafc79c61d81b362dc6d02597f0dca7716c4edc0350269576e7b6dd841dbae3e56039fa88f87141047db31a8159596a98d04ea91996a13bea0f6ffb442a8678c348011029a388e8af58ef3f0a05f76def3399157cd96b43e4d6988a5587a3f6eaa8c96cb6567da125bd8009eda4a008b6ce09d34c2f109d9de525ba22d7b502c97e2e39d9f883d7c84eab90d926e22856ee691ab6d992375825d61dc48703daa5dd370a73e3b6d1ce65394169a00e05df3e4c3a06e8ee5905494d406610eedc0078176c27e3eb66b09c06c3a0362446e0585c45f73919b3f7bd44b74302a929c4d7dfbc1d0f0a970d919c75a2a5dc00c147736c6e2608003fd4d0690506f41339e9f39c6259dbd7396b1d27f3494ee7394d1885d8b105bc1ddae95be8c84abb2f441b3daa29eda57b3f3163de08d6ed10b78e86e77ab23e1f2401973390868511ffc946eba1953e02854691ba83c56bd037e964df159cb1e70ab2939b7abc8df7c9c61ebb3943d8071ead9599707109c6a7b5fb88aa28881d60b2b04706515e5e7a6ec3981724ca1a24c3216f22339a41e0ca1dcdd53a76f98b6bad4d737cad57aadb943085ddbfef50e31513a6277de0c13a289cc489e8378bbbb3956befcce74a13c9f2e94e7d385f25382bd1e03773fca7acc487a2c347a3ddffec4818ff308bd36a55f3798d6cd86d44d66e086fb71de98519ea7c9a70e7c2b4a02d5c3ee7f36b4890d21a1eaf7c903df8af2345d28cfa70be5f9f4046552afdd10724ba51c8ed8ef070e70f7e5fec6f76fd63590ebb2dcc7202c13107e767ac0672b2a1b75d7fdbeebf22f562b13d0f96afd70eb272c759aa20a9aaba600ecdaaf76027f807deb1ac7a11b577900d3412b1cf50eed8cd6fd735026e9de1f054b57d75d5239ac4663590da5fbd15ce0a9363775423ace256023dfdb03a734405833301c18206854ed49eaf7f7f3949c8712f4f7862020d7a35c3e042046e33c06d6c3043c4fb4135556bca434cf34a5b98be71baa3cb80784f2645dcecf326017fb7850fb7a1e1ae09d369fcf23996b555bc19d49d508cb60316e028917472801595ab99c351d65b5b02cc94038e875e62e7794ce60d0d47bb3abba05c14b29c55e55f8de7575c6d1c01aaec6bcc4f0985bc2c007e1aa5fa7c057e15279719175949381aa393507ca9c91b0edd7a74c44fe73c58ab23854c6aeb3d0de8eb3dc01c728eda2ce381ecb51d664b04245565a2a6cf6c0b06eb3a9e80c5af4a6b1ebcb2ce39e3c71429f4794eb83958c2d489017453dab7896ed8f9589422b9b1b005859c1405414999edc3dd08306b3ce9e6cb9ec36e1dc0156912d83eaa5949175b092490a08e22c632ac8e9e511caef4c17ca2fd5ecc999233e4de9bfd3b38c6384aa002d165fa583e767f2db4597271a7a2c1d08b35bf4e0684f5890316b1b313bb740cafdb0386f13e5a70533e1b036018095a6e711ab0aabc5911c523703023dfc11a40184e83542026536616bbf33f4545b754c8ee73d8756d60c83745a97ae23975fa1ebf127b2ad76af9b027d94730c720bcbe752a6cac74565001181af2d6805c2ece6f2c418a398af82a379cf1d2557945d23ead77749dda948a84d0848620a24c63c791e258dd1c09799ad67bc135f9f7250d6354f8437c61c4fab3eafebfa6363f85394ce12d068b9642cd261397ae144a7cf90ad7b9004ec45c0889702909eee4f3a46f97de942793e5d28cfa70be5a7c416372e45372541377ba7deaea3f976158bdd16fb9f3820bf15a53d1cce081b8e81fa117f98506738b40dc6e0a70e1ced87fcbe74a13c9f2e94e7d3132d309e528f247a6214a65685019c9e2a1c795fc5e2493f5addd98f227d7b2ad4f30061f773373d4da96d605aec5bed2087818b46039f64b949c08993651f17bff6489077b32c39a8754bc0acacce8fa444c45e9636f5b230c44b6a8f0404666be5c6d7a3a43b110486d346da4a348406e531a8d0c77acc672d2272dacd7ca367ebdbc7bafdb29b48e9ab542f505534a6d0d3d17513eca9e73acdee59f59e6065df537abb9bdd22073bfd765fc541479e8deb52dfdfdeed16b746c3ebc9f36a67714ec83de58ab13907ddd70ba3f39b051f5e9d9ab1adbfa612b1dccacae89975c8caf53cb73a506e015836e0d6625172660ba2074aa142564887856f601e708fa1e36d1b485b10dd223d0dd73babdb942e65ef16c8da7d0d1f5794d1ad7a169e93e5edfa83e13408cd8ff79676671072bf7af7236acf57893d1f9f71f790fb671fa1fcaef47d50c22303e19fa0b4e3b91edacc7417099bcf05d1634623f9c44d5ea8b068367a3ebb7937ae9e2ce7730688d0cbcf53da424a19c3907301c292f3468c1733607df82a9057584ad78341a0e78303a06f499ccf4c290bfeb1d4f0440fdfa0078cbd1fb8e661d4b827f584811f3fc2745e4d361470ce06e1f05ab70caa744f743d7cf1b196c170aa07002765c03e5461e3fb0698212cf31170be465a095855466c605adb8e721e614d69f26339a4764b9d6696e5ba2049eb36ec0ab54d3902d94b462e3f2118d73907bd925bdd476c476d36598f79cd9363798fee18a342b62c09f0b8a2b6958d77896d8db4f1fbd9d5e7da02b8574a6269caebc6ffdb76cc5d76348734b2caef732ba320c5c385108535dbda3a5c9afecf9ff2524d4a21aa848d2ce1ce4102785389721cf04a1ccd21c366bb8fbc2904554197bb1db687eb44659180c73f7fca4b25763737bb0278eb6d0bd8dea0d97627808db7bb877ec3ef23553fa60be5f974a13c9f2e94e7d385f27cba509e4f17caf3e9174de9e82f5ab09d017a7b0784d7aa84aecddbd6527f358377f34237472aa75f2cf5c8ad00f736304686d04395f5895230361356a42b45390d01c779028a45a54a974c264e667a5c78e7ee31578f74f473002b3d4f90a01aa7d323a5e0ae46118bb50fc520f44bc792a018149e2ba52ebe7bf8c5968c3f9753325aefd9830d0c386a0373a89db1fda02d5b832fe6831d55b5e302c9a09bef7f531616e87dc197669fa17020b8b566da0686abbbe7d63c785e4d97ad8374e3c2729ae57aba7c30dec629beaa0755bce573e005e7a5744b69ac1425cdb202557c6d9163b533ed966123ba4ff2c0fd509d656f2cfdd19e0ac30a05416e8373b7bd853cb3434d99a404c418f3e356a234c516b63c1dc74b636d82640df50c7c37f2aac8791d2dcb3a97defcac6e492b9ed7992da27191595369f226778fd9c0a8ca78ec181505e1922e1908631aa917536b7e1cab959e5a4ec4791d938a3876b421b411c44b40a2387ea855ffa253f5ef4c17caf3e942793e5d28cfa70be5f974a13c9f2e94e7d385f27cba509e4f17caf3e942793e5d28cfa70be5f974a13c9f2e94e7d385f2131a0ab3dfcd713856d256cae6448e8f1bc1bf32e53fbf7dfbdb5f2bb8abf76ae5576ae537bf7df3fe1f8e5ef6ca947f7cf3a73ffc9382fd97f76fdebf5194e0777f78ffc3eb5086a212be031c486704388052fb61ba51f263fbf63fbefdab5afee58737bffdd7371d25f8fd0faf44c9d6a8959860e1bb8eed428fbb4408b5df960e6cfa7c30a904c4872ffafef3dbdf28febffdf9377ff9dbdb03a5f1c3bff45e851278887a9c7029503543f11221d3d52335204f67286b83d5b48083c36417fff1465382990de8ffb9a7fce1b8b5e49928412f4ff280aff2316a33b4b8ebe88c7792f365b8461f290f6ea9f52ddc92442bbccb722f1ba2dd6a714fa982829379ce23ca3f7e82f295c2a5a6f472984ff7b28d775c3965dd755702827780ff84f2afbf3f60daffd951daaf167b808f488f93cce5c17a5d46b70b94e487412fc108e4f1788df0838ffff0a75f776b7ffbf72ebdfcb73fbd7f451ff738e5d30004680f03a482e920bca34c57ed62eef6070763caff78fffecd81f260e14f7ff3e6fd6bc51e4780b04f3c1102262cd08b3149d2ee96ac028642847cc05fd469f94a79cf0bbb2c9f4d4908798539189ed0b329ad417628bb40573e32b4868fbe11b8ec4ea004dccd7a3b83f0b04680fdf80dbffc6d9f4d695c0bd268db65564e65856d0fdb13cb070213d3a1577a8eaf1859c624a49881bc83f33757180d274d38435ed4cda4e0af32ca8309caf5071daeeb216ffca504137eb4e8f66c4a38f2bc4c7fea8c8ddc7c8b709b47797d65ede7f836937b6d15900f6d96bf23a5b8a3d41395e589df86791979ad7e8455727f9b59187b7dd15fe5d5556345191dbae7a48ca279a34702ee78b14773be11f530cc7180b7f3accb6a72cf8938a2b5a2ec8a16c112f81c3037d973a18dcaf5bcd88d396aaa6d23acc2bca923b3656140617ef4ab72cfa6a4a9432d4ba527a1f465edb2200fe32b5a4da5bc8d654769ae036f84a84ad0eb8ed2e7546c540071e2db40c43a307ad366b85fc9dd9411305cf174846118d8707ad436e9f929918ae28759ba29208601a8d14dbd1eda90d9f6e17a06c924d28318fcc340b03e347c004d48cc8979f8a29c3f0191709ac0d69f4dcc8678ea4393d2ea7c3efe4d7522a5416878979bc0875cc5fe711a437f9afc50fbc41ce8444a6cfaf9dd9064f9315451f321212509a1d5a3a121be0f92446069c3e509a42752f2417f60b0ae308323723f841a12157a0ff73236069d3e1a382902500538e2510f5dbd1ee50dae71eb0a2079394947878f925061847993e97485a6db7a92f30a8280772eea6150cde7c009d3fc0453be532957bc0e12c6c588b69c87dd34f8c0c62cb9055e37b8c6ce12da6cf000f36a04ef287bc5076acbe10913b29f4a39456dead68d4c81c507d6feea9ed205acb3d2b33348738f343566fc8e321030a85976caa7214ea56c566569b25a624de9c9c794927494b6ad0204e7b5a8e881325dda60938fca13c6f99e1ac7ab2cb36aecf6736b906e82b26bfbb10b964c955b7689ce6609b9ca2badccdb68b713352c02cbcf4698e12f1ffc792225b44348fdbe6f87fd3e1c578769e9c810da15080f29531f8f4d9f5434fdd0d525a8b52d8ccc6d4504cc2f9fc4eef5f29e97583bff5de790afac0be5f974a13c9f7e7994fedcfb4e259a074a22b03b70bf47b5f28112e82e0eb3ff5dca7c4449e195dafe3e75f550c1b2af86df9ae6094dc60f0501185e0dfb43f3f06fa2d6fa93893a63d23787fd89f90d0f0cafe0e3363463361b5f5d8def7e57e1a39ff38d0ee83f33f8a3123e8110dab6fdc9df373a70d87ffe54f8a28bcea5ff0131394cfab48b5ea10000000049454e44ae426082, 0001);
INSERT INTO `expenses` (`expensesID`, `expensesName`, `expensesAmount`, `expenseDate`, `receiptNum`, `receiptImage`, `employeeID`) VALUES
(0000011, 'Location Reservation', '5000.00', '2018-10-15', '2352352H', 0x89504e470d0a1a0a0000000d49484452000000a5000001320803000000ace1e0a70000010b504c5445ffffffded4d7f1efefc5c5c5eaeaeac2bcbd918f8ff5f3f3cac4c54e4a4a000000e1e0e0888382554e4dbfbdbdfcfbfbd7cfd1f8f7f7dad9d9ff00653f3634989594d1cfcfe9aabbe7e6e6e5dee0716c6bcec7c9c6c4c4a2a2a2dddbdbff0061b3b0afada7a87d7877676160e3c6ce7e7a794541404e4645aea8a8605b5cebe3e6888888a19b9b110e0e6b6667aeaeaeef8ba82c2827333232d8dedc3b312f857d7e2320202b1d1bfc367a2726261a17173a3a3a5c5454ff0058ff0a6cffc9d8e2edebe7507f312624150805f77ea1bb9da4f94d85eedde2d4b7beeb1365f55f8dfcd6e0ef8faaffb0c5ed9fb4fcedf0ed0058a18389b7657bd04972be778ad492a4e2b4c0d13367f66c9633434cc800001cbf49444154789ced9d8b63dbba7def61880f0904098111510a2219902c295282a84ab39463894dbbb8edb6b65bb7bbdd7bf7ffff2503283bf639278e1c5971723a7d13d17cf343bc1f3f8000fc42049def5421790419e3ef55e60325b3beb59b3da190650f943debf502d797c9e00feb17ca97c9a86d48efd6bf634a770cef31bf63ca41ff0ac2c3fa774d695ed987f5ef9cf2cecbbf734afb90017de794f0e0e5df39e509e1924e6c320161a872ff7ea877c0c9a49f004f65b8c6188c757c1cf7873a24c1a11c02a70ad2ab104c885d4d4ea53c215c42148f11707368203e626a4768a1dcb3b6c8f4d05666ea4e7d94eda40a4a6cd56cdbc154c67943d6c5763065a7527eb98fc30f4585e02df2b94b82c373d75538621e6ad3f1cd280040ee495c7594a1b95809409a32da5f0f0c991db9f53929af770b24b66bc13938780559578eeb0fd1ce73d648513a3bd91d48f6c904ed2c67c677ab056a4850bc26255aa01c7b417d5f10d094d34794c0db611d3cfdb53341a8cc25575794af4fb958eca753f71165983fa604210f3a1f77268b554aa1a27c75b7fc80105a58d56a97d38add5142d7eb2fda80ad571621e60072aba364bdedbaa344a81eb0f909e9dda994765e0eca9641eed5bc3ec49ebd00a2bcae86d36b2b2803ab2a792ed4eec4cdf37453cb6a5e96b5c02b0e5f8f1238be122509703c76c8ba220350e601c23cea789e07d9e180da4e4818315f5d1152da73be1cf29794f7fc9d507a3c34b13fc9866add09134828208050b53c24955dae474c93e86d02c24977a03b184aa6f6ded5a79dac4f0005a10f546e4abb003a96c0cc53270b662fa574729e06586e72576d609c79290efbc361608566663b4bc7fce0ab03d5d4f2d28d2da4534ce1642388251587184c9314dfe58ab59b0a3f2013315b34366ef555fed6961b184fa7e2c5940d9f1896c8f256b989855a3c4592e37480b37a20aaa93fb94ed4590d57717c57b56e6ab906befd00af97eabec2daf4cb223cdca837951bb19da5819d55fe0ea57a5f3e8b7281dd33506229b38a60962bca98d7995b568b5155ba2dcfb1590152ebb3829ce1294eb1a8ae1a8279ea60edcfdea611f5bd6f7a5999cf1733610129fc725475ee0bbd389bd6fcc594d072cd697b971b4ad30a0668dcb8c37d3eb65062aadb37fa79b3515ee5d3e1c6ac603b94eedcc1fada68d5901ac27e1780272810dbd12c8ac1841bed75179c03db740b739a7d2e857a661c57f1c4b6c1ec63a35297100eef56c07d2422c03eb89a8a2df0f1a980da8f367eb2f60cfd3da544df5a275092241cff74df4c872ae2050f81cbf958240f05a19ea156a08ca90c420f875131eed75f50667f9a925c9913d905b32b25f514389657a93a13f24af483a10f27a674889c00df04a3461f984e250cfc500e491505a3bbfbd8cd344edd42855c91b5016f8bad1564d3a0cef0f38b1d9fa1fcbf6fdffe563bc1af7fab567ead20fef4f6ed9f35ed87055eb819cedd12b978b09e0c5cd272da9539653dcd0217a52b99ed6ec4c12939255870a34b8786914ac07895a3ca1d65e7a17cf3e73f00f0fbfff7fefd9bf76f1425fdd73fbcf9c77f5030e5bab8693146391fe5adcc854a4484be144edd2a7737b246d2225663e1ae9e1fd63d1658b5428af82a1da5933ccbb376eabad699dcf257eacfaffefdedfbbfbed1948af86d47a9d2edf2d632db1497de649b276908fabad4682b47c4b71bebf636c92d0ba799a9ef4bad95886e37caada3c1485c7333df8a6064cd6f25fd19cd9753d2ffea28ffe9877ffbdb5fde1e28c3cec7556d8c86be410ddb1feac207504e46baf6798741c80c9838c049a06187877cd1f6294db4bb519610c7b1c38440c7b6fd2f280d7f268effaaa3d449f9efdedc53fee30995e9c7faa2b4fc4147dd52cbf9cfb78fddf291588b6dc3c20e904dafdbd1cf3c6a6638591638e87c34b1c25981b9b4701604d80d4ea84f3c235c6afdeecec78d2e5c3e5238c035c76e517b7babd52fe0a3b89e0f544ae3c6bd5ee770fd5dcf8e4499455e5d7b513a08cf4ff97bfa8892d8bfff29254389401f04bcb99e93812e2d5a08040503028dcc3b1c9b7bead28d2aa44955469ab867764bfa5f6f7ef8e1e0c1e3ffafd34bfb0f7f7af3131f379a726f596b77c4d67c64f28c47fb6224ecf960deee6acb533b6636efe93e0606e866a9de029f02f9d9d8a312ca7b28ed79f67fbf7fff93d803b372c7e5685d8a6d790dafae66feaadd796036e599cf76c35978a5722ae5969ef2687fc50041deb9299f21867c819007d748d28f3ece7d55661770b84bba17519404c7cac3331548cb93205f48e994325bb985585bae57ea92864051d68e181e954b73e177948d00762b54993c5075a6e65b509249ed323f57f1877fd06d4280ca0fdc09daa9a8da36e8ee6a074cb9a70a28bac7334dbf05a5ba5e173f54c603c34372404208681812123a7729b8cecca1fad9ea04fafc4cf1ac94afa30be5f974a13c9f2e94e7d385f27cba509e4f2753268ce92c5c977b20633eb099cacc7d7ad8643e513546c620e8314681a1561df5dfe88ef86ac9beac9a762a6552e48d04341e798006a3b2f5fb0b03f44687d2dbbe6c7c28f7e59a39759347c6a62cf7628d62819a26f3f312edd65f56b13895b291f6709ff8d9a606fed40b4566ae20605ddd4b7cf0c3545eadb4e9973bb6456eeed52a1035f546945645c25ce1bc8e5b5e07ba9096c560ef3999f27a9badcde1a186c8dafe30e31552371d2f86801ad55a334d6ae2dd021fb7d41e7d69bde24b296384bafe6ddd030e0cddffb907d10a958095bbdda2eddcd2dda2063a6b74eb393bdd5e3c4468eb8354b9e5ae45b901e048e85b84355a3d13f74b29a17f6839d16e99845be9e13d701247f2feba9f1cdc524ce5600292ad19d9f67606ec70b233551412ca2d51d7ee724709423f79a6c79feae3b584c3e9646080e1dec845229afecab80f97233f6d428684cfc6a3b121b26a61fa2c4c6bdb438737bda37cbe4ea5f4b3c1da0a77aabab805c176350823a4e2f8ba8be3ef6c98598e44ab5de4948391083768b50d7648567794ef5e8b1218a1aae91814d8868a1fa101888a42d4e86a683a32a91da13e230cd53e55110aa1fa6fdfb577185f5afdf93bcf7b1e049fe132f6894d82777a06a52fc4a1eb8155c08be304d8228e0f79871f8148361100cb3856fecce2b86b1ff497f72fb05cea139320abd45288aeb5c388634f45f9388e23bd19a9150684aab52f9f6c8f3b4e199a9c57dab91c1c098c2d49a2b9c5b9be648c875e66e12264199e66940556b60e75dbd5fa9e32d30d1c0eb72c3ea18273a19c34acf066201c94e78bce06a519595640afb3718a7ed641f37c4a8c81d3ea46ac34009900f6fecaf54875a3dd688e0196201cb041655bc8c605f050058c6abebfbf78b655e7f55b000aac9bdb5ca10d7840d872d355afd0b5747009ece6aa5cb8357ab28bfc19945925cb1e2016eabab3ad75bfacfa5c1717f2b5f2321a4aeeeca559233bcb9c4c51a6adf99172b8f36d7573c72c4dcb15621753aa124debba519e93ba5d80e6413f28cde914158b17501a92d7888110eb504483b584235e5f2937823cd4bd39e52005256f64691783cc5c57d1adc06bfbde2d77432c6dab1c64d48eb98b3c89c542622ba7e0d0fca528f3c14080723e173757a753ea9e3b610399eabe1087f8ebabeb2c513e492adddd5c48a852bf7dc392bd5d9402eca51c0c56dbe89e729118aa5464770929f162000d6f84c132a734b30ef19e632324a0ace86cfb02b754e1aad27d35fa1659351e67e37ce399bb99d4dd61206b22cfa36d26e4075be6225a982af90ed6f7098f7a7262c47b750e03a45f1110aa725b1cf182d03c3e9cc23be32ef582f04594c39d8a3bebee98912394027f8090191e8a5fdae00af5c03b843c606384ba064ab9bdbf7686263c90fa9c0cf823456a71d847a854657b571e4ec973bd7c1780040d5fe296df5e17caf3e942793e5d28cfa70be5f974a13c9f2e94e7d385f27cba509e4fffdb28c327ea0324b13f7de00bf4694a886f56abf8f179d5ee662eca9b2dfef123971cccb7ab1b17f8e5ae6bf61bee752b0b910ba90e6c252172b7e8ac73b21386481da124b810719300919ac08c3a3b55ab74bc4532ac7e64e9c75c7e35c2c22deca9e9c72e20e3e6d0fbe0d4d20afca1e5a4dc4f5c1310b1e3e0743d4599dae1b59804814870d1ed9e34c0bb0620ae1f51326dd69412ca2b2a28884b90f06ad55557e9268d7a603c305904c84a00afc8ce4f696ff22ce7509bd10677662bba2344f9699c13cbbfbfb611b2a180ce55fd1fcaac34a915cc760eb32c41f4ab792e4f00c37c671b5984cf4f49377287c7a018e46cb976bb8ab7ee62187594f9fd88468cea72310466e900bbc0d202e6d6ad17956f597d82d5bdfc0d1ff7b320884081f25579921ddee7280916b2f50077943fca430b695f7731fcd8c7e5dc6a3f2420dd5060740c0ccfad8577b841202b409a89a605245567ae9273532ab70441032d9618c1c1aed2ccf7be8752294dd03cb275d3d05253a296731d97670b78b8412a2c2903986d33dee8191ef857f0f1a50748c08855a4e6c1097a782e9835c78200ec3f5cdeab08f09614d87325dd68ea589dc712cf030263b550fbb17ed1e5129caeff6d79cfd7d485f27cba509e4f17caf3e942793e5d28cfa75f3625f14f34da3e4d8e6fd8beef77c650d4f713bdf01f109ea0246699ea31d4401f21f0b0d62da061c097190e7c4a160abcdbfd5ef7bfc27830b80dfd77ebbdfbb1bffc094aa749578ca88a57e08080c744dab462e9985abeacf3c0f8f9635e289b4bd1b244bbe5a41d4317fbd328718eb9e532277c6eb73c5efb4bc678ca21c5558d4111c179fb15dc124ce5323faca5eb7e92076cf0d85eefd394618bb68b52142eca7d0b0269694a91596ece40fc92aac193ca8268b540dd541c3db42b817fbd583c0c60798ad2f2e252644b9cfbdca05c51da45c5a9dc2bca13c7957c5ed741980ad1aa6a47bf4912cbb22be1351f872c7d9ad2a9198003c16ddafa1c92cce294d6fd0cd2f66b518e641418611353d2cf43bbc10e76e84315fe09ca750f188baa8170cafc79c61d81b362dc6d02597f0dca7716c4edc0350269576e7b6dd841dbae3e56039fa88f87141047db31a8159596a98d04ea91996a13bea0f6ffb442a8678c348011029a388e8af58ef3f0a05f76def3399157cd96b43e4d6988a5587a3f6eaa8c96cb6567da125bd8009eda4a008b6ce09d34c2f109d9de525ba22d7b502c97e2e39d9f883d7c84eab90d926e22856ee691ab6d992375825d61dc48703daa5dd370a73e3b6d1ce65394169a00e05df3e4c3a06e8ee5905494d406610eedc0078176c27e3eb66b09c06c3a0362446e0585c45f73919b3f7bd44b74302a929c4d7dfbc1d0f0a970d919c75a2a5dc00c147736c6e2608003fd4d0690506f41339e9f39c6259dbd7396b1d27f3494ee7394d1885d8b105bc1ddae95be8c84abb2f441b3daa29eda57b3f3163de08d6ed10b78e86e77ab23e1f2401973390868511ffc946eba1953e02854691ba83c56bd037e964df159cb1e70ab2939b7abc8df7c9c61ebb3943d8071ead9599707109c6a7b5fb88aa28881d60b2b04706515e5e7a6ec3981724ca1a24c3216f22339a41e0ca1dcdd53a76f98b6bad4d737cad57aadb943085ddbfef50e31513a6277de0c13a289cc489e8378bbbb3956befcce74a13c9f2e94e7d385f25382bd1e03773fca7acc487a2c347a3ddffec4818ff308bd36a55f3798d6cd86d44d66e086fb71de98519ea7c9a70e7c2b4a02d5c3ee7f36b4890d21a1eaf7c903df8af2345d28cfa70be5f9f4046552afdd10724ba51c8ed8ef070e70f7e5fec6f76fd63590ebb2dcc7202c13107e767ac0672b2a1b75d7fdbeebf22f562b13d0f96afd70eb272c759aa20a9aaba600ecdaaf76027f807deb1ac7a11b577900d3412b1cf50eed8cd6fd735026e9de1f054b57d75d5239ac4663590da5fbd15ce0a9363775423ace256023dfdb03a734405833301c18206854ed49eaf7f7f3949c8712f4f7862020d7a35c3e042046e33c06d6c3043c4fb4135556bca434cf34a5b98be71baa3cb80784f2645dcecf326017fb7850fb7a1e1ae09d369fcf23996b555bc19d49d508cb60316e028917472801595ab99c351d65b5b02cc94038e875e62e7794ce60d0d47bb3abba05c14b29c55e55f8de7575c6d1c01aaec6bcc4f0985bc2c007e1aa5fa7c057e15279719175949381aa393507ca9c91b0edd7a74c44fe73c58ab23854c6aeb3d0de8eb3dc01c728eda2ce381ecb51d664b04245565a2a6cf6c0b06eb3a9e80c5af4a6b1ebcb2ce39e3c71429f4794eb83958c2d489017453dab7896ed8f9589422b9b1b005859c1405414999edc3dd08306b3ce9e6cb9ec36e1dc0156912d83eaa5949175b092490a08e22c632ac8e9e511caef4c17ca2fd5ecc999233e4de9bfd3b38c6384aa002d165fa583e767f2db4597271a7a2c1d08b35bf4e0684f5890316b1b313bb740cafdb0386f13e5a70533e1b036018095a6e711ab0aabc5911c523703023dfc11a40184e83542026536616bbf33f4545b754c8ee73d8756d60c83745a97ae23975fa1ebf127b2ad76af9b027d94730c720bcbe752a6cac74565001181af2d6805c2ece6f2c418a398af82a379cf1d2557945d23ead77749dda948a84d0848620a24c63c791e258dd1c09799ad67bc135f9f7250d6354f8437c61c4fab3eafebfa6363f85394ce12d068b9642cd261397ae144a7cf90ad7b9004ec45c0889702909eee4f3a46f97de942793e5d28cfa70be5a7c416372e45372541377ba7deaea3f976158bdd16fb9f3820bf15a53d1cce081b8e81fa117f98506738b40dc6e0a70e1ced87fcbe74a13c9f2e94e7d3132d309e528f247a6214a65685019c9e2a1c795fc5e2493f5addd98f227d7b2ad4f30061f773373d4da96d605aec5bed2087818b46039f64b949c08993651f17bff6489077b32c39a8754bc0acacce8fa444c45e9636f5b230c44b6a8f0404666be5c6d7a3a43b110486d346da4a348406e531a8d0c77acc672d2272dacd7ca367ebdbc7bafdb29b48e9ab542f505534a6d0d3d17513eca9e73acdee59f59e6065df537abb9bdd22073bfd765fc541479e8deb52dfdfdeed16b746c3ebc9f36a67714ec83de58ab13907ddd70ba3f39b051f5e9d9ab1adbfa612b1dccacae89975c8caf53cb73a506e015836e0d6625172660ba2074aa142564887856f601e708fa1e36d1b485b10dd223d0dd73babdb942e65ef16c8da7d0d1f5794d1ad7a169e93e5edfa83e13408cd8ff79676671072bf7af7236acf57893d1f9f71f790fb671fa1fcaef47d50c22303e19fa0b4e3b91edacc7417099bcf05d1634623f9c44d5ea8b068367a3ebb7937ae9e2ce7730688d0cbcf53da424a19c3907301c292f3468c1733607df82a9057584ad78341a0e78303a06f499ccf4c290bfeb1d4f0440fdfa0078cbd1fb8e661d4b827f584811f3fc2745e4d361470ce06e1f05ab70caa744f743d7cf1b196c170aa07002765c03e5461e3fb0698212cf31170be465a095855466c605adb8e721e614d69f26339a4764b9d6696e5ba2049eb36ec0ab54d3902d94b462e3f2118d73907bd925bdd476c476d36598f79cd9363798fee18a342b62c09f0b8a2b6958d77896d8db4f1fbd9d5e7da02b8574a6269caebc6ffdb76cc5d76348734b2caef732ba320c5c385108535dbda3a5c9afecf9ff2524d4a21aa848d2ce1ce4102785389721cf04a1ccd21c366bb8fbc2904554197bb1db687eb44659180c73f7fca4b25763737bb0278eb6d0bd8dea0d97627808db7bb877ec3ef23553fa60be5f974a13c9f2e94e7d385f27cba509e4f17caf3e9174de9e82f5ab09d017a7b0784d7aa84aecddbd6527f358377f34237472aa75f2cf5c8ad00f736304686d04395f5895230361356a42b45390d01c779028a45a54a974c264e667a5c78e7ee31578f74f473002b3d4f90a01aa7d323a5e0ae46118bb50fc520f44bc792a018149e2ba52ebe7bf8c5968c3f9753325aefd9830d0c386a0373a89db1fda02d5b832fe6831d55b5e302c9a09bef7f531616e87dc197669fa17020b8b566da0686abbbe7d63c785e4d97ad8374e3c2729ae57aba7c30dec629beaa0755bce573e005e7a5744b69ac1425cdb202557c6d9163b533ed966123ba4ff2c0fd509d656f2cfdd19e0ac30a05416e8373b7bd853cb3434d99a404c418f3e356a234c516b63c1dc74b636d82640df50c7c37f2aac8791d2dcb3a97defcac6e492b9ed7992da27191595369f226778fd9c0a8ca78ec181505e1922e1908631aa917536b7e1cab959e5a4ec4791d938a3876b421b411c44b40a2387ea855ffa253f5ef4c17caf3e942793e5d28cfa70be5f974a13c9f2e94e7d385f27cba509e4f17caf3e942793e5d28cfa70be5f974a13c9f2e94e7d385f2131a0ab3dfcd713856d256cae6448e8f1bc1bf32e53fbf7dfbdb5f2bb8abf76ae5576ae537bf7df3fe1f8e5ef6ca947f7cf3a73ffc9382fd97f76fdebf5194e0777f78ffc3eb5086a212be031c486704388052fb61ba51f263fbf63fbefdab5afee58737bffdd7371d25f8fd0faf44c9d6a8959860e1bb8eed428fbb4408b5df960e6cfa7c30a904c4872ffafef3dbdf28febffdf9377ff9dbdb03a5f1c3bff45e851278887a9c7029503543f11221d3d52335204f67286b83d5b48083c36417fff1465382990de8ffb9a7fce1b8b5e49928412f4ff280aff2316a33b4b8ebe88c7792f365b8461f290f6ea9f52ddc92442bbccb722f1ba2dd6a714fa982829379ce23ca3f7e82f295c2a5a6f472984ff7b28d775c3965dd755702827780ff84f2afbf3f60daffd951daaf167b808f488f93cce5c17a5d46b70b94e487412fc108e4f1788df0838ffff0a75f776b7ffbf72ebdfcb73fbd7f451ff738e5d30004680f03a482e920bca34c57ed62eef6070763caff78fffecd81f260e14f7ff3e6fd6bc51e4780b04f3c1102262cd08b3149d2ee96ac028642847cc05fd469f94a79cf0bbb2c9f4d4908798539189ed0b329ad417628bb40573e32b4868fbe11b8ec4ea004dccd7a3b83f0b04680fdf80dbffc6d9f4d695c0bd268db65564e65856d0fdb13cb070213d3a1577a8eaf1859c624a49881bc83f33757180d274d38435ed4cda4e0af32ca8309caf5071daeeb216ffca504137eb4e8f66c4a38f2bc4c7fea8c8ddc7c8b709b47797d65ede7f836937b6d15900f6d96bf23a5b8a3d41395e589df86791979ad7e8455727f9b59187b7dd15fe5d5556345191dbae7a48ca279a34702ee78b14773be11f530cc7180b7f3accb6a72cf8938a2b5a2ec8a16c112f81c3037d973a18dcaf5bcd88d396aaa6d23acc2bca923b3656140617ef4ab72cfa6a4a9432d4ba527a1f465edb2200fe32b5a4da5bc8d654769ae036f84a84ad0eb8ed2e7546c540071e2db40c43a307ad366b85fc9dd9411305cf174846118d8707ad436e9f929918ae28759ba29208601a8d14dbd1eda90d9f6e17a06c924d28318fcc340b03e347c004d48cc8979f8a29c3f0191709ac0d69f4dcc8678ea4393d2ea7c3efe4d7522a5416878979bc0875cc5fe711a437f9afc50fbc41ce8444a6cfaf9dd9064f9315451f321212509a1d5a3a121be0f92446069c3e509a42752f2417f60b0ae308323723f841a12157a0ff73236069d3e1a382902500538e2510f5dbd1ee50dae71eb0a2079394947878f925061847993e97485a6db7a92f30a8280772eea6150cde7c009d3fc0453be532957bc0e12c6c588b69c87dd34f8c0c62cb9055e37b8c6ce12da6cf000f36a04ef287bc5076acbe10913b29f4a39456dead68d4c81c507d6feea9ed205acb3d2b33348738f343566fc8e321030a85976caa7214ea56c566569b25a624de9c9c794927494b6ad0204e7b5a8e881325dda60938fca13c6f99e1ac7ab2cb36aecf6736b906e82b26bfbb10b964c955b7689ce6609b9ca2badccdb68b713352c02cbcf4698e12f1ffc792225b44348fdbe6f87fd3e1c578769e9c810da15080f29531f8f4d9f5434fdd0d525a8b52d8ccc6d4504cc2f9fc4eef5f29e97583bff5de790afac0be5f974a13c9f7e7994fedcfb4e259a074a22b03b70bf47b5f28112e82e0eb3ff5dca7c4449e195dafe3e75f550c1b2af86df9ae6094dc60f0501185e0dfb43f3f06fa2d6fa93893a63d23787fd89f90d0f0cafe0e3363463361b5f5d8def7e57e1a39ff38d0ee83f33f8a3123e8110dab6fdc9df373a70d87ffe54f8a28bcea5ff0131394cfab48b5ea10000000049454e44ae426082, 0002),
(0000012, 'Location Reservation', '5000.00', '2018-12-14', '325235H', 0x89504e470d0a1a0a0000000d49484452000000a5000001320803000000ace1e0a70000010b504c5445ffffffded4d7f1efefc5c5c5eaeaeac2bcbd918f8ff5f3f3cac4c54e4a4a000000e1e0e0888382554e4dbfbdbdfcfbfbd7cfd1f8f7f7dad9d9ff00653f3634989594d1cfcfe9aabbe7e6e6e5dee0716c6bcec7c9c6c4c4a2a2a2dddbdbff0061b3b0afada7a87d7877676160e3c6ce7e7a794541404e4645aea8a8605b5cebe3e6888888a19b9b110e0e6b6667aeaeaeef8ba82c2827333232d8dedc3b312f857d7e2320202b1d1bfc367a2726261a17173a3a3a5c5454ff0058ff0a6cffc9d8e2edebe7507f312624150805f77ea1bb9da4f94d85eedde2d4b7beeb1365f55f8dfcd6e0ef8faaffb0c5ed9fb4fcedf0ed0058a18389b7657bd04972be778ad492a4e2b4c0d13367f66c9633434cc800001cbf49444154789ced9d8b63dbba7def61880f0904098111510a2219902c295282a84ab39463894dbbb8edb6b65bb7bbdd7bf7ffff2503283bf639278e1c5971723a7d13d17cf343bc1f3f8000fc42049def5421790419e3ef55e60325b3beb59b3da190650f943debf502d797c9e00feb17ca97c9a86d48efd6bf634a770cef31bf63ca41ff0ac2c3fa774d695ed987f5ef9cf2cecbbf734afb90017de794f0e0e5df39e509e1924e6c320161a872ff7ea877c0c9a49f004f65b8c6188c757c1cf7873a24c1a11c02a70ad2ab104c885d4d4ea53c215c42148f11707368203e626a4768a1dcb3b6c8f4d05666ea4e7d94eda40a4a6cd56cdbc154c67943d6c5763065a7527eb98fc30f4585e02df2b94b82c373d75538621e6ad3f1cd280040ee495c7594a1b95809409a32da5f0f0c991db9f53929af770b24b66bc13938780559578eeb0fd1ce73d648513a3bd91d48f6c904ed2c67c677ab056a4850bc26255aa01c7b417d5f10d094d34794c0db611d3cfdb53341a8cc25575794af4fb958eca753f71165983fa604210f3a1f77268b554aa1a27c75b7fc80105a58d56a97d38add5142d7eb2fda80ad571621e60072aba364bdedbaa344a81eb0f909e9dda994765e0eca9641eed5bc3ec49ebd00a2bcae86d36b2b2803ab2a792ed4eec4cdf37453cb6a5e96b5c02b0e5f8f1238be122509703c76c8ba220350e601c23cea789e07d9e180da4e4818315f5d1152da73be1cf29794f7fc9d507a3c34b13fc9866add09134828208050b53c24955dae474c93e86d02c24977a03b184aa6f6ded5a79dac4f0005a10f546e4abb003a96c0cc53270b662fa574729e06586e72576d609c79290efbc361608566663b4bc7fce0ab03d5d4f2d28d2da4534ce1642388251587184c9314dfe58ab59b0a3f2013315b34366ef555fed6961b184fa7e2c5940d9f1896c8f256b989855a3c4592e37480b37a20aaa93fb94ed4590d57717c57b56e6ab906befd00af97eabec2daf4cb223cdca837951bb19da5819d55fe0ea57a5f3e8b7281dd33506229b38a60962bca98d7995b568b5155ba2dcfb1590152ebb3829ce1294eb1a8ae1a8279ea60edcfdea611f5bd6f7a5999cf1733610129fc725475ee0bbd389bd6fcc594d072cd697b971b4ad30a0668dcb8c37d3eb65062aadb37fa79b3515ee5d3e1c6ac603b94eedcc1fada68d5901ac27e1780272810dbd12c8ac1841bed75179c03db740b739a7d2e857a661c57f1c4b6c1ec63a35297100eef56c07d2422c03eb89a8a2df0f1a980da8f367eb2f60cfd3da544df5a275092241cff74df4c872ae2050f81cbf958240f05a19ea156a08ca90c420f875131eed75f50667f9a925c9913d905b32b25f514389657a93a13f24af483a10f27a674889c00df04a3461f984e250cfc500e491505a3bbfbd8cd344edd42855c91b5016f8bad1564d3a0cef0f38b1d9fa1fcbf6fdffe563bc1af7fab567ead20fef4f6ed9f35ed87055eb819cedd12b978b09e0c5cd272da9539653dcd0217a52b99ed6ec4c12939255870a34b8786914ac07895a3ca1d65e7a17cf3e73f00f0fbfff7fefd9bf76f1425fdd73fbcf9c77f5030e5bab8693146391fe5adcc854a4484be144edd2a7737b246d2225663e1ae9e1fd63d1658b5428af82a1da5933ccbb376eabad699dcf257eacfaffefdedfbbfbed1948af86d47a9d2edf2d632db1497de649b276908fabad4682b47c4b71bebf636c92d0ba799a9ef4bad95886e37caada3c1485c7333df8a6064cd6f25fd19cd9753d2ffea28ffe9877ffbdb5fde1e28c3cec7556d8c86be410ddb1feac207504e46baf6798741c80c9838c049a06187877cd1f6294db4bb519610c7b1c38440c7b6fd2f280d7f268effaaa3d449f9efdedc53fee30995e9c7faa2b4fc4147dd52cbf9cfb78fddf291588b6dc3c20e904dafdbd1cf3c6a6638591638e87c34b1c25981b9b4701604d80d4ea84f3c235c6afdeecec78d2e5c3e5238c035c76e517b7babd52fe0a3b89e0f544ae3c6bd5ee770fd5dcf8e4499455e5d7b513a08cf4ff97bfa8892d8bfff29254389401f04bcb99e93812e2d5a08040503028dcc3b1c9b7bead28d2aa44955469ab867764bfa5f6f7ef8e1e0c1e3ffafd34bfb0f7f7af3131f379a726f596b77c4d67c64f28c47fb6224ecf960deee6acb533b6636efe93e0606e866a9de029f02f9d9d8a312ca7b28ed79f67fbf7fff93d803b372c7e5685d8a6d790dafae66feaadd796036e599cf76c35978a5722ae5969ef2687fc50041deb9299f21867c819007d748d28f3ece7d55661770b84bba17519404c7cac3331548cb93205f48e994325bb985585bae57ea92864051d68e181e954b73e177948d00762b54993c5075a6e65b509249ed323f57f1877fd06d4280ca0fdc09daa9a8da36e8ee6a074cb9a70a28bac7334dbf05a5ba5e173f54c603c34372404208681812123a7729b8cecca1fad9ea04fafc4cf1ac94afa30be5f974a13c9f2e94e7d385f27cba509e4f2753268ce92c5c977b20633eb099cacc7d7ad8643e513546c620e8314681a1561df5dfe88ef86ac9beac9a762a6552e48d04341e798006a3b2f5fb0b03f44687d2dbbe6c7c28f7e59a39759347c6a62cf7628d62819a26f3f312edd65f56b13895b291f6709ff8d9a606fed40b4566ae20605ddd4b7cf0c3545eadb4e9973bb6456eeed52a1035f546945645c25ce1bc8e5b5e07ba9096c560ef3999f27a9badcde1a186c8dafe30e31552371d2f86801ad55a334d6ae2dd021fb7d41e7d69bde24b296384bafe6ddd030e0cddffb907d10a958095bbdda2eddcd2dda2063a6b74eb393bdd5e3c4468eb8354b9e5ae45b901e048e85b84355a3d13f74b29a17f6839d16e99845be9e13d701247f2feba9f1cdc524ce5600292ad19d9f67606ec70b233551412ca2d51d7ee724709423f79a6c79feae3b584c3e9646080e1dec845229afecab80f97233f6d428684cfc6a3b121b26a61fa2c4c6bdb438737bda37cbe4ea5f4b3c1da0a77aabab805c176350823a4e2f8ba8be3ef6c98598e44ab5de4948391083768b50d7648567794ef5e8b1218a1aae91814d8868a1fa101888a42d4e86a683a32a91da13e230cd53e55110aa1fa6fdfb577185f5afdf93bcf7b1e049fe132f6894d82777a06a52fc4a1eb8155c08be304d8228e0f79871f8148361100cb3856fecce2b86b1ff497f72fb05cea139320abd45288aeb5c388634f45f9388e23bd19a9150684aab52f9f6c8f3b4e199a9c57dab91c1c098c2d49a2b9c5b9be648c875e66e12264199e66940556b60e75dbd5fa9e32d30d1c0eb72c3ea18273a19c34acf066201c94e78bce06a519595640afb3718a7ed641f37c4a8c81d3ea46ac34009900f6fecaf54875a3dd688e0196201cb041655bc8c605f050058c6abebfbf78b655e7f55b000aac9bdb5ca10d7840d872d355afd0b5747009ece6aa5cb8357ab28bfc19945925cb1e2016eabab3ad75bfacfa5c1717f2b5f2321a4aeeeca559233bcb9c4c51a6adf99172b8f36d7573c72c4dcb15621753aa124debba519e93ba5d80e6413f28cde914158b17501a92d7888110eb504483b584235e5f2937823cd4bd39e52005256f64691783cc5c57d1adc06bfbde2d77432c6dab1c64d48eb98b3c89c542622ba7e0d0fca528f3c14080723e173757a753ea9e3b610399eabe1087f8ebabeb2c513e492adddd5c48a852bf7dc392bd5d9402eca51c0c56dbe89e729118aa5464770929f162000d6f84c132a734b30ef19e632324a0ace86cfb02b754e1aad27d35fa1659351e67e37ce399bb99d4dd61206b22cfa36d26e4075be6225a982af90ed6f7098f7a7262c47b750e03a45f1110aa725b1cf182d03c3e9cc23be32ef582f04594c39d8a3bebee98912394027f8090191e8a5fdae00af5c03b843c606384ba064ab9bdbf7686263c90fa9c0cf823456a71d847a854657b571e4ec973bd7c1780040d5fe296df5e17caf3e942793e5d28cfa70be5f974a13c9f2e94e7d385f27cba509e4fffdb28c327ea0324b13f7de00bf4694a886f56abf8f179d5ee662eca9b2dfef123971cccb7ab1b17f8e5ae6bf61bee752b0b910ba90e6c252172b7e8ac73b21386481da124b810719300919ac08c3a3b55ab74bc4532ac7e64e9c75c7e35c2c22deca9e9c72e20e3e6d0fbe0d4d20afca1e5a4dc4f5c1310b1e3e0743d4599dae1b59804814870d1ed9e34c0bb0620ae1f51326dd69412ca2b2a28884b90f06ad55557e9268d7a603c305904c84a00afc8ce4f696ff22ce7509bd10677662bba2344f9699c13cbbfbfb611b2a180ce55fd1fcaac34a915cc760eb32c41f4ab792e4f00c37c671b5984cf4f49377287c7a018e46cb976bb8ab7ee62187594f9fd88468cea72310466e900bbc0d202e6d6ad17956f597d82d5bdfc0d1ff7b320884081f25579921ddee7280916b2f50077943fca430b695f7731fcd8c7e5dc6a3f2420dd5060740c0ccfad8577b841202b409a89a605245567ae9273532ab70441032d9618c1c1aed2ccf7be8752294dd03cb275d3d05253a296731d97670b78b8412a2c2903986d33dee8191ef857f0f1a50748c08855a4e6c1097a782e9835c78200ec3f5cdeab08f09614d87325dd68ea589dc712cf030263b550fbb17ed1e5129caeff6d79cfd7d485f27cba509e4f17caf3e942793e5d28cfa75f3625f14f34da3e4d8e6fd8beef77c650d4f713bdf01f109ea0246699ea31d4401f21f0b0d62da061c097190e7c4a160abcdbfd5ef7bfc27830b80dfd77ebbdfbb1bffc094aa749578ca88a57e08080c744dab462e9985abeacf3c0f8f9635e289b4bd1b244bbe5a41d4317fbd328718eb9e532277c6eb73c5efb4bc678ca21c5558d4111c179fb15dc124ce5323faca5eb7e92076cf0d85eefd394618bb68b52142eca7d0b0269694a91596ece40fc92aac193ca8268b540dd541c3db42b817fbd583c0c60798ad2f2e252644b9cfbdca05c51da45c5a9dc2bca13c7957c5ed741980ad1aa6a47bf4912cbb22be1351f872c7d9ad2a9198003c16ddafa1c92cce294d6fd0cd2f66b518e641418611353d2cf43bbc10e76e84315fe09ca750f188baa8170cafc79c61d81b362dc6d02597f0dca7716c4edc0350269576e7b6dd841dbae3e56039fa88f87141047db31a8159596a98d04ea91996a13bea0f6ffb442a8678c348011029a388e8af58ef3f0a05f76def3399157cd96b43e4d6988a5587a3f6eaa8c96cb6567da125bd8009eda4a008b6ce09d34c2f109d9de525ba22d7b502c97e2e39d9f883d7c84eab90d926e22856ee691ab6d992375825d61dc48703daa5dd370a73e3b6d1ce65394169a00e05df3e4c3a06e8ee5905494d406610eedc0078176c27e3eb66b09c06c3a0362446e0585c45f73919b3f7bd44b74302a929c4d7dfbc1d0f0a970d919c75a2a5dc00c147736c6e2608003fd4d0690506f41339e9f39c6259dbd7396b1d27f3494ee7394d1885d8b105bc1ddae95be8c84abb2f441b3daa29eda57b3f3163de08d6ed10b78e86e77ab23e1f2401973390868511ffc946eba1953e02854691ba83c56bd037e964df159cb1e70ab2939b7abc8df7c9c61ebb3943d8071ead9599707109c6a7b5fb88aa28881d60b2b04706515e5e7a6ec3981724ca1a24c3216f22339a41e0ca1dcdd53a76f98b6bad4d737cad57aadb943085ddbfef50e31513a6277de0c13a289cc489e8378bbbb3956befcce74a13c9f2e94e7d385f25382bd1e03773fca7acc487a2c347a3ddffec4818ff308bd36a55f3798d6cd86d44d66e086fb71de98519ea7c9a70e7c2b4a02d5c3ee7f36b4890d21a1eaf7c903df8af2345d28cfa70be5f9f4046552afdd10724ba51c8ed8ef070e70f7e5fec6f76fd63590ebb2dcc7202c13107e767ac0672b2a1b75d7fdbeebf22f562b13d0f96afd70eb272c759aa20a9aaba600ecdaaf76027f807deb1ac7a11b577900d3412b1cf50eed8cd6fd735026e9de1f054b57d75d5239ac4663590da5fbd15ce0a9363775423ace256023dfdb03a734405833301c18206854ed49eaf7f7f3949c8712f4f7862020d7a35c3e042046e33c06d6c3043c4fb4135556bca434cf34a5b98be71baa3cb80784f2645dcecf326017fb7850fb7a1e1ae09d369fcf23996b555bc19d49d508cb60316e028917472801595ab99c351d65b5b02cc94038e875e62e7794ce60d0d47bb3abba05c14b29c55e55f8de7575c6d1c01aaec6bcc4f0985bc2c007e1aa5fa7c057e15279719175949381aa393507ca9c91b0edd7a74c44fe73c58ab23854c6aeb3d0de8eb3dc01c728eda2ce381ecb51d664b04245565a2a6cf6c0b06eb3a9e80c5af4a6b1ebcb2ce39e3c71429f4794eb83958c2d489017453dab7896ed8f9589422b9b1b005859c1405414999edc3dd08306b3ce9e6cb9ec36e1dc0156912d83eaa5949175b092490a08e22c632ac8e9e511caef4c17ca2fd5ecc999233e4de9bfd3b38c6384aa002d165fa583e767f2db4597271a7a2c1d08b35bf4e0684f5890316b1b313bb740cafdb0386f13e5a70533e1b036018095a6e711ab0aabc5911c523703023dfc11a40184e83542026536616bbf33f4545b754c8ee73d8756d60c83745a97ae23975fa1ebf127b2ad76af9b027d94730c720bcbe752a6cac74565001181af2d6805c2ece6f2c418a398af82a379cf1d2557945d23ead77749dda948a84d0848620a24c63c791e258dd1c09799ad67bc135f9f7250d6354f8437c61c4fab3eafebfa6363f85394ce12d068b9642cd261397ae144a7cf90ad7b9004ec45c0889702909eee4f3a46f97de942793e5d28cfa70be5a7c416372e45372541377ba7deaea3f976158bdd16fb9f3820bf15a53d1cce081b8e81fa117f98506738b40dc6e0a70e1ced87fcbe74a13c9f2e94e7d3132d309e528f247a6214a65685019c9e2a1c795fc5e2493f5addd98f227d7b2ad4f30061f773373d4da96d605aec5bed2087818b46039f64b949c08993651f17bff6489077b32c39a8754bc0acacce8fa444c45e9636f5b230c44b6a8f0404666be5c6d7a3a43b110486d346da4a348406e531a8d0c77acc672d2272dacd7ca367ebdbc7bafdb29b48e9ab542f505534a6d0d3d17513eca9e73acdee59f59e6065df537abb9bdd22073bfd765fc541479e8deb52dfdfdeed16b746c3ebc9f36a67714ec83de58ab13907ddd70ba3f39b051f5e9d9ab1adbfa612b1dccacae89975c8caf53cb73a506e015836e0d6625172660ba2074aa142564887856f601e708fa1e36d1b485b10dd223d0dd73babdb942e65ef16c8da7d0d1f5794d1ad7a169e93e5edfa83e13408cd8ff79676671072bf7af7236acf57893d1f9f71f790fb671fa1fcaef47d50c22303e19fa0b4e3b91edacc7417099bcf05d1634623f9c44d5ea8b068367a3ebb7937ae9e2ce7730688d0cbcf53da424a19c3907301c292f3468c1733607df82a9057584ad78341a0e78303a06f499ccf4c290bfeb1d4f0440fdfa0078cbd1fb8e661d4b827f584811f3fc2745e4d361470ce06e1f05ab70caa744f743d7cf1b196c170aa07002765c03e5461e3fb0698212cf31170be465a095855466c605adb8e721e614d69f26339a4764b9d6696e5ba2049eb36ec0ab54d3902d94b462e3f2118d73907bd925bdd476c476d36598f79cd9363798fee18a342b62c09f0b8a2b6958d77896d8db4f1fbd9d5e7da02b8574a6269caebc6ffdb76cc5d76348734b2caef732ba320c5c385108535dbda3a5c9afecf9ff2524d4a21aa848d2ce1ce4102785389721cf04a1ccd21c366bb8fbc2904554197bb1db687eb44659180c73f7fca4b25763737bb0278eb6d0bd8dea0d97627808db7bb877ec3ef23553fa60be5f974a13c9f2e94e7d385f27cba509e4f17caf3e9174de9e82f5ab09d017a7b0784d7aa84aecddbd6527f358377f34237472aa75f2cf5c8ad00f736304686d04395f5895230361356a42b45390d01c779028a45a54a974c264e667a5c78e7ee31578f74f473002b3d4f90a01aa7d323a5e0ae46118bb50fc520f44bc792a018149e2ba52ebe7bf8c5968c3f9753325aefd9830d0c386a0373a89db1fda02d5b832fe6831d55b5e302c9a09bef7f531616e87dc197669fa17020b8b566da0686abbbe7d63c785e4d97ad8374e3c2729ae57aba7c30dec629beaa0755bce573e005e7a5744b69ac1425cdb202557c6d9163b533ed966123ba4ff2c0fd509d656f2cfdd19e0ac30a05416e8373b7bd853cb3434d99a404c418f3e356a234c516b63c1dc74b636d82640df50c7c37f2aac8791d2dcb3a97defcac6e492b9ed7992da27191595369f226778fd9c0a8ca78ec181505e1922e1908631aa917536b7e1cab959e5a4ec4791d938a3876b421b411c44b40a2387ea855ffa253f5ef4c17caf3e942793e5d28cfa70be5f974a13c9f2e94e7d385f27cba509e4f17caf3e942793e5d28cfa70be5f974a13c9f2e94e7d385f2131a0ab3dfcd713856d256cae6448e8f1bc1bf32e53fbf7dfbdb5f2bb8abf76ae5576ae537bf7df3fe1f8e5ef6ca947f7cf3a73ffc9382fd97f76fdebf5194e0777f78ffc3eb5086a212be031c486704388052fb61ba51f263fbf63fbefdab5afee58737bffdd7371d25f8fd0faf44c9d6a8959860e1bb8eed428fbb4408b5df960e6cfa7c30a904c4872ffafef3dbdf28febffdf9377ff9dbdb03a5f1c3bff45e851278887a9c7029503543f11221d3d52335204f67286b83d5b48083c36417fff1465382990de8ffb9a7fce1b8b5e49928412f4ff280aff2316a33b4b8ebe88c7792f365b8461f290f6ea9f52ddc92442bbccb722f1ba2dd6a714fa982829379ce23ca3f7e82f295c2a5a6f472984ff7b28d775c3965dd755702827780ff84f2afbf3f60daffd951daaf167b808f488f93cce5c17a5d46b70b94e487412fc108e4f1788df0838ffff0a75f776b7ffbf72ebdfcb73fbd7f451ff738e5d30004680f03a482e920bca34c57ed62eef6070763caff78fffecd81f260e14f7ff3e6fd6bc51e4780b04f3c1102262cd08b3149d2ee96ac028642847cc05fd469f94a79cf0bbb2c9f4d4908798539189ed0b329ad417628bb40573e32b4868fbe11b8ec4ea004dccd7a3b83f0b04680fdf80dbffc6d9f4d695c0bd268db65564e65856d0fdb13cb070213d3a1577a8eaf1859c624a49881bc83f33757180d274d38435ed4cda4e0af32ca8309caf5071daeeb216ffca504137eb4e8f66c4a38f2bc4c7fea8c8ddc7c8b709b47797d65ede7f836937b6d15900f6d96bf23a5b8a3d41395e589df86791979ad7e8455727f9b59187b7dd15fe5d5556345191dbae7a48ca279a34702ee78b14773be11f530cc7180b7f3accb6a72cf8938a2b5a2ec8a16c112f81c3037d973a18dcaf5bcd88d396aaa6d23acc2bca923b3656140617ef4ab72cfa6a4a9432d4ba527a1f465edb2200fe32b5a4da5bc8d654769ae036f84a84ad0eb8ed2e7546c540071e2db40c43a307ad366b85fc9dd9411305cf174846118d8707ad436e9f929918ae28759ba29208601a8d14dbd1eda90d9f6e17a06c924d28318fcc340b03e347c004d48cc8979f8a29c3f0191709ac0d69f4dcc8678ea4393d2ea7c3efe4d7522a5416878979bc0875cc5fe711a437f9afc50fbc41ce8444a6cfaf9dd9064f9315451f321212509a1d5a3a121be0f92446069c3e509a42752f2417f60b0ae308323723f841a12157a0ff73236069d3e1a382902500538e2510f5dbd1ee50dae71eb0a2079394947878f925061847993e97485a6db7a92f30a8280772eea6150cde7c009d3fc0453be532957bc0e12c6c588b69c87dd34f8c0c62cb9055e37b8c6ce12da6cf000f36a04ef287bc5076acbe10913b29f4a39456dead68d4c81c507d6feea9ed205acb3d2b33348738f343566fc8e321030a85976caa7214ea56c566569b25a624de9c9c794927494b6ad0204e7b5a8e881325dda60938fca13c6f99e1ac7ab2cb36aecf6736b906e82b26bfbb10b964c955b7689ce6609b9ca2badccdb68b713352c02cbcf4698e12f1ffc792225b44348fdbe6f87fd3e1c578769e9c810da15080f29531f8f4d9f5434fdd0d525a8b52d8ccc6d4504cc2f9fc4eef5f29e97583bff5de790afac0be5f974a13c9f7e7994fedcfb4e259a074a22b03b70bf47b5f28112e82e0eb3ff5dca7c4449e195dafe3e75f550c1b2af86df9ae6094dc60f0501185e0dfb43f3f06fa2d6fa93893a63d23787fd89f90d0f0cafe0e3363463361b5f5d8def7e57e1a39ff38d0ee83f33f8a3123e8110dab6fdc9df373a70d87ffe54f8a28bcea5ff0131394cfab48b5ea10000000049454e44ae426082, 0001),
(0000013, 'Location Reservation', '5000.00', '2018-05-19', '634346A', 0x89504e470d0a1a0a0000000d49484452000000a5000001320803000000ace1e0a70000010b504c5445ffffffded4d7f1efefc5c5c5eaeaeac2bcbd918f8ff5f3f3cac4c54e4a4a000000e1e0e0888382554e4dbfbdbdfcfbfbd7cfd1f8f7f7dad9d9ff00653f3634989594d1cfcfe9aabbe7e6e6e5dee0716c6bcec7c9c6c4c4a2a2a2dddbdbff0061b3b0afada7a87d7877676160e3c6ce7e7a794541404e4645aea8a8605b5cebe3e6888888a19b9b110e0e6b6667aeaeaeef8ba82c2827333232d8dedc3b312f857d7e2320202b1d1bfc367a2726261a17173a3a3a5c5454ff0058ff0a6cffc9d8e2edebe7507f312624150805f77ea1bb9da4f94d85eedde2d4b7beeb1365f55f8dfcd6e0ef8faaffb0c5ed9fb4fcedf0ed0058a18389b7657bd04972be778ad492a4e2b4c0d13367f66c9633434cc800001cbf49444154789ced9d8b63dbba7def61880f0904098111510a2219902c295282a84ab39463894dbbb8edb6b65bb7bbdd7bf7ffff2503283bf639278e1c5971723a7d13d17cf343bc1f3f8000fc42049def5421790419e3ef55e60325b3beb59b3da190650f943debf502d797c9e00feb17ca97c9a86d48efd6bf634a770cef31bf63ca41ff0ac2c3fa774d695ed987f5ef9cf2cecbbf734afb90017de794f0e0e5df39e509e1924e6c320161a872ff7ea877c0c9a49f004f65b8c6188c757c1cf7873a24c1a11c02a70ad2ab104c885d4d4ea53c215c42148f11707368203e626a4768a1dcb3b6c8f4d05666ea4e7d94eda40a4a6cd56cdbc154c67943d6c5763065a7527eb98fc30f4585e02df2b94b82c373d75538621e6ad3f1cd280040ee495c7594a1b95809409a32da5f0f0c991db9f53929af770b24b66bc13938780559578eeb0fd1ce73d648513a3bd91d48f6c904ed2c67c677ab056a4850bc26255aa01c7b417d5f10d094d34794c0db611d3cfdb53341a8cc25575794af4fb958eca753f71165983fa604210f3a1f77268b554aa1a27c75b7fc80105a58d56a97d38add5142d7eb2fda80ad571621e60072aba364bdedbaa344a81eb0f909e9dda994765e0eca9641eed5bc3ec49ebd00a2bcae86d36b2b2803ab2a792ed4eec4cdf37453cb6a5e96b5c02b0e5f8f1238be122509703c76c8ba220350e601c23cea789e07d9e180da4e4818315f5d1152da73be1cf29794f7fc9d507a3c34b13fc9866add09134828208050b53c24955dae474c93e86d02c24977a03b184aa6f6ded5a79dac4f0005a10f546e4abb003a96c0cc53270b662fa574729e06586e72576d609c79290efbc361608566663b4bc7fce0ab03d5d4f2d28d2da4534ce1642388251587184c9314dfe58ab59b0a3f2013315b34366ef555fed6961b184fa7e2c5940d9f1896c8f256b989855a3c4592e37480b37a20aaa93fb94ed4590d57717c57b56e6ab906befd00af97eabec2daf4cb223cdca837951bb19da5819d55fe0ea57a5f3e8b7281dd33506229b38a60962bca98d7995b568b5155ba2dcfb1590152ebb3829ce1294eb1a8ae1a8279ea60edcfdea611f5bd6f7a5999cf1733610129fc725475ee0bbd389bd6fcc594d072cd697b971b4ad30a0668dcb8c37d3eb65062aadb37fa79b3515ee5d3e1c6ac603b94eedcc1fada68d5901ac27e1780272810dbd12c8ac1841bed75179c03db740b739a7d2e857a661c57f1c4b6c1ec63a35297100eef56c07d2422c03eb89a8a2df0f1a980da8f367eb2f60cfd3da544df5a275092241cff74df4c872ae2050f81cbf958240f05a19ea156a08ca90c420f875131eed75f50667f9a925c9913d905b32b25f514389657a93a13f24af483a10f27a674889c00df04a3461f984e250cfc500e491505a3bbfbd8cd344edd42855c91b5016f8bad1564d3a0cef0f38b1d9fa1fcbf6fdffe563bc1af7fab567ead20fef4f6ed9f35ed87055eb819cedd12b978b09e0c5cd272da9539653dcd0217a52b99ed6ec4c12939255870a34b8786914ac07895a3ca1d65e7a17cf3e73f00f0fbfff7fefd9bf76f1425fdd73fbcf9c77f5030e5bab8693146391fe5adcc854a4484be144edd2a7737b246d2225663e1ae9e1fd63d1658b5428af82a1da5933ccbb376eabad699dcf257eacfaffefdedfbbfbed1948af86d47a9d2edf2d632db1497de649b276908fabad4682b47c4b71bebf636c92d0ba799a9ef4bad95886e37caada3c1485c7333df8a6064cd6f25fd19cd9753d2ffea28ffe9877ffbdb5fde1e28c3cec7556d8c86be410ddb1feac207504e46baf6798741c80c9838c049a06187877cd1f6294db4bb519610c7b1c38440c7b6fd2f280d7f268effaaa3d449f9efdedc53fee30995e9c7faa2b4fc4147dd52cbf9cfb78fddf291588b6dc3c20e904dafdbd1cf3c6a6638591638e87c34b1c25981b9b4701604d80d4ea84f3c235c6afdeecec78d2e5c3e5238c035c76e517b7babd52fe0a3b89e0f544ae3c6bd5ee770fd5dcf8e4499455e5d7b513a08cf4ff97bfa8892d8bfff29254389401f04bcb99e93812e2d5a08040503028dcc3b1c9b7bead28d2aa44955469ab867764bfa5f6f7ef8e1e0c1e3ffafd34bfb0f7f7af3131f379a726f596b77c4d67c64f28c47fb6224ecf960deee6acb533b6636efe93e0606e866a9de029f02f9d9d8a312ca7b28ed79f67fbf7fff93d803b372c7e5685d8a6d790dafae66feaadd796036e599cf76c35978a5722ae5969ef2687fc50041deb9299f21867c819007d748d28f3ece7d55661770b84bba17519404c7cac3331548cb93205f48e994325bb985585bae57ea92864051d68e181e954b73e177948d00762b54993c5075a6e65b509249ed323f57f1877fd06d4280ca0fdc09daa9a8da36e8ee6a074cb9a70a28bac7334dbf05a5ba5e173f54c603c34372404208681812123a7729b8cecca1fad9ea04fafc4cf1ac94afa30be5f974a13c9f2e94e7d385f27cba509e4f2753268ce92c5c977b20633eb099cacc7d7ad8643e513546c620e8314681a1561df5dfe88ef86ac9beac9a762a6552e48d04341e798006a3b2f5fb0b03f44687d2dbbe6c7c28f7e59a39759347c6a62cf7628d62819a26f3f312edd65f56b13895b291f6709ff8d9a606fed40b4566ae20605ddd4b7cf0c3545eadb4e9973bb6456eeed52a1035f546945645c25ce1bc8e5b5e07ba9096c560ef3999f27a9badcde1a186c8dafe30e31552371d2f86801ad55a334d6ae2dd021fb7d41e7d69bde24b296384bafe6ddd030e0cddffb907d10a958095bbdda2eddcd2dda2063a6b74eb393bdd5e3c4468eb8354b9e5ae45b901e048e85b84355a3d13f74b29a17f6839d16e99845be9e13d701247f2feba9f1cdc524ce5600292ad19d9f67606ec70b233551412ca2d51d7ee724709423f79a6c79feae3b584c3e9646080e1dec845229afecab80f97233f6d428684cfc6a3b121b26a61fa2c4c6bdb438737bda37cbe4ea5f4b3c1da0a77aabab805c176350823a4e2f8ba8be3ef6c98598e44ab5de4948391083768b50d7648567794ef5e8b1218a1aae91814d8868a1fa101888a42d4e86a683a32a91da13e230cd53e55110aa1fa6fdfb577185f5afdf93bcf7b1e049fe132f6894d82777a06a52fc4a1eb8155c08be304d8228e0f79871f8148361100cb3856fecce2b86b1ff497f72fb05cea139320abd45288aeb5c388634f45f9388e23bd19a9150684aab52f9f6c8f3b4e199a9c57dab91c1c098c2d49a2b9c5b9be648c875e66e12264199e66940556b60e75dbd5fa9e32d30d1c0eb72c3ea18273a19c34acf066201c94e78bce06a519595640afb3718a7ed641f37c4a8c81d3ea46ac34009900f6fecaf54875a3dd688e0196201cb041655bc8c605f050058c6abebfbf78b655e7f55b000aac9bdb5ca10d7840d872d355afd0b5747009ece6aa5cb8357ab28bfc19945925cb1e2016eabab3ad75bfacfa5c1717f2b5f2321a4aeeeca559233bcb9c4c51a6adf99172b8f36d7573c72c4dcb15621753aa124debba519e93ba5d80e6413f28cde914158b17501a92d7888110eb504483b584235e5f2937823cd4bd39e52005256f64691783cc5c57d1adc06bfbde2d77432c6dab1c64d48eb98b3c89c542622ba7e0d0fca528f3c14080723e173757a753ea9e3b610399eabe1087f8ebabeb2c513e492adddd5c48a852bf7dc392bd5d9402eca51c0c56dbe89e729118aa5464770929f162000d6f84c132a734b30ef19e632324a0ace86cfb02b754e1aad27d35fa1659351e67e37ce399bb99d4dd61206b22cfa36d26e4075be6225a982af90ed6f7098f7a7262c47b750e03a45f1110aa725b1cf182d03c3e9cc23be32ef582f04594c39d8a3bebee98912394027f8090191e8a5fdae00af5c03b843c606384ba064ab9bdbf7686263c90fa9c0cf823456a71d847a854657b571e4ec973bd7c1780040d5fe296df5e17caf3e942793e5d28cfa70be5f974a13c9f2e94e7d385f27cba509e4fffdb28c327ea0324b13f7de00bf4694a886f56abf8f179d5ee662eca9b2dfef123971cccb7ab1b17f8e5ae6bf61bee752b0b910ba90e6c252172b7e8ac73b21386481da124b810719300919ac08c3a3b55ab74bc4532ac7e64e9c75c7e35c2c22deca9e9c72e20e3e6d0fbe0d4d20afca1e5a4dc4f5c1310b1e3e0743d4599dae1b59804814870d1ed9e34c0bb0620ae1f51326dd69412ca2b2a28884b90f06ad55557e9268d7a603c305904c84a00afc8ce4f696ff22ce7509bd10677662bba2344f9699c13cbbfbfb611b2a180ce55fd1fcaac34a915cc760eb32c41f4ab792e4f00c37c671b5984cf4f49377287c7a018e46cb976bb8ab7ee62187594f9fd88468cea72310466e900bbc0d202e6d6ad17956f597d82d5bdfc0d1ff7b320884081f25579921ddee7280916b2f50077943fca430b695f7731fcd8c7e5dc6a3f2420dd5060740c0ccfad8577b841202b409a89a605245567ae9273532ab70441032d9618c1c1aed2ccf7be8752294dd03cb275d3d05253a296731d97670b78b8412a2c2903986d33dee8191ef857f0f1a50748c08855a4e6c1097a782e9835c78200ec3f5cdeab08f09614d87325dd68ea589dc712cf030263b550fbb17ed1e5129caeff6d79cfd7d485f27cba509e4f17caf3e942793e5d28cfa75f3625f14f34da3e4d8e6fd8beef77c650d4f713bdf01f109ea0246699ea31d4401f21f0b0d62da061c097190e7c4a160abcdbfd5ef7bfc27830b80dfd77ebbdfbb1bffc094aa749578ca88a57e08080c744dab462e9985abeacf3c0f8f9635e289b4bd1b244bbe5a41d4317fbd328718eb9e532277c6eb73c5efb4bc678ca21c5558d4111c179fb15dc124ce5323faca5eb7e92076cf0d85eefd394618bb68b52142eca7d0b0269694a91596ece40fc92aac193ca8268b540dd541c3db42b817fbd583c0c60798ad2f2e252644b9cfbdca05c51da45c5a9dc2bca13c7957c5ed741980ad1aa6a47bf4912cbb22be1351f872c7d9ad2a9198003c16ddafa1c92cce294d6fd0cd2f66b518e641418611353d2cf43bbc10e76e84315fe09ca750f188baa8170cafc79c61d81b362dc6d02597f0dca7716c4edc0350269576e7b6dd841dbae3e56039fa88f87141047db31a8159596a98d04ea91996a13bea0f6ffb442a8678c348011029a388e8af58ef3f0a05f76def3399157cd96b43e4d6988a5587a3f6eaa8c96cb6567da125bd8009eda4a008b6ce09d34c2f109d9de525ba22d7b502c97e2e39d9f883d7c84eab90d926e22856ee691ab6d992375825d61dc48703daa5dd370a73e3b6d1ce65394169a00e05df3e4c3a06e8ee5905494d406610eedc0078176c27e3eb66b09c06c3a0362446e0585c45f73919b3f7bd44b74302a929c4d7dfbc1d0f0a970d919c75a2a5dc00c147736c6e2608003fd4d0690506f41339e9f39c6259dbd7396b1d27f3494ee7394d1885d8b105bc1ddae95be8c84abb2f441b3daa29eda57b3f3163de08d6ed10b78e86e77ab23e1f2401973390868511ffc946eba1953e02854691ba83c56bd037e964df159cb1e70ab2939b7abc8df7c9c61ebb3943d8071ead9599707109c6a7b5fb88aa28881d60b2b04706515e5e7a6ec3981724ca1a24c3216f22339a41e0ca1dcdd53a76f98b6bad4d737cad57aadb943085ddbfef50e31513a6277de0c13a289cc489e8378bbbb3956befcce74a13c9f2e94e7d385f25382bd1e03773fca7acc487a2c347a3ddffec4818ff308bd36a55f3798d6cd86d44d66e086fb71de98519ea7c9a70e7c2b4a02d5c3ee7f36b4890d21a1eaf7c903df8af2345d28cfa70be5f9f4046552afdd10724ba51c8ed8ef070e70f7e5fec6f76fd63590ebb2dcc7202c13107e767ac0672b2a1b75d7fdbeebf22f562b13d0f96afd70eb272c759aa20a9aaba600ecdaaf76027f807deb1ac7a11b577900d3412b1cf50eed8cd6fd735026e9de1f054b57d75d5239ac4663590da5fbd15ce0a9363775423ace256023dfdb03a734405833301c18206854ed49eaf7f7f3949c8712f4f7862020d7a35c3e042046e33c06d6c3043c4fb4135556bca434cf34a5b98be71baa3cb80784f2645dcecf326017fb7850fb7a1e1ae09d369fcf23996b555bc19d49d508cb60316e028917472801595ab99c351d65b5b02cc94038e875e62e7794ce60d0d47bb3abba05c14b29c55e55f8de7575c6d1c01aaec6bcc4f0985bc2c007e1aa5fa7c057e15279719175949381aa393507ca9c91b0edd7a74c44fe73c58ab23854c6aeb3d0de8eb3dc01c728eda2ce381ecb51d664b04245565a2a6cf6c0b06eb3a9e80c5af4a6b1ebcb2ce39e3c71429f4794eb83958c2d489017453dab7896ed8f9589422b9b1b005859c1405414999edc3dd08306b3ce9e6cb9ec36e1dc0156912d83eaa5949175b092490a08e22c632ac8e9e511caef4c17ca2fd5ecc999233e4de9bfd3b38c6384aa002d165fa583e767f2db4597271a7a2c1d08b35bf4e0684f5890316b1b313bb740cafdb0386f13e5a70533e1b036018095a6e711ab0aabc5911c523703023dfc11a40184e83542026536616bbf33f4545b754c8ee73d8756d60c83745a97ae23975fa1ebf127b2ad76af9b027d94730c720bcbe752a6cac74565001181af2d6805c2ece6f2c418a398af82a379cf1d2557945d23ead77749dda948a84d0848620a24c63c791e258dd1c09799ad67bc135f9f7250d6354f8437c61c4fab3eafebfa6363f85394ce12d068b9642cd261397ae144a7cf90ad7b9004ec45c0889702909eee4f3a46f97de942793e5d28cfa70be5a7c416372e45372541377ba7deaea3f976158bdd16fb9f3820bf15a53d1cce081b8e81fa117f98506738b40dc6e0a70e1ced87fcbe74a13c9f2e94e7d3132d309e528f247a6214a65685019c9e2a1c795fc5e2493f5addd98f227d7b2ad4f30061f773373d4da96d605aec5bed2087818b46039f64b949c08993651f17bff6489077b32c39a8754bc0acacce8fa444c45e9636f5b230c44b6a8f0404666be5c6d7a3a43b110486d346da4a348406e531a8d0c77acc672d2272dacd7ca367ebdbc7bafdb29b48e9ab542f505534a6d0d3d17513eca9e73acdee59f59e6065df537abb9bdd22073bfd765fc541479e8deb52dfdfdeed16b746c3ebc9f36a67714ec83de58ab13907ddd70ba3f39b051f5e9d9ab1adbfa612b1dccacae89975c8caf53cb73a506e015836e0d6625172660ba2074aa142564887856f601e708fa1e36d1b485b10dd223d0dd73babdb942e65ef16c8da7d0d1f5794d1ad7a169e93e5edfa83e13408cd8ff79676671072bf7af7236acf57893d1f9f71f790fb671fa1fcaef47d50c22303e19fa0b4e3b91edacc7417099bcf05d1634623f9c44d5ea8b068367a3ebb7937ae9e2ce7730688d0cbcf53da424a19c3907301c292f3468c1733607df82a9057584ad78341a0e78303a06f499ccf4c290bfeb1d4f0440fdfa0078cbd1fb8e661d4b827f584811f3fc2745e4d361470ce06e1f05ab70caa744f743d7cf1b196c170aa07002765c03e5461e3fb0698212cf31170be465a095855466c605adb8e721e614d69f26339a4764b9d6696e5ba2049eb36ec0ab54d3902d94b462e3f2118d73907bd925bdd476c476d36598f79cd9363798fee18a342b62c09f0b8a2b6958d77896d8db4f1fbd9d5e7da02b8574a6269caebc6ffdb76cc5d76348734b2caef732ba320c5c385108535dbda3a5c9afecf9ff2524d4a21aa848d2ce1ce4102785389721cf04a1ccd21c366bb8fbc2904554197bb1db687eb44659180c73f7fca4b25763737bb0278eb6d0bd8dea0d97627808db7bb877ec3ef23553fa60be5f974a13c9f2e94e7d385f27cba509e4f17caf3e9174de9e82f5ab09d017a7b0784d7aa84aecddbd6527f358377f34237472aa75f2cf5c8ad00f736304686d04395f5895230361356a42b45390d01c779028a45a54a974c264e667a5c78e7ee31578f74f473002b3d4f90a01aa7d323a5e0ae46118bb50fc520f44bc792a018149e2ba52ebe7bf8c5968c3f9753325aefd9830d0c386a0373a89db1fda02d5b832fe6831d55b5e302c9a09bef7f531616e87dc197669fa17020b8b566da0686abbbe7d63c785e4d97ad8374e3c2729ae57aba7c30dec629beaa0755bce573e005e7a5744b69ac1425cdb202557c6d9163b533ed966123ba4ff2c0fd509d656f2cfdd19e0ac30a05416e8373b7bd853cb3434d99a404c418f3e356a234c516b63c1dc74b636d82640df50c7c37f2aac8791d2dcb3a97defcac6e492b9ed7992da27191595369f226778fd9c0a8ca78ec181505e1922e1908631aa917536b7e1cab959e5a4ec4791d938a3876b421b411c44b40a2387ea855ffa253f5ef4c17caf3e942793e5d28cfa70be5f974a13c9f2e94e7d385f27cba509e4f17caf3e942793e5d28cfa70be5f974a13c9f2e94e7d385f2131a0ab3dfcd713856d256cae6448e8f1bc1bf32e53fbf7dfbdb5f2bb8abf76ae5576ae537bf7df3fe1f8e5ef6ca947f7cf3a73ffc9382fd97f76fdebf5194e0777f78ffc3eb5086a212be031c486704388052fb61ba51f263fbf63fbefdab5afee58737bffdd7371d25f8fd0faf44c9d6a8959860e1bb8eed428fbb4408b5df960e6cfa7c30a904c4872ffafef3dbdf28febffdf9377ff9dbdb03a5f1c3bff45e851278887a9c7029503543f11221d3d52335204f67286b83d5b48083c36417fff1465382990de8ffb9a7fce1b8b5e49928412f4ff280aff2316a33b4b8ebe88c7792f365b8461f290f6ea9f52ddc92442bbccb722f1ba2dd6a714fa982829379ce23ca3f7e82f295c2a5a6f472984ff7b28d775c3965dd755702827780ff84f2afbf3f60daffd951daaf167b808f488f93cce5c17a5d46b70b94e487412fc108e4f1788df0838ffff0a75f776b7ffbf72ebdfcb73fbd7f451ff738e5d30004680f03a482e920bca34c57ed62eef6070763caff78fffecd81f260e14f7ff3e6fd6bc51e4780b04f3c1102262cd08b3149d2ee96ac028642847cc05fd469f94a79cf0bbb2c9f4d4908798539189ed0b329ad417628bb40573e32b4868fbe11b8ec4ea004dccd7a3b83f0b04680fdf80dbffc6d9f4d695c0bd268db65564e65856d0fdb13cb070213d3a1577a8eaf1859c624a49881bc83f33757180d274d38435ed4cda4e0af32ca8309caf5071daeeb216ffca504137eb4e8f66c4a38f2bc4c7fea8c8ddc7c8b709b47797d65ede7f836937b6d15900f6d96bf23a5b8a3d41395e589df86791979ad7e8455727f9b59187b7dd15fe5d5556345191dbae7a48ca279a34702ee78b14773be11f530cc7180b7f3accb6a72cf8938a2b5a2ec8a16c112f81c3037d973a18dcaf5bcd88d396aaa6d23acc2bca923b3656140617ef4ab72cfa6a4a9432d4ba527a1f465edb2200fe32b5a4da5bc8d654769ae036f84a84ad0eb8ed2e7546c540071e2db40c43a307ad366b85fc9dd9411305cf174846118d8707ad436e9f929918ae28759ba29208601a8d14dbd1eda90d9f6e17a06c924d28318fcc340b03e347c004d48cc8979f8a29c3f0191709ac0d69f4dcc8678ea4393d2ea7c3efe4d7522a5416878979bc0875cc5fe711a437f9afc50fbc41ce8444a6cfaf9dd9064f9315451f321212509a1d5a3a121be0f92446069c3e509a42752f2417f60b0ae308323723f841a12157a0ff73236069d3e1a382902500538e2510f5dbd1ee50dae71eb0a2079394947878f925061847993e97485a6db7a92f30a8280772eea6150cde7c009d3fc0453be532957bc0e12c6c588b69c87dd34f8c0c62cb9055e37b8c6ce12da6cf000f36a04ef287bc5076acbe10913b29f4a39456dead68d4c81c507d6feea9ed205acb3d2b33348738f343566fc8e321030a85976caa7214ea56c566569b25a624de9c9c794927494b6ad0204e7b5a8e881325dda60938fca13c6f99e1ac7ab2cb36aecf6736b906e82b26bfbb10b964c955b7689ce6609b9ca2badccdb68b713352c02cbcf4698e12f1ffc792225b44348fdbe6f87fd3e1c578769e9c810da15080f29531f8f4d9f5434fdd0d525a8b52d8ccc6d4504cc2f9fc4eef5f29e97583bff5de790afac0be5f974a13c9f7e7994fedcfb4e259a074a22b03b70bf47b5f28112e82e0eb3ff5dca7c4449e195dafe3e75f550c1b2af86df9ae6094dc60f0501185e0dfb43f3f06fa2d6fa93893a63d23787fd89f90d0f0cafe0e3363463361b5f5d8def7e57e1a39ff38d0ee83f33f8a3123e8110dab6fdc9df373a70d87ffe54f8a28bcea5ff0131394cfab48b5ea10000000049454e44ae426082, 0001);
INSERT INTO `expenses` (`expensesID`, `expensesName`, `expensesAmount`, `expenseDate`, `receiptNum`, `receiptImage`, `employeeID`) VALUES
(0000014, 'Location Reservation', '5000.00', '2018-07-02', '25352T', 0x89504e470d0a1a0a0000000d49484452000000a5000001320803000000ace1e0a70000010b504c5445ffffffded4d7f1efefc5c5c5eaeaeac2bcbd918f8ff5f3f3cac4c54e4a4a000000e1e0e0888382554e4dbfbdbdfcfbfbd7cfd1f8f7f7dad9d9ff00653f3634989594d1cfcfe9aabbe7e6e6e5dee0716c6bcec7c9c6c4c4a2a2a2dddbdbff0061b3b0afada7a87d7877676160e3c6ce7e7a794541404e4645aea8a8605b5cebe3e6888888a19b9b110e0e6b6667aeaeaeef8ba82c2827333232d8dedc3b312f857d7e2320202b1d1bfc367a2726261a17173a3a3a5c5454ff0058ff0a6cffc9d8e2edebe7507f312624150805f77ea1bb9da4f94d85eedde2d4b7beeb1365f55f8dfcd6e0ef8faaffb0c5ed9fb4fcedf0ed0058a18389b7657bd04972be778ad492a4e2b4c0d13367f66c9633434cc800001cbf49444154789ced9d8b63dbba7def61880f0904098111510a2219902c295282a84ab39463894dbbb8edb6b65bb7bbdd7bf7ffff2503283bf639278e1c5971723a7d13d17cf343bc1f3f8000fc42049def5421790419e3ef55e60325b3beb59b3da190650f943debf502d797c9e00feb17ca97c9a86d48efd6bf634a770cef31bf63ca41ff0ac2c3fa774d695ed987f5ef9cf2cecbbf734afb90017de794f0e0e5df39e509e1924e6c320161a872ff7ea877c0c9a49f004f65b8c6188c757c1cf7873a24c1a11c02a70ad2ab104c885d4d4ea53c215c42148f11707368203e626a4768a1dcb3b6c8f4d05666ea4e7d94eda40a4a6cd56cdbc154c67943d6c5763065a7527eb98fc30f4585e02df2b94b82c373d75538621e6ad3f1cd280040ee495c7594a1b95809409a32da5f0f0c991db9f53929af770b24b66bc13938780559578eeb0fd1ce73d648513a3bd91d48f6c904ed2c67c677ab056a4850bc26255aa01c7b417d5f10d094d34794c0db611d3cfdb53341a8cc25575794af4fb958eca753f71165983fa604210f3a1f77268b554aa1a27c75b7fc80105a58d56a97d38add5142d7eb2fda80ad571621e60072aba364bdedbaa344a81eb0f909e9dda994765e0eca9641eed5bc3ec49ebd00a2bcae86d36b2b2803ab2a792ed4eec4cdf37453cb6a5e96b5c02b0e5f8f1238be122509703c76c8ba220350e601c23cea789e07d9e180da4e4818315f5d1152da73be1cf29794f7fc9d507a3c34b13fc9866add09134828208050b53c24955dae474c93e86d02c24977a03b184aa6f6ded5a79dac4f0005a10f546e4abb003a96c0cc53270b662fa574729e06586e72576d609c79290efbc361608566663b4bc7fce0ab03d5d4f2d28d2da4534ce1642388251587184c9314dfe58ab59b0a3f2013315b34366ef555fed6961b184fa7e2c5940d9f1896c8f256b989855a3c4592e37480b37a20aaa93fb94ed4590d57717c57b56e6ab906befd00af97eabec2daf4cb223cdca837951bb19da5819d55fe0ea57a5f3e8b7281dd33506229b38a60962bca98d7995b568b5155ba2dcfb1590152ebb3829ce1294eb1a8ae1a8279ea60edcfdea611f5bd6f7a5999cf1733610129fc725475ee0bbd389bd6fcc594d072cd697b971b4ad30a0668dcb8c37d3eb65062aadb37fa79b3515ee5d3e1c6ac603b94eedcc1fada68d5901ac27e1780272810dbd12c8ac1841bed75179c03db740b739a7d2e857a661c57f1c4b6c1ec63a35297100eef56c07d2422c03eb89a8a2df0f1a980da8f367eb2f60cfd3da544df5a275092241cff74df4c872ae2050f81cbf958240f05a19ea156a08ca90c420f875131eed75f50667f9a925c9913d905b32b25f514389657a93a13f24af483a10f27a674889c00df04a3461f984e250cfc500e491505a3bbfbd8cd344edd42855c91b5016f8bad1564d3a0cef0f38b1d9fa1fcbf6fdffe563bc1af7fab567ead20fef4f6ed9f35ed87055eb819cedd12b978b09e0c5cd272da9539653dcd0217a52b99ed6ec4c12939255870a34b8786914ac07895a3ca1d65e7a17cf3e73f00f0fbfff7fefd9bf76f1425fdd73fbcf9c77f5030e5bab8693146391fe5adcc854a4484be144edd2a7737b246d2225663e1ae9e1fd63d1658b5428af82a1da5933ccbb376eabad699dcf257eacfaffefdedfbbfbed1948af86d47a9d2edf2d632db1497de649b276908fabad4682b47c4b71bebf636c92d0ba799a9ef4bad95886e37caada3c1485c7333df8a6064cd6f25fd19cd9753d2ffea28ffe9877ffbdb5fde1e28c3cec7556d8c86be410ddb1feac207504e46baf6798741c80c9838c049a06187877cd1f6294db4bb519610c7b1c38440c7b6fd2f280d7f268effaaa3d449f9efdedc53fee30995e9c7faa2b4fc4147dd52cbf9cfb78fddf291588b6dc3c20e904dafdbd1cf3c6a6638591638e87c34b1c25981b9b4701604d80d4ea84f3c235c6afdeecec78d2e5c3e5238c035c76e517b7babd52fe0a3b89e0f544ae3c6bd5ee770fd5dcf8e4499455e5d7b513a08cf4ff97bfa8892d8bfff29254389401f04bcb99e93812e2d5a08040503028dcc3b1c9b7bead28d2aa44955469ab867764bfa5f6f7ef8e1e0c1e3ffafd34bfb0f7f7af3131f379a726f596b77c4d67c64f28c47fb6224ecf960deee6acb533b6636efe93e0606e866a9de029f02f9d9d8a312ca7b28ed79f67fbf7fff93d803b372c7e5685d8a6d790dafae66feaadd796036e599cf76c35978a5722ae5969ef2687fc50041deb9299f21867c819007d748d28f3ece7d55661770b84bba17519404c7cac3331548cb93205f48e994325bb985585bae57ea92864051d68e181e954b73e177948d00762b54993c5075a6e65b509249ed323f57f1877fd06d4280ca0fdc09daa9a8da36e8ee6a074cb9a70a28bac7334dbf05a5ba5e173f54c603c34372404208681812123a7729b8cecca1fad9ea04fafc4cf1ac94afa30be5f974a13c9f2e94e7d385f27cba509e4f2753268ce92c5c977b20633eb099cacc7d7ad8643e513546c620e8314681a1561df5dfe88ef86ac9beac9a762a6552e48d04341e798006a3b2f5fb0b03f44687d2dbbe6c7c28f7e59a39759347c6a62cf7628d62819a26f3f312edd65f56b13895b291f6709ff8d9a606fed40b4566ae20605ddd4b7cf0c3545eadb4e9973bb6456eeed52a1035f546945645c25ce1bc8e5b5e07ba9096c560ef3999f27a9badcde1a186c8dafe30e31552371d2f86801ad55a334d6ae2dd021fb7d41e7d69bde24b296384bafe6ddd030e0cddffb907d10a958095bbdda2eddcd2dda2063a6b74eb393bdd5e3c4468eb8354b9e5ae45b901e048e85b84355a3d13f74b29a17f6839d16e99845be9e13d701247f2feba9f1cdc524ce5600292ad19d9f67606ec70b233551412ca2d51d7ee724709423f79a6c79feae3b584c3e9646080e1dec845229afecab80f97233f6d428684cfc6a3b121b26a61fa2c4c6bdb438737bda37cbe4ea5f4b3c1da0a77aabab805c176350823a4e2f8ba8be3ef6c98598e44ab5de4948391083768b50d7648567794ef5e8b1218a1aae91814d8868a1fa101888a42d4e86a683a32a91da13e230cd53e55110aa1fa6fdfb577185f5afdf93bcf7b1e049fe132f6894d82777a06a52fc4a1eb8155c08be304d8228e0f79871f8148361100cb3856fecce2b86b1ff497f72fb05cea139320abd45288aeb5c388634f45f9388e23bd19a9150684aab52f9f6c8f3b4e199a9c57dab91c1c098c2d49a2b9c5b9be648c875e66e12264199e66940556b60e75dbd5fa9e32d30d1c0eb72c3ea18273a19c34acf066201c94e78bce06a519595640afb3718a7ed641f37c4a8c81d3ea46ac34009900f6fecaf54875a3dd688e0196201cb041655bc8c605f050058c6abebfbf78b655e7f55b000aac9bdb5ca10d7840d872d355afd0b5747009ece6aa5cb8357ab28bfc19945925cb1e2016eabab3ad75bfacfa5c1717f2b5f2321a4aeeeca559233bcb9c4c51a6adf99172b8f36d7573c72c4dcb15621753aa124debba519e93ba5d80e6413f28cde914158b17501a92d7888110eb504483b584235e5f2937823cd4bd39e52005256f64691783cc5c57d1adc06bfbde2d77432c6dab1c64d48eb98b3c89c542622ba7e0d0fca528f3c14080723e173757a753ea9e3b610399eabe1087f8ebabeb2c513e492adddd5c48a852bf7dc392bd5d9402eca51c0c56dbe89e729118aa5464770929f162000d6f84c132a734b30ef19e632324a0ace86cfb02b754e1aad27d35fa1659351e67e37ce399bb99d4dd61206b22cfa36d26e4075be6225a982af90ed6f7098f7a7262c47b750e03a45f1110aa725b1cf182d03c3e9cc23be32ef582f04594c39d8a3bebee98912394027f8090191e8a5fdae00af5c03b843c606384ba064ab9bdbf7686263c90fa9c0cf823456a71d847a854657b571e4ec973bd7c1780040d5fe296df5e17caf3e942793e5d28cfa70be5f974a13c9f2e94e7d385f27cba509e4fffdb28c327ea0324b13f7de00bf4694a886f56abf8f179d5ee662eca9b2dfef123971cccb7ab1b17f8e5ae6bf61bee752b0b910ba90e6c252172b7e8ac73b21386481da124b810719300919ac08c3a3b55ab74bc4532ac7e64e9c75c7e35c2c22deca9e9c72e20e3e6d0fbe0d4d20afca1e5a4dc4f5c1310b1e3e0743d4599dae1b59804814870d1ed9e34c0bb0620ae1f51326dd69412ca2b2a28884b90f06ad55557e9268d7a603c305904c84a00afc8ce4f696ff22ce7509bd10677662bba2344f9699c13cbbfbfb611b2a180ce55fd1fcaac34a915cc760eb32c41f4ab792e4f00c37c671b5984cf4f49377287c7a018e46cb976bb8ab7ee62187594f9fd88468cea72310466e900bbc0d202e6d6ad17956f597d82d5bdfc0d1ff7b320884081f25579921ddee7280916b2f50077943fca430b695f7731fcd8c7e5dc6a3f2420dd5060740c0ccfad8577b841202b409a89a605245567ae9273532ab70441032d9618c1c1aed2ccf7be8752294dd03cb275d3d05253a296731d97670b78b8412a2c2903986d33dee8191ef857f0f1a50748c08855a4e6c1097a782e9835c78200ec3f5cdeab08f09614d87325dd68ea589dc712cf030263b550fbb17ed1e5129caeff6d79cfd7d485f27cba509e4f17caf3e942793e5d28cfa75f3625f14f34da3e4d8e6fd8beef77c650d4f713bdf01f109ea0246699ea31d4401f21f0b0d62da061c097190e7c4a160abcdbfd5ef7bfc27830b80dfd77ebbdfbb1bffc094aa749578ca88a57e08080c744dab462e9985abeacf3c0f8f9635e289b4bd1b244bbe5a41d4317fbd328718eb9e532277c6eb73c5efb4bc678ca21c5558d4111c179fb15dc124ce5323faca5eb7e92076cf0d85eefd394618bb68b52142eca7d0b0269694a91596ece40fc92aac193ca8268b540dd541c3db42b817fbd583c0c60798ad2f2e252644b9cfbdca05c51da45c5a9dc2bca13c7957c5ed741980ad1aa6a47bf4912cbb22be1351f872c7d9ad2a9198003c16ddafa1c92cce294d6fd0cd2f66b518e641418611353d2cf43bbc10e76e84315fe09ca750f188baa8170cafc79c61d81b362dc6d02597f0dca7716c4edc0350269576e7b6dd841dbae3e56039fa88f87141047db31a8159596a98d04ea91996a13bea0f6ffb442a8678c348011029a388e8af58ef3f0a05f76def3399157cd96b43e4d6988a5587a3f6eaa8c96cb6567da125bd8009eda4a008b6ce09d34c2f109d9de525ba22d7b502c97e2e39d9f883d7c84eab90d926e22856ee691ab6d992375825d61dc48703daa5dd370a73e3b6d1ce65394169a00e05df3e4c3a06e8ee5905494d406610eedc0078176c27e3eb66b09c06c3a0362446e0585c45f73919b3f7bd44b74302a929c4d7dfbc1d0f0a970d919c75a2a5dc00c147736c6e2608003fd4d0690506f41339e9f39c6259dbd7396b1d27f3494ee7394d1885d8b105bc1ddae95be8c84abb2f441b3daa29eda57b3f3163de08d6ed10b78e86e77ab23e1f2401973390868511ffc946eba1953e02854691ba83c56bd037e964df159cb1e70ab2939b7abc8df7c9c61ebb3943d8071ead9599707109c6a7b5fb88aa28881d60b2b04706515e5e7a6ec3981724ca1a24c3216f22339a41e0ca1dcdd53a76f98b6bad4d737cad57aadb943085ddbfef50e31513a6277de0c13a289cc489e8378bbbb3956befcce74a13c9f2e94e7d385f25382bd1e03773fca7acc487a2c347a3ddffec4818ff308bd36a55f3798d6cd86d44d66e086fb71de98519ea7c9a70e7c2b4a02d5c3ee7f36b4890d21a1eaf7c903df8af2345d28cfa70be5f9f4046552afdd10724ba51c8ed8ef070e70f7e5fec6f76fd63590ebb2dcc7202c13107e767ac0672b2a1b75d7fdbeebf22f562b13d0f96afd70eb272c759aa20a9aaba600ecdaaf76027f807deb1ac7a11b577900d3412b1cf50eed8cd6fd735026e9de1f054b57d75d5239ac4663590da5fbd15ce0a9363775423ace256023dfdb03a734405833301c18206854ed49eaf7f7f3949c8712f4f7862020d7a35c3e042046e33c06d6c3043c4fb4135556bca434cf34a5b98be71baa3cb80784f2645dcecf326017fb7850fb7a1e1ae09d369fcf23996b555bc19d49d508cb60316e028917472801595ab99c351d65b5b02cc94038e875e62e7794ce60d0d47bb3abba05c14b29c55e55f8de7575c6d1c01aaec6bcc4f0985bc2c007e1aa5fa7c057e15279719175949381aa393507ca9c91b0edd7a74c44fe73c58ab23854c6aeb3d0de8eb3dc01c728eda2ce381ecb51d664b04245565a2a6cf6c0b06eb3a9e80c5af4a6b1ebcb2ce39e3c71429f4794eb83958c2d489017453dab7896ed8f9589422b9b1b005859c1405414999edc3dd08306b3ce9e6cb9ec36e1dc0156912d83eaa5949175b092490a08e22c632ac8e9e511caef4c17ca2fd5ecc999233e4de9bfd3b38c6384aa002d165fa583e767f2db4597271a7a2c1d08b35bf4e0684f5890316b1b313bb740cafdb0386f13e5a70533e1b036018095a6e711ab0aabc5911c523703023dfc11a40184e83542026536616bbf33f4545b754c8ee73d8756d60c83745a97ae23975fa1ebf127b2ad76af9b027d94730c720bcbe752a6cac74565001181af2d6805c2ece6f2c418a398af82a379cf1d2557945d23ead77749dda948a84d0848620a24c63c791e258dd1c09799ad67bc135f9f7250d6354f8437c61c4fab3eafebfa6363f85394ce12d068b9642cd261397ae144a7cf90ad7b9004ec45c0889702909eee4f3a46f97de942793e5d28cfa70be5a7c416372e45372541377ba7deaea3f976158bdd16fb9f3820bf15a53d1cce081b8e81fa117f98506738b40dc6e0a70e1ced87fcbe74a13c9f2e94e7d3132d309e528f247a6214a65685019c9e2a1c795fc5e2493f5addd98f227d7b2ad4f30061f773373d4da96d605aec5bed2087818b46039f64b949c08993651f17bff6489077b32c39a8754bc0acacce8fa444c45e9636f5b230c44b6a8f0404666be5c6d7a3a43b110486d346da4a348406e531a8d0c77acc672d2272dacd7ca367ebdbc7bafdb29b48e9ab542f505534a6d0d3d17513eca9e73acdee59f59e6065df537abb9bdd22073bfd765fc541479e8deb52dfdfdeed16b746c3ebc9f36a67714ec83de58ab13907ddd70ba3f39b051f5e9d9ab1adbfa612b1dccacae89975c8caf53cb73a506e015836e0d6625172660ba2074aa142564887856f601e708fa1e36d1b485b10dd223d0dd73babdb942e65ef16c8da7d0d1f5794d1ad7a169e93e5edfa83e13408cd8ff79676671072bf7af7236acf57893d1f9f71f790fb671fa1fcaef47d50c22303e19fa0b4e3b91edacc7417099bcf05d1634623f9c44d5ea8b068367a3ebb7937ae9e2ce7730688d0cbcf53da424a19c3907301c292f3468c1733607df82a9057584ad78341a0e78303a06f499ccf4c290bfeb1d4f0440fdfa0078cbd1fb8e661d4b827f584811f3fc2745e4d361470ce06e1f05ab70caa744f743d7cf1b196c170aa07002765c03e5461e3fb0698212cf31170be465a095855466c605adb8e721e614d69f26339a4764b9d6696e5ba2049eb36ec0ab54d3902d94b462e3f2118d73907bd925bdd476c476d36598f79cd9363798fee18a342b62c09f0b8a2b6958d77896d8db4f1fbd9d5e7da02b8574a6269caebc6ffdb76cc5d76348734b2caef732ba320c5c385108535dbda3a5c9afecf9ff2524d4a21aa848d2ce1ce4102785389721cf04a1ccd21c366bb8fbc2904554197bb1db687eb44659180c73f7fca4b25763737bb0278eb6d0bd8dea0d97627808db7bb877ec3ef23553fa60be5f974a13c9f2e94e7d385f27cba509e4f17caf3e9174de9e82f5ab09d017a7b0784d7aa84aecddbd6527f358377f34237472aa75f2cf5c8ad00f736304686d04395f5895230361356a42b45390d01c779028a45a54a974c264e667a5c78e7ee31578f74f473002b3d4f90a01aa7d323a5e0ae46118bb50fc520f44bc792a018149e2ba52ebe7bf8c5968c3f9753325aefd9830d0c386a0373a89db1fda02d5b832fe6831d55b5e302c9a09bef7f531616e87dc197669fa17020b8b566da0686abbbe7d63c785e4d97ad8374e3c2729ae57aba7c30dec629beaa0755bce573e005e7a5744b69ac1425cdb202557c6d9163b533ed966123ba4ff2c0fd509d656f2cfdd19e0ac30a05416e8373b7bd853cb3434d99a404c418f3e356a234c516b63c1dc74b636d82640df50c7c37f2aac8791d2dcb3a97defcac6e492b9ed7992da27191595369f226778fd9c0a8ca78ec181505e1922e1908631aa917536b7e1cab959e5a4ec4791d938a3876b421b411c44b40a2387ea855ffa253f5ef4c17caf3e942793e5d28cfa70be5f974a13c9f2e94e7d385f27cba509e4f17caf3e942793e5d28cfa70be5f974a13c9f2e94e7d385f2131a0ab3dfcd713856d256cae6448e8f1bc1bf32e53fbf7dfbdb5f2bb8abf76ae5576ae537bf7df3fe1f8e5ef6ca947f7cf3a73ffc9382fd97f76fdebf5194e0777f78ffc3eb5086a212be031c486704388052fb61ba51f263fbf63fbefdab5afee58737bffdd7371d25f8fd0faf44c9d6a8959860e1bb8eed428fbb4408b5df960e6cfa7c30a904c4872ffafef3dbdf28febffdf9377ff9dbdb03a5f1c3bff45e851278887a9c7029503543f11221d3d52335204f67286b83d5b48083c36417fff1465382990de8ffb9a7fce1b8b5e49928412f4ff280aff2316a33b4b8ebe88c7792f365b8461f290f6ea9f52ddc92442bbccb722f1ba2dd6a714fa982829379ce23ca3f7e82f295c2a5a6f472984ff7b28d775c3965dd755702827780ff84f2afbf3f60daffd951daaf167b808f488f93cce5c17a5d46b70b94e487412fc108e4f1788df0838ffff0a75f776b7ffbf72ebdfcb73fbd7f451ff738e5d30004680f03a482e920bca34c57ed62eef6070763caff78fffecd81f260e14f7ff3e6fd6bc51e4780b04f3c1102262cd08b3149d2ee96ac028642847cc05fd469f94a79cf0bbb2c9f4d4908798539189ed0b329ad417628bb40573e32b4868fbe11b8ec4ea004dccd7a3b83f0b04680fdf80dbffc6d9f4d695c0bd268db65564e65856d0fdb13cb070213d3a1577a8eaf1859c624a49881bc83f33757180d274d38435ed4cda4e0af32ca8309caf5071daeeb216ffca504137eb4e8f66c4a38f2bc4c7fea8c8ddc7c8b709b47797d65ede7f836937b6d15900f6d96bf23a5b8a3d41395e589df86791979ad7e8455727f9b59187b7dd15fe5d5556345191dbae7a48ca279a34702ee78b14773be11f530cc7180b7f3accb6a72cf8938a2b5a2ec8a16c112f81c3037d973a18dcaf5bcd88d396aaa6d23acc2bca923b3656140617ef4ab72cfa6a4a9432d4ba527a1f465edb2200fe32b5a4da5bc8d654769ae036f84a84ad0eb8ed2e7546c540071e2db40c43a307ad366b85fc9dd9411305cf174846118d8707ad436e9f929918ae28759ba29208601a8d14dbd1eda90d9f6e17a06c924d28318fcc340b03e347c004d48cc8979f8a29c3f0191709ac0d69f4dcc8678ea4393d2ea7c3efe4d7522a5416878979bc0875cc5fe711a437f9afc50fbc41ce8444a6cfaf9dd9064f9315451f321212509a1d5a3a121be0f92446069c3e509a42752f2417f60b0ae308323723f841a12157a0ff73236069d3e1a382902500538e2510f5dbd1ee50dae71eb0a2079394947878f925061847993e97485a6db7a92f30a8280772eea6150cde7c009d3fc0453be532957bc0e12c6c588b69c87dd34f8c0c62cb9055e37b8c6ce12da6cf000f36a04ef287bc5076acbe10913b29f4a39456dead68d4c81c507d6feea9ed205acb3d2b33348738f343566fc8e321030a85976caa7214ea56c566569b25a624de9c9c794927494b6ad0204e7b5a8e881325dda60938fca13c6f99e1ac7ab2cb36aecf6736b906e82b26bfbb10b964c955b7689ce6609b9ca2badccdb68b713352c02cbcf4698e12f1ffc792225b44348fdbe6f87fd3e1c578769e9c810da15080f29531f8f4d9f5434fdd0d525a8b52d8ccc6d4504cc2f9fc4eef5f29e97583bff5de790afac0be5f974a13c9f7e7994fedcfb4e259a074a22b03b70bf47b5f28112e82e0eb3ff5dca7c4449e195dafe3e75f550c1b2af86df9ae6094dc60f0501185e0dfb43f3f06fa2d6fa93893a63d23787fd89f90d0f0cafe0e3363463361b5f5d8def7e57e1a39ff38d0ee83f33f8a3123e8110dab6fdc9df373a70d87ffe54f8a28bcea5ff0131394cfab48b5ea10000000049454e44ae426082, 0001),
(0000030, 'others(oncall makeup arti', '5000.00', '2018-03-22', '', '', 0002);

-- --------------------------------------------------------

--
-- Table structure for table `payments`
--

DROP TABLE IF EXISTS `payments`;
CREATE TABLE IF NOT EXISTS `payments` (
  `paymentID` int(7) UNSIGNED ZEROFILL NOT NULL AUTO_INCREMENT,
  `clientID` int(7) UNSIGNED ZEROFILL NOT NULL,
  `eventID` int(7) UNSIGNED ZEROFILL DEFAULT NULL,
  `transactionID` int(7) UNSIGNED ZEROFILL DEFAULT NULL,
  `employeeID` int(4) UNSIGNED ZEROFILL NOT NULL,
  `date` date NOT NULL,
  `time` time NOT NULL,
  `amount` decimal(10,2) UNSIGNED NOT NULL DEFAULT '0.00',
  PRIMARY KEY (`paymentID`),
  KEY `clientID` (`clientID`),
  KEY `eventID` (`eventID`),
  KEY `transactionID` (`transactionID`),
  KEY `employeeID` (`employeeID`)
) ENGINE=InnoDB AUTO_INCREMENT=32 DEFAULT CHARSET=latin1;

--
-- Dumping data for table `payments`
--

INSERT INTO `payments` (`paymentID`, `clientID`, `eventID`, `transactionID`, `employeeID`, `date`, `time`, `amount`) VALUES
(0000001, 0000001, 0000001, NULL, 0002, '2017-11-25', '10:25:00', '50000.00'),
(0000002, 0000001, 0000001, NULL, 0002, '2017-12-20', '16:17:00', '150000.00'),
(0000003, 0000001, 0000001, NULL, 0002, '2018-02-08', '18:00:00', '150000.00'),
(0000005, 0000001, NULL, 0000002, 0002, '2018-07-01', '08:30:00', '12100.00'),
(0000006, 0000001, NULL, 0000001, 0002, '2018-07-09', '10:00:00', '6500.00'),
(0000007, 0000002, NULL, 0000003, 0002, '2018-03-28', '09:00:00', '5500.00'),
(0000008, 0000003, NULL, 0000004, 0002, '2018-12-07', '16:00:00', '2500.00'),
(0000009, 0000004, NULL, 0000005, 0002, '2018-10-20', '16:00:00', '14000.00'),
(0000010, 0000006, NULL, 0000007, 0002, '2018-10-16', '19:00:00', '50000.00'),
(0000011, 0000008, NULL, 0000008, 0002, '2018-05-19', '09:00:00', '1000.00'),
(0000012, 0000009, NULL, 0000009, 0002, '2018-12-25', '15:00:00', '14500.00'),
(0000013, 0000010, NULL, 0000010, 0002, '2018-05-20', '12:00:00', '132000.00'),
(0000014, 0000011, NULL, 0000011, 0002, '2018-09-20', '11:00:00', '75000.00'),
(0000015, 0000012, NULL, 0000012, 0002, '2018-07-03', '17:15:00', '20000.00'),
(0000016, 0000013, NULL, 0000013, 0002, '2018-08-24', '12:00:00', '10000.00'),
(0000017, 0000005, NULL, 0000014, 0002, '2018-03-04', '15:00:00', '15000.00'),
(0000018, 0000019, NULL, 0000015, 0002, '2018-02-15', '11:00:00', '450.00'),
(0000019, 0000015, NULL, 0000016, 0002, '2018-02-15', '09:00:00', '450.00'),
(0000020, 0000004, NULL, 0000017, 0002, '2018-03-04', '15:00:00', '15000.00'),
(0000021, 0000001, 0000001, NULL, 0002, '2018-02-28', '11:00:00', '25000.00'),
(0000022, 0000012, 0000009, NULL, 0002, '2018-01-16', '09:00:00', '10000.00'),
(0000023, 0000003, 0000021, NULL, 0002, '2018-04-02', '14:00:00', '200000.00'),
(0000024, 0000026, 0000022, NULL, 0002, '2018-03-04', '11:00:00', '10000.00'),
(0000027, 0000014, 0000023, NULL, 0002, '2018-06-15', '09:00:00', '1500000.00'),
(0000028, 0000002, 0000026, NULL, 0002, '2018-05-18', '10:00:00', '7500.00'),
(0000029, 0000001, 0000001, NULL, 0001, '2018-03-15', '11:00:00', '15000.00'),
(0000030, 0000001, 0000001, NULL, 0001, '2018-03-20', '11:00:00', '10000.00'),
(0000031, 0000001, 0000001, NULL, 0002, '2018-03-20', '00:00:00', '60000.00');

-- --------------------------------------------------------

--
-- Table structure for table `services`
--

DROP TABLE IF EXISTS `services`;
CREATE TABLE IF NOT EXISTS `services` (
  `serviceID` int(7) UNSIGNED ZEROFILL NOT NULL AUTO_INCREMENT,
  `serviceName` varchar(25) NOT NULL,
  `description` varchar(50) NOT NULL,
  `status` varchar(10) NOT NULL,
  PRIMARY KEY (`serviceID`)
) ENGINE=InnoDB AUTO_INCREMENT=15 DEFAULT CHARSET=latin1;

--
-- Dumping data for table `services`
--

INSERT INTO `services` (`serviceID`, `serviceName`, `description`, `status`) VALUES
(0000001, 'Attire Rental', 'Rental of Attires', 'inactive'),
(0000002, 'Make-Up Services', 'Availing service of make-up', 'active'),
(0000003, 'Venue Dress Up', 'Dressing up the venue', 'active'),
(0000004, 'Photography Service', 'Availing of photography service', 'inactive'),
(0000005, 'Soiree', 'Make everything fancy', 'inactive'),
(0000006, 'Video Coverage', 'Video Coverage', 'active'),
(0000007, 'Floral Entourage', 'Floral Entourage', 'active'),
(0000008, 'Sign Frame', 'Sign Frames', 'active'),
(0000009, 'Tokens', 'Wedding Tokens', 'inactive'),
(0000010, 'Invitations', 'Print event invitations', 'inactive'),
(0000011, 'Doves', 'Doves', 'inactive'),
(0000012, 'Tool Rental', 'Tool Rental', 'active'),
(0000013, 'Catering Utensils Rental', 'Catering Utensils Rental', 'active'),
(0000014, 'Location Recervation', '', 'active');

-- --------------------------------------------------------

--
-- Table structure for table `theme`
--

DROP TABLE IF EXISTS `theme`;
CREATE TABLE IF NOT EXISTS `theme` (
  `themeID` int(7) UNSIGNED ZEROFILL NOT NULL AUTO_INCREMENT,
  `themeName` varchar(45) DEFAULT NULL,
  `themeDesc` varchar(45) DEFAULT NULL,
  PRIMARY KEY (`themeID`)
) ENGINE=InnoDB AUTO_INCREMENT=5 DEFAULT CHARSET=latin1;

--
-- Dumping data for table `theme`
--

INSERT INTO `theme` (`themeID`, `themeName`, `themeDesc`) VALUES
(0000003, 'Cosplay', 'Animu'),
(0000004, 'Chocolate', 'chukulit');

-- --------------------------------------------------------

--
-- Table structure for table `themedecor`
--

DROP TABLE IF EXISTS `themedecor`;
CREATE TABLE IF NOT EXISTS `themedecor` (
  `themeID` int(7) UNSIGNED ZEROFILL NOT NULL,
  `decorID` int(7) UNSIGNED ZEROFILL NOT NULL,
  PRIMARY KEY (`themeID`,`decorID`),
  KEY `fk_td_decorID` (`decorID`)
) ENGINE=InnoDB DEFAULT CHARSET=latin1;

--
-- Dumping data for table `themedecor`
--

INSERT INTO `themedecor` (`themeID`, `decorID`) VALUES
(0000003, 0000033),
(0000003, 0000034),
(0000003, 0000035),
(0000004, 0000036);

-- --------------------------------------------------------

--
-- Table structure for table `themedesign`
--

DROP TABLE IF EXISTS `themedesign`;
CREATE TABLE IF NOT EXISTS `themedesign` (
  `themeID` int(7) UNSIGNED ZEROFILL NOT NULL,
  `designID` int(7) UNSIGNED ZEROFILL NOT NULL,
  PRIMARY KEY (`themeID`,`designID`),
  KEY `fk_tde_designID` (`designID`)
) ENGINE=InnoDB DEFAULT CHARSET=latin1;

--
-- Dumping data for table `themedesign`
--

INSERT INTO `themedesign` (`themeID`, `designID`) VALUES
(0000003, 0000066),
(0000003, 0000067),
(0000003, 0000068),
(0000004, 0000069),
(0000004, 0000070);

-- --------------------------------------------------------

--
-- Table structure for table `transactiondecors`
--

DROP TABLE IF EXISTS `transactiondecors`;
CREATE TABLE IF NOT EXISTS `transactiondecors` (
  `transactionID` int(7) UNSIGNED ZEROFILL NOT NULL,
  `decorID` int(7) UNSIGNED ZEROFILL NOT NULL,
  `quantity` int(4) NOT NULL,
  PRIMARY KEY (`transactionID`,`decorID`),
  KEY `transactionID` (`transactionID`),
  KEY `decorID` (`decorID`)
) ENGINE=InnoDB DEFAULT CHARSET=latin1;

--
-- Dumping data for table `transactiondecors`
--

INSERT INTO `transactiondecors` (`transactionID`, `decorID`, `quantity`) VALUES
(0000003, 0000001, 20),
(0000005, 0000017, 300),
(0000006, 0000026, 200),
(0000009, 0000025, 200),
(0000010, 0000013, 150),
(0000010, 0000020, 10),
(0000012, 0000019, 50);

-- --------------------------------------------------------

--
-- Table structure for table `transactiondesign`
--

DROP TABLE IF EXISTS `transactiondesign`;
CREATE TABLE IF NOT EXISTS `transactiondesign` (
  `transactionID` int(7) UNSIGNED ZEROFILL NOT NULL,
  `designID` int(7) UNSIGNED ZEROFILL NOT NULL,
  `quantity` int(4) NOT NULL,
  PRIMARY KEY (`transactionID`,`designID`),
  KEY `transactionID` (`transactionID`),
  KEY `designID` (`designID`)
) ENGINE=InnoDB DEFAULT CHARSET=latin1;

--
-- Dumping data for table `transactiondesign`
--

INSERT INTO `transactiondesign` (`transactionID`, `designID`, `quantity`) VALUES
(0000001, 0000003, 3),
(0000002, 0000002, 3),
(0000004, 0000015, 2),
(0000010, 0000009, 10);

-- --------------------------------------------------------

--
-- Table structure for table `transactiondetails`
--

DROP TABLE IF EXISTS `transactiondetails`;
CREATE TABLE IF NOT EXISTS `transactiondetails` (
  `transactionID` int(7) UNSIGNED ZEROFILL NOT NULL,
  `serviceID` int(7) UNSIGNED ZEROFILL NOT NULL,
  `quantity` int(7) NOT NULL,
  `amount` int(10) NOT NULL,
  PRIMARY KEY (`transactionID`,`serviceID`),
  KEY `fk_tradtls_serviceID_idx` (`serviceID`)
) ENGINE=InnoDB DEFAULT CHARSET=latin1;

--
-- Dumping data for table `transactiondetails`
--

INSERT INTO `transactiondetails` (`transactionID`, `serviceID`, `quantity`, `amount`) VALUES
(0000001, 0000001, 4, 1500),
(0000001, 0000002, 3, 600),
(0000001, 0000007, 1, 10000),
(0000002, 0000001, 10, 1500),
(0000002, 0000011, 2, 5000),
(0000003, 0000003, 1, 5000),
(0000003, 0000010, 10, 500),
(0000004, 0000001, 7, 2500),
(0000005, 0000003, 0, 3000),
(0000005, 0000005, 1, 10000),
(0000005, 0000013, 15, 1000),
(0000006, 0000003, 1, 13000),
(0000007, 0000004, 1, 50000),
(0000008, 0000008, 1, 1000),
(0000009, 0000002, 30, 50000),
(0000009, 0000008, 0, 0),
(0000009, 0000012, 0, 0),
(0000009, 0000013, 20, 3000),
(0000010, 0000001, 50, 50000),
(0000010, 0000002, 100, 10000),
(0000010, 0000003, 1, 30000),
(0000010, 0000004, 1, 2500),
(0000010, 0000006, 1, 2500),
(0000010, 0000007, 1, 10000),
(0000010, 0000008, 1, 5000),
(0000010, 0000009, 500, 5000),
(0000010, 0000010, 100, 1000),
(0000010, 0000011, 6, 1000),
(0000010, 0000012, 100, 10000),
(0000010, 0000013, 500, 5000),
(0000011, 0000005, 1, 25000),
(0000011, 0000006, 1, 50000),
(0000012, 0000003, 1, 20000),
(0000013, 0000013, 100, 10000),
(0000014, 0000006, 1, 15000),
(0000015, 0000002, 1, 450),
(0000016, 0000002, 1, 450),
(0000017, 0000002, 3, 1800),
(0000017, 0000004, 1, 10000),
(0000017, 0000011, 5, 3200);

-- --------------------------------------------------------

--
-- Table structure for table `transactions`
--

DROP TABLE IF EXISTS `transactions`;
CREATE TABLE IF NOT EXISTS `transactions` (
  `transactionID` int(7) UNSIGNED ZEROFILL NOT NULL AUTO_INCREMENT,
  `clientID` int(7) UNSIGNED ZEROFILL NOT NULL,
  `time` time DEFAULT NULL,
  `dateAvail` date DEFAULT NULL,
  `homeAddress` varchar(50) DEFAULT NULL,
  `IDType` varchar(15) DEFAULT NULL,
  `yearAndSection` varchar(15) DEFAULT NULL,
  `school` varchar(35) DEFAULT NULL,
  `depositAmt` double DEFAULT NULL,
  `employeeID` int(4) UNSIGNED ZEROFILL DEFAULT NULL,
  `totalAmount` decimal(10,2) UNSIGNED DEFAULT NULL,
  `transactionstatus` enum('on-going','finished','cancelled','') DEFAULT NULL,
  `cancelledDate` date DEFAULT NULL,
  PRIMARY KEY (`transactionID`),
  KEY `clientID` (`clientID`),
  KEY `employeeID` (`employeeID`)
) ENGINE=InnoDB AUTO_INCREMENT=19 DEFAULT CHARSET=latin1;

--
-- Dumping data for table `transactions`
--

INSERT INTO `transactions` (`transactionID`, `clientID`, `time`, `dateAvail`, `homeAddress`, `IDType`, `yearAndSection`, `school`, `depositAmt`, `employeeID`, `totalAmount`, `transactionstatus`, `cancelledDate`) VALUES
(0000001, 0000001, '10:30:00', '2018-07-01', '#5 BNG St. Baguio City', 'Government ID', '', '', NULL, 0001, '12100.00', 'finished', NULL),
(0000002, 0000001, '10:25:00', '2018-07-08', '#5 BNG St. Baguio City', 'Government ID', '', '', NULL, 0001, '6500.00', 'finished', NULL),
(0000003, 0000002, '08:21:00', '2018-03-27', '#9 Blk. 8 FTG St. Baguio City', 'School ID', '3-C', 'Magsaysay National Highschool', NULL, 0001, '5500.00', 'cancelled', '2017-03-28'),
(0000004, 0000003, '15:23:00', '2018-12-06', '#7 BLH St. Baguio City', 'Government ID', '', '', NULL, 0001, '2500.00', 'on-going', NULL),
(0000005, 0000004, '17:23:00', '2018-10-19', '#78 ASR St. La Trinidad, Benguet', 'Government ID', '', '', NULL, 0001, '14000.00', 'cancelled', '2018-10-20'),
(0000006, 0000005, '10:19:00', '2018-02-04', 'Acop, Tublay, Benguet', 'Government ID', '', '', NULL, 0002, '13000.00', 'finished', NULL),
(0000007, 0000006, '18:22:00', '2018-10-15', '#34 YWE St. La Trinidad, Benguet', 'Student ID', '1-A', 'Baguio City High', NULL, 0001, '50000.00', 'finished', NULL),
(0000008, 0000008, '08:47:00', '2018-05-18', '#45 POI St. La Trinidad, Benguet', 'Government ID', '4-D', 'Magsaysay National Highschool', NULL, 0001, '1000.00', 'finished', NULL),
(0000009, 0000009, '14:14:00', '2018-12-14', '#39 RTT St. La Trinidad, Benguet', 'Government ID', '', '', NULL, 0001, '14500.00', 'on-going', NULL),
(0000010, 0000010, '11:16:00', '2018-05-19', 'Bauko, Mt. Province', 'Government ID', '', '', NULL, 0001, '132000.00', 'finished', NULL),
(0000011, 0000011, '10:49:00', '2018-09-19', '#94 HBN St. La Trinidad, Benguet', 'Student ID', '2-B', 'Magsaysay National Highschool', NULL, 0001, '75000.00', 'on-going', NULL),
(0000012, 0000012, '17:11:00', '2018-07-02', 'Atok, Benguet', 'Government ID', '', '', NULL, 0001, '20000.00', 'finished', NULL),
(0000013, 0000013, '11:37:00', '2018-08-23', '#73 QOP St. La Trinidad, Benguet', 'School ID', '4-D', 'Baguio City High', NULL, 0001, '10000.00', 'finished', NULL),
(0000014, 0000005, '14:00:00', '2018-03-03', 'Bakakeng', 'Government ID', NULL, NULL, NULL, 0001, '15000.00', 'cancelled', '2017-03-04'),
(0000015, 0000019, '10:00:00', '2018-02-14', 'Quezon Hill', 'School ID', '3-B', 'abc elementary school', NULL, 0001, '450.00', 'finished', NULL),
(0000016, 0000015, '08:00:00', '2018-02-14', 'Quirino Hill', 'School ID', '3-B', 'abc elementary school', NULL, 0001, '450.00', 'finished', NULL),
(0000017, 0000004, '14:00:00', '2018-03-03', 'Guisad', 'government ID', NULL, NULL, NULL, 0001, '15000.00', 'on-going', NULL),
(0000018, 0000019, NULL, NULL, NULL, NULL, NULL, NULL, NULL, 0001, NULL, 'on-going', NULL);

--
-- Constraints for dumped tables
--

--
-- Constraints for table `appointments`
--
ALTER TABLE `appointments`
  ADD CONSTRAINT `fk_app_employeeID` FOREIGN KEY (`employeeID`) REFERENCES `employees` (`employeeID`) ON UPDATE CASCADE,
  ADD CONSTRAINT `fk_app_eventID` FOREIGN KEY (`eventID`) REFERENCES `events` (`eventID`),
  ADD CONSTRAINT `fk_app_transactionID` FOREIGN KEY (`transactionID`) REFERENCES `transactions` (`transactionID`);

--
-- Constraints for table `entourage`
--
ALTER TABLE `entourage`
  ADD CONSTRAINT `fk_ent_eventID` FOREIGN KEY (`eventID`) REFERENCES `events` (`eventID`);

--
-- Constraints for table `entouragedetails`
--
ALTER TABLE `entouragedetails`
  ADD CONSTRAINT `fk_ed_designID` FOREIGN KEY (`designID`) REFERENCES `designs` (`designID`) ON DELETE CASCADE ON UPDATE CASCADE,
  ADD CONSTRAINT `fk_ed_entourageID` FOREIGN KEY (`entourageID`) REFERENCES `entourage` (`entourageID`) ON DELETE CASCADE ON UPDATE CASCADE;

--
-- Constraints for table `eventdecors`
--
ALTER TABLE `eventdecors`
  ADD CONSTRAINT `fk_ed_decorID` FOREIGN KEY (`decorID`) REFERENCES `decors` (`decorsID`) ON DELETE CASCADE ON UPDATE CASCADE,
  ADD CONSTRAINT `fk_ed_eventID` FOREIGN KEY (`eventID`) REFERENCES `events` (`eventID`);

--
-- Constraints for table `eventdesigns`
--
ALTER TABLE `eventdesigns`
  ADD CONSTRAINT `fk_evdes_designID` FOREIGN KEY (`designID`) REFERENCES `designs` (`designID`) ON DELETE CASCADE ON UPDATE CASCADE,
  ADD CONSTRAINT `fk_evdes_eventID` FOREIGN KEY (`eventID`) REFERENCES `events` (`eventID`);

--
-- Constraints for table `events`
--
ALTER TABLE `events`
  ADD CONSTRAINT `fk_ev_clientID` FOREIGN KEY (`clientID`) REFERENCES `clients` (`clientID`),
  ADD CONSTRAINT `fk_ev_employeeID` FOREIGN KEY (`employeeID`) REFERENCES `employees` (`employeeID`);

--
-- Constraints for table `eventservices`
--
ALTER TABLE `eventservices`
  ADD CONSTRAINT `fk_es_eventID` FOREIGN KEY (`eventID`) REFERENCES `events` (`eventID`),
  ADD CONSTRAINT `fk_es_serviceID` FOREIGN KEY (`serviceID`) REFERENCES `services` (`serviceID`) ON DELETE CASCADE ON UPDATE CASCADE;

--
-- Constraints for table `eventstaff`
--
ALTER TABLE `eventstaff`
  ADD CONSTRAINT `fk_evsta_employeeID` FOREIGN KEY (`employeeID`) REFERENCES `employees` (`employeeID`) ON UPDATE CASCADE,
  ADD CONSTRAINT `fk_evsta_eventID` FOREIGN KEY (`eventID`) REFERENCES `events` (`eventID`);

--
-- Constraints for table `eventthemes`
--
ALTER TABLE `eventthemes`
  ADD CONSTRAINT `fk_et_eventID` FOREIGN KEY (`eventID`) REFERENCES `events` (`eventID`),
  ADD CONSTRAINT `fk_et_themeID` FOREIGN KEY (`themeID`) REFERENCES `theme` (`themeID`) ON DELETE CASCADE ON UPDATE CASCADE;

--
-- Constraints for table `expenses`
--
ALTER TABLE `expenses`
  ADD CONSTRAINT `fk_exp_employeeID` FOREIGN KEY (`employeeID`) REFERENCES `employees` (`employeeID`);

--
-- Constraints for table `payments`
--
ALTER TABLE `payments`
  ADD CONSTRAINT `fk_pay_clientID` FOREIGN KEY (`clientID`) REFERENCES `clients` (`clientID`),
  ADD CONSTRAINT `fk_pay_employeeID` FOREIGN KEY (`employeeID`) REFERENCES `employees` (`employeeID`),
  ADD CONSTRAINT `fk_pay_eventID` FOREIGN KEY (`eventID`) REFERENCES `events` (`eventID`),
  ADD CONSTRAINT `fk_pay_transactionID` FOREIGN KEY (`transactionID`) REFERENCES `transactions` (`transactionID`);

--
-- Constraints for table `themedecor`
--
ALTER TABLE `themedecor`
  ADD CONSTRAINT `fk_td_decorID` FOREIGN KEY (`decorID`) REFERENCES `decors` (`decorsID`) ON DELETE CASCADE ON UPDATE CASCADE,
  ADD CONSTRAINT `fk_td_themeID` FOREIGN KEY (`themeID`) REFERENCES `theme` (`themeID`);

--
-- Constraints for table `themedesign`
--
ALTER TABLE `themedesign`
  ADD CONSTRAINT `fk_tde_designID` FOREIGN KEY (`designID`) REFERENCES `designs` (`designID`) ON DELETE CASCADE ON UPDATE CASCADE,
  ADD CONSTRAINT `fk_tde_themeID` FOREIGN KEY (`themeID`) REFERENCES `theme` (`themeID`);

--
-- Constraints for table `transactiondecors`
--
ALTER TABLE `transactiondecors`
  ADD CONSTRAINT `fk_tde_decorID` FOREIGN KEY (`decorID`) REFERENCES `decors` (`decorsID`),
  ADD CONSTRAINT `fk_tde_transactionID` FOREIGN KEY (`transactionID`) REFERENCES `transactions` (`transactionID`);

--
-- Constraints for table `transactiondesign`
--
ALTER TABLE `transactiondesign`
  ADD CONSTRAINT `fk_td_designID` FOREIGN KEY (`designID`) REFERENCES `designs` (`designID`),
  ADD CONSTRAINT `fk_td_transactionID` FOREIGN KEY (`transactionID`) REFERENCES `transactions` (`transactionID`);

--
-- Constraints for table `transactiondetails`
--
ALTER TABLE `transactiondetails`
  ADD CONSTRAINT `fk_trd_serviceID` FOREIGN KEY (`serviceID`) REFERENCES `services` (`serviceID`),
  ADD CONSTRAINT `fk_trd_transactionID` FOREIGN KEY (`transactionID`) REFERENCES `transactions` (`transactionID`);

--
-- Constraints for table `transactions`
--
ALTER TABLE `transactions`
  ADD CONSTRAINT `fk_tr_clientID` FOREIGN KEY (`clientID`) REFERENCES `clients` (`clientID`),
  ADD CONSTRAINT `fk_tr_employeeID` FOREIGN KEY (`employeeID`) REFERENCES `employees` (`employeeID`);
COMMIT;

/*!40101 SET CHARACTER_SET_CLIENT=@OLD_CHARACTER_SET_CLIENT */;
/*!40101 SET CHARACTER_SET_RESULTS=@OLD_CHARACTER_SET_RESULTS */;
/*!40101 SET COLLATION_CONNECTION=@OLD_COLLATION_CONNECTION */;
